stage,fold,train_subjects,val_subject,test_subject,val_accuracy,val_macro_f1,val_balanced_accuracy,test_accuracy,test_macro_f1,test_balanced_accuracy,n_features
exercise_mode_baseline,1,tsenyu0515workout|yanz0510workout|yoru0511workout|yushuan0513workout|ziho0512workout,hsianshun0514workout,haoyu0512workout,0.3383458646616541,0.10112359550561797,0.2,0.3633217993079585,0.10659898477157362,0.2,0
progression_kg__balanced_logistic_C0.1,1,tsenyu0515workout|yanz0510workout|yoru0511workout|yushuan0513workout|ziho0512workout,hsianshun0514workout,haoyu0512workout,0.556390977443609,0.5747851074462769,0.6390810359231411,0.4290657439446367,0.4563882440694035,0.5457417582417582,4
progression_kg__balanced_logistic_C1,1,tsenyu0515workout|yanz0510workout|yoru0511workout|yushuan0513workout|ziho0512workout,hsianshun0514workout,haoyu0512workout,0.5601503759398496,0.595683370587089,0.6384502923976608,0.43944636678200694,0.4659279771293664,0.5466483516483517,4
progression_kg__extra_trees_depth4,1,tsenyu0515workout|yanz0510workout|yoru0511workout|yushuan0513workout|ziho0512workout,hsianshun0514workout,haoyu0512workout,0.4774436090225564,0.4669198255095222,0.614469507101086,0.42560553633217996,0.42705026563425597,0.5615476190476191,4
progression_kg__extra_trees_depth6,1,tsenyu0515workout|yanz0510workout|yoru0511workout|yushuan0513workout|ziho0512workout,hsianshun0514workout,haoyu0512workout,0.518796992481203,0.5168763464360755,0.6348913951545531,0.45674740484429066,0.46579873065280175,0.5696703296703297,4
progression_kg__rf_depth5,1,tsenyu0515workout|yanz0510workout|yoru0511workout|yushuan0513workout|ziho0512workout,hsianshun0514workout,haoyu0512workout,0.5075187969924813,0.5253119890799887,0.5803049289891395,0.532871972318339,0.5646683597539999,0.6051785714285713,4
progression_kg_motion__balanced_logistic_C0.1,1,tsenyu0515workout|yanz0510workout|yoru0511workout|yushuan0513workout|ziho0512workout,hsianshun0514workout,haoyu0512workout,0.5263157894736842,0.5514289038285058,0.6181954887218046,0.42560553633217996,0.44651009873626935,0.5351465201465201,9
progression_kg_motion__balanced_logistic_C1,1,tsenyu0515workout|yanz0510workout|yoru0511workout|yushuan0513workout|ziho0512workout,hsianshun0514workout,haoyu0512workout,0.5338345864661654,0.571928637312278,0.622297410192147,0.4359861591695502,0.45902590634516727,0.5423397435897436,9
progression_kg_motion__extra_trees_depth4,1,tsenyu0515workout|yanz0510workout|yoru0511workout|yushuan0513workout|ziho0512workout,hsianshun0514workout,haoyu0512workout,0.5037593984962406,0.49320204567323966,0.6331328320802005,0.40484429065743943,0.40580060145561586,0.5387591575091575,9
progression_kg_motion__extra_trees_depth6,1,tsenyu0515workout|yanz0510workout|yoru0511workout|yushuan0513workout|ziho0512workout,hsianshun0514workout,haoyu0512workout,0.5375939849624061,0.5298608840942937,0.6504469507101087,0.4602076124567474,0.4659295953949189,0.573228021978022,9
progression_kg_motion__rf_depth5,1,tsenyu0515workout|yanz0510workout|yoru0511workout|yushuan0513workout|ziho0512workout,hsianshun0514workout,haoyu0512workout,0.5037593984962406,0.5330631863318488,0.5738805346700083,0.5640138408304498,0.5900836010079707,0.6226510989010989,9
progression_kg_drift__balanced_logistic_C0.1,1,tsenyu0515workout|yanz0510workout|yoru0511workout|yushuan0513workout|ziho0512workout,hsianshun0514workout,haoyu0512workout,0.5413533834586466,0.5505682364925624,0.6079448621553885,0.44982698961937717,0.4682767770732325,0.5631227106227106,8
progression_kg_drift__balanced_logistic_C1,1,tsenyu0515workout|yanz0510workout|yoru0511workout|yushuan0513workout|ziho0512workout,hsianshun0514workout,haoyu0512workout,0.5451127819548872,0.5552502213490103,0.6023266499582288,0.4844290657439446,0.5015633115832864,0.5811126373626374,8
progression_kg_drift__extra_trees_depth4,1,tsenyu0515workout|yanz0510workout|yoru0511workout|yushuan0513workout|ziho0512workout,hsianshun0514workout,haoyu0512workout,0.49624060150375937,0.4849130526777586,0.6301461988304095,0.4117647058823529,0.41254856651083066,0.5527380952380953,8
progression_kg_drift__extra_trees_depth6,1,tsenyu0515workout|yanz0510workout|yoru0511workout|yushuan0513workout|ziho0512workout,hsianshun0514workout,haoyu0512workout,0.5413533834586466,0.5343757863259915,0.6509231411862991,0.47058823529411764,0.47680153851600887,0.5790750915750915,8
progression_kg_drift__rf_depth5,1,tsenyu0515workout|yanz0510workout|yoru0511workout|yushuan0513workout|ziho0512workout,hsianshun0514workout,haoyu0512workout,0.4774436090225564,0.5068766349515013,0.5596616541353383,0.5813148788927336,0.601871952530216,0.642651098901099,8
all_numeric_compact__balanced_logistic_C0.1,1,tsenyu0515workout|yanz0510workout|yoru0511workout|yushuan0513workout|ziho0512workout,hsianshun0514workout,haoyu0512workout,0.5112781954887218,0.520239585974131,0.5994862155388472,0.45674740484429066,0.46905013125366357,0.5573580586080585,20
all_numeric_compact__balanced_logistic_C1,1,tsenyu0515workout|yanz0510workout|yoru0511workout|yushuan0513workout|ziho0512workout,hsianshun0514workout,haoyu0512workout,0.4924812030075188,0.5021854763410741,0.5813533834586466,0.4602076124567474,0.481934926912343,0.5694322344322345,20
all_numeric_compact__extra_trees_depth4,1,tsenyu0515workout|yanz0510workout|yoru0511workout|yushuan0513workout|ziho0512workout,hsianshun0514workout,haoyu0512workout,0.4548872180451128,0.445633843909662,0.5993901420217209,0.40484429065743943,0.41112746248358717,0.5514423076923076,20
all_numeric_compact__extra_trees_depth6,1,tsenyu0515workout|yanz0510workout|yoru0511workout|yushuan0513workout|ziho0512workout,hsianshun0514workout,haoyu0512workout,0.5,0.49800714689590403,0.629298245614035,0.45674740484429066,0.46240659171410237,0.5724908424908425,20
all_numeric_compact__rf_depth5,1,tsenyu0515workout|yanz0510workout|yoru0511workout|yushuan0513workout|ziho0512workout,hsianshun0514workout,haoyu0512workout,0.462406015037594,0.492506268859705,0.5709732664995822,0.5086505190311419,0.5274851005410643,0.5823397435897436,20
exercise_mode_baseline,2,haoyu0512workout|yanz0510workout|yoru0511workout|yushuan0513workout|ziho0512workout,tsenyu0515workout,hsianshun0514workout,0.35231316725978645,0.1267930137495355,0.19931389365351632,0.29699248120300753,0.10494565217391305,0.17825396825396825,0
progression_kg__balanced_logistic_C0.1,2,haoyu0512workout|yanz0510workout|yoru0511workout|yushuan0513workout|ziho0512workout,tsenyu0515workout,hsianshun0514workout,0.3665480427046263,0.35423071490368485,0.47758739534180294,0.575187969924812,0.5736602754843965,0.6504594820384294,4
progression_kg__balanced_logistic_C1,2,haoyu0512workout|yanz0510workout|yoru0511workout|yushuan0513workout|ziho0512workout,tsenyu0515workout,hsianshun0514workout,0.39501779359430605,0.3803472739820566,0.5020851968578539,0.6015037593984962,0.6142716356205903,0.6877986633249792,4
progression_kg__extra_trees_depth4,2,haoyu0512workout|yanz0510workout|yoru0511workout|yushuan0513workout|ziho0512workout,tsenyu0515workout,hsianshun0514workout,0.3167259786476868,0.29719575418095534,0.4325110392849335,0.4398496240601504,0.43988647200814246,0.5767126148705095,4
progression_kg__extra_trees_depth6,2,haoyu0512workout|yanz0510workout|yoru0511workout|yushuan0513workout|ziho0512workout,tsenyu0515workout,hsianshun0514workout,0.3167259786476868,0.3050637557467131,0.4353853445718586,0.46616541353383456,0.4759158092736125,0.5878362573099415,4
progression_kg__rf_depth5,2,haoyu0512workout|yanz0510workout|yoru0511workout|yushuan0513workout|ziho0512workout,tsenyu0515workout,hsianshun0514workout,0.3416370106761566,0.32739180409364754,0.46019853613419964,0.48120300751879697,0.5034757098661888,0.5662197159565581,4
progression_kg_motion__balanced_logistic_C0.1,2,haoyu0512workout|yanz0510workout|yoru0511workout|yushuan0513workout|ziho0512workout,tsenyu0515workout,hsianshun0514workout,0.35231316725978645,0.3389842984340138,0.46399279238747226,0.5676691729323309,0.5784563963989802,0.6532121971595657,9
progression_kg_motion__balanced_logistic_C1,2,haoyu0512workout|yanz0510workout|yoru0511workout|yushuan0513workout|ziho0512workout,tsenyu0515workout,hsianshun0514workout,0.39501779359430605,0.3799694002117747,0.5021794592162672,0.5939849624060151,0.6037339749164515,0.6752589807852967,9
progression_kg_motion__extra_trees_depth4,2,haoyu0512workout|yanz0510workout|yoru0511workout|yushuan0513workout|ziho0512workout,tsenyu0515workout,hsianshun0514workout,0.28825622775800713,0.2722529115271539,0.41218517676915445,0.42105263157894735,0.42130166000199054,0.557109440267335,9
progression_kg_motion__extra_trees_depth6,2,haoyu0512workout|yanz0510workout|yoru0511workout|yushuan0513workout|ziho0512workout,tsenyu0515workout,hsianshun0514workout,0.30604982206405695,0.292721490395909,0.42358327171194476,0.4774436090225564,0.4820623499968709,0.6034043441938179,9
progression_kg_motion__rf_depth5,2,haoyu0512workout|yanz0510workout|yoru0511workout|yushuan0513workout|ziho0512workout,tsenyu0515workout,hsianshun0514workout,0.3274021352313167,0.31217603565042834,0.44799582925162884,0.4699248120300752,0.49101568071776613,0.5585672514619884,9
progression_kg_drift__balanced_logistic_C0.1,2,haoyu0512workout|yanz0510workout|yoru0511workout|yushuan0513workout|ziho0512workout,tsenyu0515workout,hsianshun0514workout,0.34519572953736655,0.33237278360509503,0.457677214373781,0.5714285714285714,0.5759537368233019,0.6487677527151212,8
progression_kg_drift__balanced_logistic_C1,2,haoyu0512workout|yanz0510workout|yoru0511workout|yushuan0513workout|ziho0512workout,tsenyu0515workout,hsianshun0514workout,0.36298932384341637,0.3546247524804042,0.4776666101751162,0.5902255639097744,0.6006016707819158,0.6660944026733501,8
progression_kg_drift__extra_trees_depth4,2,haoyu0512workout|yanz0510workout|yoru0511workout|yushuan0513workout|ziho0512workout,tsenyu0515workout,hsianshun0514workout,0.2669039145907473,0.25206695159882747,0.39693053287238256,0.42105263157894735,0.42095328231635226,0.563312447786132,8
progression_kg_drift__extra_trees_depth6,2,haoyu0512workout|yanz0510workout|yoru0511workout|yushuan0513workout|ziho0512workout,tsenyu0515workout,hsianshun0514workout,0.298932384341637,0.283259387538639,0.41007016351897263,0.45112781954887216,0.45826763050294694,0.5759607351712616,8
progression_kg_drift__rf_depth5,2,haoyu0512workout|yanz0510workout|yoru0511workout|yushuan0513workout|ziho0512workout,tsenyu0515workout,hsianshun0514workout,0.31316725978647686,0.30498784410875224,0.44462247304808394,0.4398496240601504,0.465131647008846,0.5262698412698412,8
all_numeric_compact__balanced_logistic_C0.1,2,haoyu0512workout|yanz0510workout|yoru0511workout|yushuan0513workout|ziho0512workout,tsenyu0515workout,hsianshun0514workout,0.3594306049822064,0.34426001565378095,0.47160600411451015,0.5338345864661654,0.5365855390129668,0.6357727652464494,20
all_numeric_compact__balanced_logistic_C1,2,haoyu0512workout|yanz0510workout|yoru0511workout|yushuan0513workout|ziho0512workout,tsenyu0515workout,hsianshun0514workout,0.398576512455516,0.3807953690960187,0.5011881971671641,0.5375939849624061,0.5429032419679538,0.6325020885547201,20
all_numeric_compact__extra_trees_depth4,2,haoyu0512workout|yanz0510workout|yoru0511workout|yushuan0513workout|ziho0512workout,tsenyu0515workout,hsianshun0514workout,0.2491103202846975,0.23514289031530405,0.3852887642865991,0.3609022556390977,0.3629727517992757,0.5095446950710109,20
all_numeric_compact__extra_trees_depth6,2,haoyu0512workout|yanz0510workout|yoru0511workout|yushuan0513workout|ziho0512workout,tsenyu0515workout,hsianshun0514workout,0.2597864768683274,0.24637832359755008,0.38350981243031973,0.42857142857142855,0.4313810753265176,0.5562907268170425,20
all_numeric_compact__rf_depth5,2,haoyu0512workout|yanz0510workout|yoru0511workout|yushuan0513workout|ziho0512workout,tsenyu0515workout,hsianshun0514workout,0.3274021352313167,0.30727677065530734,0.4420959327856946,0.40977443609022557,0.42764897223209114,0.5178571428571429,20
exercise_mode_baseline,3,haoyu0512workout|hsianshun0514workout|yoru0511workout|yushuan0513workout|ziho0512workout,yanz0510workout,tsenyu0515workout,0.27636363636363637,0.08660968660968661,0.2,0.37722419928825623,0.1095607235142119,0.2,0
progression_kg__balanced_logistic_C0.1,3,haoyu0512workout|hsianshun0514workout|yoru0511workout|yushuan0513workout|ziho0512workout,yanz0510workout,tsenyu0515workout,0.38181818181818183,0.4181560199969834,0.45936636462952246,0.43416370106761565,0.4040253989901001,0.5199637339445567,4
progression_kg__balanced_logistic_C1,3,haoyu0512workout|hsianshun0514workout|yoru0511workout|yushuan0513workout|ziho0512workout,yanz0510workout,tsenyu0515workout,0.4072727272727273,0.44703971990366576,0.4766006897585845,0.4306049822064057,0.4101591001591002,0.5297805974576776,4
progression_kg__extra_trees_depth4,3,haoyu0512workout|hsianshun0514workout|yoru0511workout|yushuan0513workout|ziho0512workout,yanz0510workout,tsenyu0515workout,0.3527272727272727,0.38074268161987457,0.4649594070646702,0.36298932384341637,0.3419233546652901,0.47210464971058846,4
progression_kg__extra_trees_depth6,3,haoyu0512workout|hsianshun0514workout|yoru0511workout|yushuan0513workout|ziho0512workout,yanz0510workout,tsenyu0515workout,0.38181818181818183,0.42422513490728486,0.4797849324165114,0.37722419928825623,0.3584093931116073,0.47792198744874276,4
progression_kg__rf_depth5,3,haoyu0512workout|hsianshun0514workout|yoru0511workout|yushuan0513workout|ziho0512workout,yanz0510workout,tsenyu0515workout,0.3527272727272727,0.4265747230456006,0.47232932759248547,0.35231316725978645,0.34234379669735115,0.47502432556561847,4
progression_kg_motion__balanced_logistic_C0.1,3,haoyu0512workout|hsianshun0514workout|yoru0511workout|yushuan0513workout|ziho0512workout,yanz0510workout,tsenyu0515workout,0.41454545454545455,0.45335945712412756,0.49556262450999283,0.3701067615658363,0.3555467570729847,0.4811983960452874,9
progression_kg_motion__balanced_logistic_C1,3,haoyu0512workout|hsianshun0514workout|yoru0511workout|yushuan0513workout|ziho0512workout,yanz0510workout,tsenyu0515workout,0.41818181818181815,0.47537592471968865,0.5061296403401666,0.3914590747330961,0.3819491105511074,0.5011067024058053,9
progression_kg_motion__extra_trees_depth4,3,haoyu0512workout|hsianshun0514workout|yoru0511workout|yushuan0513workout|ziho0512workout,yanz0510workout,tsenyu0515workout,0.3527272727272727,0.3772705322063474,0.4823468928732087,0.33807829181494664,0.3172870273548749,0.44637378710994546,9
progression_kg_motion__extra_trees_depth6,3,haoyu0512workout|hsianshun0514workout|yoru0511workout|yushuan0513workout|ziho0512workout,yanz0510workout,tsenyu0515workout,0.38181818181818183,0.42793547588963354,0.48696313433155536,0.34519572953736655,0.33129158909456136,0.45350340076600515,9
progression_kg_motion__rf_depth5,3,haoyu0512workout|hsianshun0514workout|yoru0511workout|yushuan0513workout|ziho0512workout,yanz0510workout,tsenyu0515workout,0.3527272727272727,0.42078838367136234,0.45457768352505196,0.3238434163701068,0.3108089022554338,0.4492270157287169,9
progression_kg_drift__balanced_logistic_C0.1,3,haoyu0512workout|hsianshun0514workout|yoru0511workout|yushuan0513workout|ziho0512workout,yanz0510workout,tsenyu0515workout,0.3927272727272727,0.427707702293298,0.4753614806246385,0.398576512455516,0.37700586725591145,0.4963460099865914,8
progression_kg_drift__balanced_logistic_C1,3,haoyu0512workout|hsianshun0514workout|yoru0511workout|yushuan0513workout|ziho0512workout,yanz0510workout,tsenyu0515workout,0.4,0.44459609989628346,0.4770355375618533,0.40569395017793597,0.38739103639284106,0.5054416309287946,8
progression_kg_drift__extra_trees_depth4,3,haoyu0512workout|hsianshun0514workout|yoru0511workout|yushuan0513workout|ziho0512workout,yanz0510workout,tsenyu0515workout,0.3381818181818182,0.36414461507484763,0.46078872394661863,0.3309608540925267,0.31229726963129195,0.44293626359818755,8
progression_kg_drift__extra_trees_depth6,3,haoyu0512workout|hsianshun0514workout|yoru0511workout|yushuan0513workout|ziho0512workout,yanz0510workout,tsenyu0515workout,0.39636363636363636,0.43862014202907434,0.49683182314761254,0.3665480427046263,0.34655978817068556,0.46645597598273125,8
progression_kg_drift__rf_depth5,3,haoyu0512workout|hsianshun0514workout|yoru0511workout|yushuan0513workout|ziho0512workout,yanz0510workout,tsenyu0515workout,0.3563636363636364,0.4337485923233618,0.46768309663046503,0.3309608540925267,0.32154772017538436,0.4574162132776423,8
all_numeric_compact__balanced_logistic_C0.1,3,haoyu0512workout|hsianshun0514workout|yoru0511workout|yushuan0513workout|ziho0512workout,yanz0510workout,tsenyu0515workout,0.4290909090909091,0.47816658375823895,0.5397767924083714,0.39501779359430605,0.3844084635849684,0.5143685878607005,20
all_numeric_compact__balanced_logistic_C1,3,haoyu0512workout|hsianshun0514workout|yoru0511workout|yushuan0513workout|ziho0512workout,yanz0510workout,tsenyu0515workout,0.4690909090909091,0.5145413590699749,0.5488636120215068,0.40213523131672596,0.38859928894143897,0.4944775040042594,20
all_numeric_compact__extra_trees_depth4,3,haoyu0512workout|hsianshun0514workout|yoru0511workout|yushuan0513workout|ziho0512workout,yanz0510workout,tsenyu0515workout,0.3709090909090909,0.3911062225781952,0.5122346464451728,0.302491103202847,0.2845476927791267,0.4177663392943319,20
all_numeric_compact__extra_trees_depth6,3,haoyu0512workout|hsianshun0514workout|yoru0511workout|yushuan0513workout|ziho0512workout,yanz0510workout,tsenyu0515workout,0.3927272727272727,0.4252369257979871,0.5196881091617934,0.302491103202847,0.28942277265989763,0.4208824436167461,20
all_numeric_compact__rf_depth5,3,haoyu0512workout|hsianshun0514workout|yoru0511workout|yushuan0513workout|ziho0512workout,yanz0510workout,tsenyu0515workout,0.36,0.42925532889494067,0.473374676006255,0.3167259786476868,0.30166049972860437,0.42794414074958465,20
exercise_mode_baseline,4,haoyu0512workout|hsianshun0514workout|tsenyu0515workout|yushuan0513workout|ziho0512workout,yoru0511workout,yanz0510workout,0.4842105263157895,0.13049645390070924,0.2,0.27636363636363637,0.08660968660968661,0.2,0
progression_kg__balanced_logistic_C0.1,4,haoyu0512workout|hsianshun0514workout|tsenyu0515workout|yushuan0513workout|ziho0512workout,yoru0511workout,yanz0510workout,0.40350877192982454,0.40505233642748584,0.5986322463768116,0.34545454545454546,0.3712576312576313,0.43687530792793955,4
progression_kg__balanced_logistic_C1,4,haoyu0512workout|hsianshun0514workout|tsenyu0515workout|yushuan0513workout|ziho0512workout,yoru0511workout,yanz0510workout,0.42105263157894735,0.42003155452138774,0.6131884057971014,0.3927272727272727,0.41216401871034647,0.45616605616605616,4
progression_kg__extra_trees_depth4,4,haoyu0512workout|hsianshun0514workout|tsenyu0515workout|yushuan0513workout|ziho0512workout,yoru0511workout,yanz0510workout,0.3649122807017544,0.3461232291460606,0.5496376811594204,0.33090909090909093,0.3484194944339988,0.42486879592142746,4
progression_kg__extra_trees_depth6,4,haoyu0512workout|hsianshun0514workout|tsenyu0515workout|yushuan0513workout|ziho0512workout,yoru0511workout,yanz0510workout,0.41403508771929826,0.4104598340049829,0.5878743961352657,0.36363636363636365,0.3898031057523135,0.4440706467022257,4
progression_kg__rf_depth5,4,haoyu0512workout|hsianshun0514workout|tsenyu0515workout|yushuan0513workout|ziho0512workout,yoru0511workout,yanz0510workout,0.4456140350877193,0.43477843254131326,0.6025935990338164,0.32,0.36142916242059187,0.40501253132832077,4
progression_kg_motion__balanced_logistic_C0.1,4,haoyu0512workout|hsianshun0514workout|tsenyu0515workout|yushuan0513workout|ziho0512workout,yoru0511workout,yanz0510workout,0.3894736842105263,0.3833770854456461,0.5589190821256038,0.3890909090909091,0.416515831714867,0.48574213311055414,9
progression_kg_motion__balanced_logistic_C1,4,haoyu0512workout|hsianshun0514workout|tsenyu0515workout|yushuan0513workout|ziho0512workout,yoru0511workout,yanz0510workout,0.42105263157894735,0.41175270803018815,0.5822675120772947,0.4109090909090909,0.43236747130760145,0.4892134181607866,9
progression_kg_motion__extra_trees_depth4,4,haoyu0512workout|hsianshun0514workout|tsenyu0515workout|yushuan0513workout|ziho0512workout,yoru0511workout,yanz0510workout,0.36140350877192984,0.3410559269749894,0.5418417874396135,0.33090909090909093,0.34772988786778425,0.4287224471434998,9
progression_kg_motion__extra_trees_depth6,4,haoyu0512workout|hsianshun0514workout|tsenyu0515workout|yushuan0513workout|ziho0512workout,yoru0511workout,yanz0510workout,0.41403508771929826,0.4006842268361185,0.5859722222222222,0.3781818181818182,0.39716167816202735,0.450250626566416,9
progression_kg_motion__rf_depth5,4,haoyu0512workout|hsianshun0514workout|tsenyu0515workout|yushuan0513workout|ziho0512workout,yoru0511workout,yanz0510workout,0.4421052631578947,0.4303172590394267,0.5679408212560386,0.31636363636363635,0.3676269883707065,0.41472805946490154,9
progression_kg_drift__balanced_logistic_C0.1,4,haoyu0512workout|hsianshun0514workout|tsenyu0515workout|yushuan0513workout|ziho0512workout,yoru0511workout,yanz0510workout,0.37894736842105264,0.3720126799410687,0.5810718599033816,0.3781818181818182,0.3998708266500832,0.4637844611528822,8
progression_kg_drift__balanced_logistic_C1,4,haoyu0512workout|hsianshun0514workout|tsenyu0515workout|yushuan0513workout|ziho0512workout,yoru0511workout,yanz0510workout,0.3894736842105263,0.38940199585360874,0.5934420289855072,0.4,0.4256040260375581,0.4779941306257095,8
progression_kg_drift__extra_trees_depth4,4,haoyu0512workout|hsianshun0514workout|tsenyu0515workout|yushuan0513workout|ziho0512workout,yoru0511workout,yanz0510workout,0.3684210526315789,0.34855573836297216,0.5480917874396136,0.33090909090909093,0.3508483654694291,0.42938007411691625,8
progression_kg_drift__extra_trees_depth6,4,haoyu0512workout|hsianshun0514workout|tsenyu0515workout|yushuan0513workout|ziho0512workout,yoru0511workout,yanz0510workout,0.39649122807017545,0.3876639059335204,0.5726056763285025,0.36727272727272725,0.38261552249010605,0.43968896600475543,8
progression_kg_drift__rf_depth5,4,haoyu0512workout|hsianshun0514workout|tsenyu0515workout|yushuan0513workout|ziho0512workout,yoru0511workout,yanz0510workout,0.4280701754385965,0.4072664209879912,0.5420108695652174,0.31636363636363635,0.37359095283161414,0.4218773429299745,8
all_numeric_compact__balanced_logistic_C0.1,4,haoyu0512workout|hsianshun0514workout|tsenyu0515workout|yushuan0513workout|ziho0512workout,yoru0511workout,yanz0510workout,0.30526315789473685,0.31856268985541314,0.5270259661835749,0.4218181818181818,0.4544073595796503,0.5271072981599297,20
all_numeric_compact__balanced_logistic_C1,4,haoyu0512workout|hsianshun0514workout|tsenyu0515workout|yushuan0513workout|ziho0512workout,yoru0511workout,yanz0510workout,0.2912280701754386,0.30761860410167224,0.5132065217391305,0.4254545454545455,0.45087698830459966,0.5049375575691365,20
all_numeric_compact__extra_trees_depth4,4,haoyu0512workout|hsianshun0514workout|tsenyu0515workout|yushuan0513workout|ziho0512workout,yoru0511workout,yanz0510workout,0.3543859649122807,0.3458149841338751,0.5486413043478261,0.3418181818181818,0.360872030942268,0.45150268834479357,20
all_numeric_compact__extra_trees_depth6,4,haoyu0512workout|hsianshun0514workout|tsenyu0515workout|yushuan0513workout|ziho0512workout,yoru0511workout,yanz0510workout,0.40350877192982454,0.397073593073593,0.5846195652173913,0.3781818181818182,0.3911921956380161,0.4522599233125549,20
all_numeric_compact__rf_depth5,4,haoyu0512workout|hsianshun0514workout|tsenyu0515workout|yushuan0513workout|ziho0512workout,yoru0511workout,yanz0510workout,0.43859649122807015,0.4032251362400941,0.5485446859903382,0.33090909090909093,0.38040805648698106,0.42525437525437526,20
exercise_mode_baseline,5,haoyu0512workout|hsianshun0514workout|tsenyu0515workout|yanz0510workout|ziho0512workout,yushuan0513workout,yoru0511workout,0.40569395017793597,0.1442719881744272,0.19807162534435263,0.4421052631578947,0.16146999712891186,0.20657004830917874,0
progression_kg__balanced_logistic_C0.1,5,haoyu0512workout|hsianshun0514workout|tsenyu0515workout|yanz0510workout|ziho0512workout,yushuan0513workout,yoru0511workout,0.49110320284697506,0.45973412419608534,0.5982479338842975,0.4105263157894737,0.395326419701773,0.5908695652173913,4
progression_kg__balanced_logistic_C1,5,haoyu0512workout|hsianshun0514workout|tsenyu0515workout|yanz0510workout|ziho0512workout,yushuan0513workout,yoru0511workout,0.5124555160142349,0.49537641306777863,0.610931129476584,0.4105263157894737,0.4060525295654758,0.6003411835748792,4
progression_kg__extra_trees_depth4,5,haoyu0512workout|hsianshun0514workout|tsenyu0515workout|yanz0510workout|ziho0512workout,yushuan0513workout,yoru0511workout,0.4199288256227758,0.4079145176351119,0.5705895316804408,0.32280701754385965,0.3113928608803139,0.5171407004830918,4
progression_kg__extra_trees_depth6,5,haoyu0512workout|hsianshun0514workout|tsenyu0515workout|yanz0510workout|ziho0512workout,yushuan0513workout,yoru0511workout,0.47330960854092524,0.4641862772007377,0.6022809917355372,0.36140350877192984,0.3549950633505092,0.5491274154589372,4
progression_kg__rf_depth5,5,haoyu0512workout|hsianshun0514workout|tsenyu0515workout|yanz0510workout|ziho0512workout,yushuan0513workout,yoru0511workout,0.4804270462633452,0.49178817939504793,0.6013002754820936,0.44912280701754387,0.4462192135866044,0.6139673913043479,4
progression_kg_motion__balanced_logistic_C0.1,5,haoyu0512workout|hsianshun0514workout|tsenyu0515workout|yanz0510workout|ziho0512workout,yushuan0513workout,yoru0511workout,0.5124555160142349,0.45856252162404443,0.5997465564738292,0.3929824561403509,0.3831355573223719,0.5624003623188406,9
progression_kg_motion__balanced_logistic_C1,5,haoyu0512workout|hsianshun0514workout|tsenyu0515workout|yanz0510workout|ziho0512workout,yushuan0513workout,yoru0511workout,0.5302491103202847,0.5020495969246976,0.6201542699724518,0.4,0.4008223475236118,0.5774094202898551,9
progression_kg_motion__extra_trees_depth4,5,haoyu0512workout|hsianshun0514workout|tsenyu0515workout|yanz0510workout|ziho0512workout,yushuan0513workout,yoru0511workout,0.39501779359430605,0.3774344752028175,0.5492231404958677,0.3087719298245614,0.2980672514619883,0.5096678743961353,9
progression_kg_motion__extra_trees_depth6,5,haoyu0512workout|hsianshun0514workout|tsenyu0515workout|yanz0510workout|ziho0512workout,yushuan0513workout,yoru0511workout,0.46619217081850534,0.45342495639509783,0.6026887052341598,0.3649122807017544,0.3570112171595719,0.5592059178743961,9
progression_kg_motion__rf_depth5,5,haoyu0512workout|hsianshun0514workout|tsenyu0515workout|yanz0510workout|ziho0512workout,yushuan0513workout,yoru0511workout,0.5160142348754448,0.5228571780470983,0.6328815426997245,0.43157894736842106,0.4224123549981674,0.5923520531400965,9
progression_kg_drift__balanced_logistic_C0.1,5,haoyu0512workout|hsianshun0514workout|tsenyu0515workout|yanz0510workout|ziho0512workout,yushuan0513workout,yoru0511workout,0.501779359430605,0.4769308338720103,0.6106556473829201,0.35789473684210527,0.3509330368689536,0.5744082125603864,8
progression_kg_drift__balanced_logistic_C1,5,haoyu0512workout|hsianshun0514workout|tsenyu0515workout|yanz0510workout|ziho0512workout,yushuan0513workout,yoru0511workout,0.5195729537366548,0.5082272650825486,0.6259614325068871,0.36140350877192984,0.3611885504392747,0.5745380434782609,8
progression_kg_drift__extra_trees_depth4,5,haoyu0512workout|hsianshun0514workout|tsenyu0515workout|yanz0510workout|ziho0512workout,yushuan0513workout,yoru0511workout,0.4092526690391459,0.3954137528218468,0.5605289256198347,0.3157894736842105,0.3079428735883901,0.5219082125603864,8
progression_kg_drift__extra_trees_depth6,5,haoyu0512workout|hsianshun0514workout|tsenyu0515workout|yanz0510workout|ziho0512workout,yushuan0513workout,yoru0511workout,0.4697508896797153,0.4599396422084575,0.6061267217630854,0.3684210526315789,0.36044699602698393,0.562330917874396,8
progression_kg_drift__rf_depth5,5,haoyu0512workout|hsianshun0514workout|tsenyu0515workout|yanz0510workout|ziho0512workout,yushuan0513workout,yoru0511workout,0.5088967971530249,0.5199168793521254,0.6295757575757576,0.37894736842105264,0.3968236781140007,0.5764734299516908,8
all_numeric_compact__balanced_logistic_C0.1,5,haoyu0512workout|hsianshun0514workout|tsenyu0515workout|yanz0510workout|ziho0512workout,yushuan0513workout,yoru0511workout,0.5195729537366548,0.47314606962564376,0.6062258953168045,0.3017543859649123,0.3270352955137518,0.5434269323671498,20
all_numeric_compact__balanced_logistic_C1,5,haoyu0512workout|hsianshun0514workout|tsenyu0515workout|yanz0510workout|ziho0512workout,yushuan0513workout,yoru0511workout,0.5338078291814946,0.5031240375562067,0.6179504132231405,0.3087719298245614,0.3369034833963345,0.5468115942028986,20
all_numeric_compact__extra_trees_depth4,5,haoyu0512workout|hsianshun0514workout|tsenyu0515workout|yanz0510workout|ziho0512workout,yushuan0513workout,yoru0511workout,0.3879003558718861,0.381375223880993,0.5557134986225896,0.3087719298245614,0.3069677320668806,0.5386564009661836,20
all_numeric_compact__extra_trees_depth6,5,haoyu0512workout|hsianshun0514workout|tsenyu0515workout|yanz0510workout|ziho0512workout,yushuan0513workout,yoru0511workout,0.4626334519572954,0.4562062968619272,0.6057300275482094,0.34035087719298246,0.3404017082126071,0.5623611111111112,20
all_numeric_compact__rf_depth5,5,haoyu0512workout|hsianshun0514workout|tsenyu0515workout|yanz0510workout|ziho0512workout,yushuan0513workout,yoru0511workout,0.505338078291815,0.5110087974583772,0.6294545454545455,0.3649122807017544,0.3725948323616688,0.5486443236714976,20
exercise_mode_baseline,6,haoyu0512workout|hsianshun0514workout|tsenyu0515workout|yanz0510workout|yoru0511workout,ziho0512workout,yushuan0513workout,0.332089552238806,0.13602596465921385,0.21667413715822503,0.3879003558718861,0.1369170161392807,0.19190082644628098,0
progression_kg__balanced_logistic_C0.1,6,haoyu0512workout|hsianshun0514workout|tsenyu0515workout|yanz0510workout|yoru0511workout,ziho0512workout,yushuan0513workout,0.44402985074626866,0.41861022882903703,0.5418086739198349,0.4483985765124555,0.4075603380295772,0.548374655647383,4
progression_kg__balanced_logistic_C1,6,haoyu0512workout|hsianshun0514workout|tsenyu0515workout|yanz0510workout|yoru0511workout,ziho0512workout,yushuan0513workout,0.4253731343283582,0.4140717651123616,0.5116912106271139,0.501779359430605,0.4600907672621428,0.554038567493113,4
progression_kg__extra_trees_depth4,6,haoyu0512workout|hsianshun0514workout|tsenyu0515workout|yanz0510workout|yoru0511workout,ziho0512workout,yushuan0513workout,0.3843283582089552,0.3687175812175812,0.5222721432161145,0.3665480427046263,0.36179569813960055,0.5314710743801653,4
progression_kg__extra_trees_depth6,6,haoyu0512workout|hsianshun0514workout|tsenyu0515workout|yanz0510workout|yoru0511workout,ziho0512workout,yushuan0513workout,0.4253731343283582,0.4199601908655627,0.5392808225690342,0.4483985765124555,0.44919968005808164,0.585366391184573,4
progression_kg__rf_depth5,6,haoyu0512workout|hsianshun0514workout|tsenyu0515workout|yanz0510workout|yoru0511workout,ziho0512workout,yushuan0513workout,0.43283582089552236,0.4536718824978436,0.5467578338291024,0.498220640569395,0.5243205770643558,0.6408044077134987,4
progression_kg_motion__balanced_logistic_C0.1,6,haoyu0512workout|hsianshun0514workout|tsenyu0515workout|yanz0510workout|yoru0511workout,ziho0512workout,yushuan0513workout,0.417910447761194,0.3953740094066104,0.5278086739198348,0.38434163701067614,0.35616005709156395,0.5060716253443526,9
progression_kg_motion__balanced_logistic_C1,6,haoyu0512workout|hsianshun0514workout|tsenyu0515workout|yanz0510workout|yoru0511workout,ziho0512workout,yushuan0513workout,0.4216417910447761,0.4131252092056764,0.520509324531736,0.4412811387900356,0.4082424089741705,0.5184683195592287,9
progression_kg_motion__extra_trees_depth4,6,haoyu0512workout|hsianshun0514workout|tsenyu0515workout|yanz0510workout|yoru0511workout,ziho0512workout,yushuan0513workout,0.376865671641791,0.3547475493518696,0.5089414449288945,0.34519572953736655,0.3409251919838069,0.5145123966942149,9
progression_kg_motion__extra_trees_depth6,6,haoyu0512workout|hsianshun0514workout|tsenyu0515workout|yanz0510workout|yoru0511workout,ziho0512workout,yushuan0513workout,0.40671641791044777,0.40205264673205254,0.5332795729595372,0.4092526690391459,0.41148609307497097,0.5527052341597797,9
progression_kg_motion__rf_depth5,6,haoyu0512workout|hsianshun0514workout|tsenyu0515workout|yanz0510workout|yoru0511workout,ziho0512workout,yushuan0513workout,0.458955223880597,0.47860218156196926,0.5755128424541245,0.47330960854092524,0.5018373113533081,0.6249366391184573,9
progression_kg_drift__balanced_logistic_C0.1,6,haoyu0512workout|hsianshun0514workout|tsenyu0515workout|yanz0510workout|yoru0511workout,ziho0512workout,yushuan0513workout,0.44029850746268656,0.41766530309144867,0.5384449696426389,0.4626334519572954,0.4300749896822828,0.5667217630853993,8
progression_kg_drift__balanced_logistic_C1,6,haoyu0512workout|hsianshun0514workout|tsenyu0515workout|yanz0510workout|yoru0511workout,ziho0512workout,yushuan0513workout,0.4253731343283582,0.4182810114477549,0.5062669002893118,0.5444839857651246,0.5052543064808112,0.5864242424242424,8
progression_kg_drift__extra_trees_depth4,6,haoyu0512workout|hsianshun0514workout|tsenyu0515workout|yanz0510workout|yoru0511workout,ziho0512workout,yushuan0513workout,0.3917910447761194,0.3669970180424398,0.5130045502084946,0.3701067615658363,0.3661598524802925,0.5368484848484848,8
progression_kg_drift__extra_trees_depth6,6,haoyu0512workout|hsianshun0514workout|tsenyu0515workout|yanz0510workout|yoru0511workout,ziho0512workout,yushuan0513workout,0.39925373134328357,0.3932065601194138,0.5317909077326378,0.4199288256227758,0.4205926947193263,0.563724517906336,8
progression_kg_drift__rf_depth5,6,haoyu0512workout|hsianshun0514workout|tsenyu0515workout|yanz0510workout|yoru0511workout,ziho0512workout,yushuan0513workout,0.47761194029850745,0.4824704618689582,0.5713763905301332,0.48398576512455516,0.49349491616714286,0.6140275482093664,8
all_numeric_compact__balanced_logistic_C0.1,6,haoyu0512workout|hsianshun0514workout|tsenyu0515workout|yanz0510workout|yoru0511workout,ziho0512workout,yushuan0513workout,0.43283582089552236,0.422080400865124,0.5438818847371066,0.3736654804270463,0.3676454878991352,0.5103581267217632,20
all_numeric_compact__balanced_logistic_C1,6,haoyu0512workout|hsianshun0514workout|tsenyu0515workout|yanz0510workout|yoru0511workout,ziho0512workout,yushuan0513workout,0.43283582089552236,0.4249806278154967,0.5330637708324845,0.44483985765124556,0.4355312195496236,0.554038567493113,20
all_numeric_compact__extra_trees_depth4,6,haoyu0512workout|hsianshun0514workout|tsenyu0515workout|yanz0510workout|yoru0511workout,ziho0512workout,yushuan0513workout,0.39552238805970147,0.37442376828505697,0.5469021908914333,0.3416370106761566,0.33899945412805293,0.518931129476584,20
all_numeric_compact__extra_trees_depth6,6,haoyu0512workout|hsianshun0514workout|tsenyu0515workout|yanz0510workout|yoru0511workout,ziho0512workout,yushuan0513workout,0.4291044776119403,0.41725496028567466,0.5597253032340437,0.4128113879003559,0.41408256685788836,0.567305785123967,20
all_numeric_compact__rf_depth5,6,haoyu0512workout|hsianshun0514workout|tsenyu0515workout|yanz0510workout|yoru0511workout,ziho0512workout,yushuan0513workout,0.44402985074626866,0.45333485965659526,0.5757577659155427,0.4697508896797153,0.48324324996715784,0.6041101928374656,20
exercise_mode_baseline,7,hsianshun0514workout|tsenyu0515workout|yanz0510workout|yoru0511workout|yushuan0513workout,haoyu0512workout,ziho0512workout,0.32525951557093424,0.12216861350939563,0.18875457875457874,0.332089552238806,0.13602596465921385,0.21667413715822503,0
progression_kg__balanced_logistic_C0.1,7,hsianshun0514workout|tsenyu0515workout|yanz0510workout|yoru0511workout|yushuan0513workout,haoyu0512workout,ziho0512workout,0.43252595155709345,0.45846345083814405,0.5518589743589744,0.4962686567164179,0.4745774430173407,0.5983261209133015,4
progression_kg__balanced_logistic_C1,7,hsianshun0514workout|tsenyu0515workout|yanz0510workout|yoru0511workout|yushuan0513workout,haoyu0512workout,ziho0512workout,0.4359861591695502,0.4643774846868986,0.5434203296703297,0.4925373134328358,0.49042108406921214,0.5908399549053964,4
progression_kg__extra_trees_depth4,7,hsianshun0514workout|tsenyu0515workout|yanz0510workout|yoru0511workout|yushuan0513workout,haoyu0512workout,ziho0512workout,0.3944636678200692,0.39853590711646975,0.5330677655677656,0.3694029850746269,0.3587444201419997,0.5317859092946498,4
progression_kg__extra_trees_depth6,7,hsianshun0514workout|tsenyu0515workout|yanz0510workout|yoru0511workout|yushuan0513workout,haoyu0512workout,ziho0512workout,0.4463667820069204,0.463988307977479,0.5551327838827839,0.4701492537313433,0.4641389977674864,0.6028638061475354,4
progression_kg__rf_depth5,7,hsianshun0514workout|tsenyu0515workout|yanz0510workout|yoru0511workout|yushuan0513workout,haoyu0512workout,ziho0512workout,0.5397923875432526,0.5718926822056433,0.6335851648351649,0.5223880597014925,0.5199951163058306,0.6176311750404085,4
progression_kg_motion__balanced_logistic_C0.1,7,hsianshun0514workout|tsenyu0515workout|yanz0510workout|yoru0511workout|yushuan0513workout,haoyu0512workout,ziho0512workout,0.43252595155709345,0.44599657102531126,0.5424404761904762,0.5223880597014925,0.4963163448885535,0.61663414965432,9
progression_kg_motion__balanced_logistic_C1,7,hsianshun0514workout|tsenyu0515workout|yanz0510workout|yoru0511workout|yushuan0513workout,haoyu0512workout,ziho0512workout,0.43944636678200694,0.4688818263428741,0.545169413919414,0.5186567164179104,0.5043928954525075,0.6049636662456026,9
progression_kg_motion__extra_trees_depth4,7,hsianshun0514workout|tsenyu0515workout|yanz0510workout|yoru0511workout|yushuan0513workout,haoyu0512workout,ziho0512workout,0.39100346020761245,0.39012841322060177,0.5305677655677655,0.3805970149253731,0.36351184017990545,0.5311521127908398,9
progression_kg_motion__extra_trees_depth6,7,hsianshun0514workout|tsenyu0515workout|yanz0510workout|yoru0511workout|yushuan0513workout,haoyu0512workout,ziho0512workout,0.41522491349480967,0.42177923090166586,0.5329395604395605,0.44776119402985076,0.4391657461714155,0.587919481683713,9
progression_kg_motion__rf_depth5,7,hsianshun0514workout|tsenyu0515workout|yanz0510workout|yoru0511workout|yushuan0513workout,haoyu0512workout,ziho0512workout,0.5397923875432526,0.5658651475315741,0.6259523809523809,0.5447761194029851,0.5349526708739305,0.6271816959374109,9
progression_kg_drift__balanced_logistic_C0.1,7,hsianshun0514workout|tsenyu0515workout|yanz0510workout|yoru0511workout|yushuan0513workout,haoyu0512workout,ziho0512workout,0.4429065743944637,0.45610752887203604,0.5436309523809524,0.4664179104477612,0.447648928179541,0.5694435162924629,8
progression_kg_drift__balanced_logistic_C1,7,hsianshun0514workout|tsenyu0515workout|yanz0510workout|yoru0511workout|yushuan0513workout,haoyu0512workout,ziho0512workout,0.4844290657439446,0.500748158044363,0.5736355311355311,0.48507462686567165,0.48205244134779085,0.5827174931746872,8
progression_kg_drift__extra_trees_depth4,7,hsianshun0514workout|tsenyu0515workout|yanz0510workout|yoru0511workout|yushuan0513workout,haoyu0512workout,ziho0512workout,0.3875432525951557,0.39055435708928277,0.5349496336996337,0.39925373134328357,0.3823968741206877,0.547971476304959,8
progression_kg_drift__extra_trees_depth6,7,hsianshun0514workout|tsenyu0515workout|yanz0510workout|yoru0511workout|yushuan0513workout,haoyu0512workout,ziho0512workout,0.4602076124567474,0.46264712837169714,0.5696565934065935,0.44776119402985076,0.4364557759259151,0.579921980902707,8
progression_kg_drift__rf_depth5,7,hsianshun0514workout|tsenyu0515workout|yanz0510workout|yoru0511workout|yushuan0513workout,haoyu0512workout,ziho0512workout,0.5709342560553633,0.5956248457030278,0.6546108058608058,0.5261194029850746,0.5195487027609071,0.6131210898768049,8
all_numeric_compact__balanced_logistic_C0.1,7,hsianshun0514workout|tsenyu0515workout|yanz0510workout|yoru0511workout|yushuan0513workout,haoyu0512workout,ziho0512workout,0.4429065743944637,0.4695427170668198,0.553974358974359,0.5373134328358209,0.5140478000260609,0.6076909389728754,20
all_numeric_compact__balanced_logistic_C1,7,hsianshun0514workout|tsenyu0515workout|yanz0510workout|yoru0511workout|yushuan0513workout,haoyu0512workout,ziho0512workout,0.48788927335640137,0.5065210524416862,0.5821336996336997,0.5298507462686567,0.5239942239248994,0.6015645925865558,20
all_numeric_compact__extra_trees_depth4,7,hsianshun0514workout|tsenyu0515workout|yanz0510workout|yoru0511workout|yushuan0513workout,haoyu0512workout,ziho0512workout,0.3633217993079585,0.3733752083190074,0.5178663003663003,0.3619402985074627,0.3521670450260895,0.531289814324328,20
all_numeric_compact__extra_trees_depth6,7,hsianshun0514workout|tsenyu0515workout|yanz0510workout|yoru0511workout|yushuan0513workout,haoyu0512workout,ziho0512workout,0.43252595155709345,0.4396536291834776,0.5515705128205128,0.44776119402985076,0.4354394728042957,0.5916089537237005,20
all_numeric_compact__rf_depth5,7,hsianshun0514workout|tsenyu0515workout|yanz0510workout|yoru0511workout|yushuan0513workout,haoyu0512workout,ziho0512workout,0.4844290657439446,0.5072113484728604,0.5741025641025641,0.5261194029850746,0.5178358323598321,0.6201463944691197,20
