pair_name,exercise,precision,recall,f1,support,pair_type,feature_x,feature_y,macro_f1,accuracy
acc_axis_time_top2,db_bench_press,0.5446927374301676,0.5735294117647058,0.5587392550143266,340,method_top2,axis_ax__mean,axis_ax__median,0.6321,0.637
acc_axis_time_top2,db_biceps_curl,0.9604743083003953,0.84375,0.8983364140480592,288,method_top2,axis_ax__mean,axis_ax__median,0.6321,0.637
acc_axis_time_top2,db_rdl,0.7849056603773585,0.7098976109215017,0.7455197132616488,293,method_top2,axis_ax__mean,axis_ax__median,0.6321,0.637
acc_axis_time_top2,db_shoulder_press,0.26804123711340205,0.2815884476534296,0.2746478873239437,277,method_top2,axis_ax__mean,axis_ax__median,0.6321,0.637
acc_axis_time_top2,db_squat,0.6853932584269663,0.782051282051282,0.7305389221556886,312,method_top2,axis_ax__mean,axis_ax__median,0.6321,0.637
acc_axis_time_top2,db_triceps_curl,0.7917981072555205,0.8229508196721311,0.8070739549839229,305,method_top2,axis_ax__mean,axis_ax__median,0.6321,0.637
acc_axis_time_top2,db_weighted_crunch,0.29218106995884774,0.23745819397993312,0.26199261992619927,299,method_top2,axis_ax__mean,axis_ax__median,0.6321,0.637
acc_axis_time_top2,one_arm_db_row,0.7448680351906158,0.8193548387096774,0.7803379416282642,310,method_top2,axis_ax__mean,axis_ax__median,0.6321,0.637
acc_norm_time_top2,db_bench_press,0.36795252225519287,0.36470588235294116,0.3663220088626292,340,method_top2,acc_norm__abs_mean,acc_norm__mean,0.4801,0.4781
acc_norm_time_top2,db_biceps_curl,0.7969348659003831,0.7222222222222222,0.7577413479052824,288,method_top2,acc_norm__abs_mean,acc_norm__mean,0.4801,0.4781
acc_norm_time_top2,db_rdl,0.5694444444444444,0.5597269624573379,0.5645438898450946,293,method_top2,acc_norm__abs_mean,acc_norm__mean,0.4801,0.4781
acc_norm_time_top2,db_shoulder_press,0.2730263157894737,0.2996389891696751,0.2857142857142857,277,method_top2,acc_norm__abs_mean,acc_norm__mean,0.4801,0.4781
acc_norm_time_top2,db_squat,0.2396694214876033,0.27884615384615385,0.2577777777777778,312,method_top2,acc_norm__abs_mean,acc_norm__mean,0.4801,0.4781
acc_norm_time_top2,db_triceps_curl,0.8095238095238095,0.8360655737704918,0.8225806451612904,305,method_top2,acc_norm__abs_mean,acc_norm__mean,0.4801,0.4781
acc_norm_time_top2,db_weighted_crunch,0.22362869198312235,0.17725752508361203,0.19776119402985073,299,method_top2,acc_norm__abs_mean,acc_norm__mean,0.4801,0.4781
acc_norm_time_top2,one_arm_db_row,0.5799373040752351,0.5967741935483871,0.5882352941176471,310,method_top2,acc_norm__abs_mean,acc_norm__mean,0.4801,0.4781
gyro_axis_time_top2,db_bench_press,0.1897810218978102,0.15294117647058825,0.16938110749185667,340,method_top2,axis_gz__std,axis_gz__rms,0.2784,0.2739
gyro_axis_time_top2,db_biceps_curl,0.6592592592592592,0.6180555555555556,0.6379928315412187,288,method_top2,axis_gz__std,axis_gz__rms,0.2784,0.2739
gyro_axis_time_top2,db_rdl,0.4627831715210356,0.4880546075085324,0.4750830564784053,293,method_top2,axis_gz__std,axis_gz__rms,0.2784,0.2739
gyro_axis_time_top2,db_shoulder_press,0.1786833855799373,0.20577617328519857,0.1912751677852349,277,method_top2,axis_gz__std,axis_gz__rms,0.2784,0.2739
gyro_axis_time_top2,db_squat,0.10231023102310231,0.09935897435897435,0.1008130081300813,312,method_top2,axis_gz__std,axis_gz__rms,0.2784,0.2739
gyro_axis_time_top2,db_triceps_curl,0.23214285714285715,0.25573770491803277,0.24336973478939158,305,method_top2,axis_gz__std,axis_gz__rms,0.2784,0.2739
gyro_axis_time_top2,db_weighted_crunch,0.2364217252396166,0.24749163879598662,0.24183006535947713,299,method_top2,axis_gz__std,axis_gz__rms,0.2784,0.2739
gyro_axis_time_top2,one_arm_db_row,0.17,0.16451612903225807,0.16721311475409836,310,method_top2,axis_gz__std,axis_gz__rms,0.2784,0.2739
gyro_norm_time_top2,db_bench_press,0.16129032258064516,0.14705882352941177,0.15384615384615385,340,method_top2,gyro_norm__median,gyro_norm__abs_mean,0.2926,0.2892
gyro_norm_time_top2,db_biceps_curl,0.8300395256916996,0.7291666666666666,0.7763401109057301,288,method_top2,gyro_norm__median,gyro_norm__abs_mean,0.2926,0.2892
gyro_norm_time_top2,db_rdl,0.26573426573426573,0.2593856655290102,0.26252158894645944,293,method_top2,gyro_norm__median,gyro_norm__abs_mean,0.2926,0.2892
gyro_norm_time_top2,db_shoulder_press,0.1609907120743034,0.18772563176895307,0.17333333333333334,277,method_top2,gyro_norm__median,gyro_norm__abs_mean,0.2926,0.2892
gyro_norm_time_top2,db_squat,0.2037037037037037,0.1762820512820513,0.18900343642611683,312,method_top2,gyro_norm__median,gyro_norm__abs_mean,0.2926,0.2892
gyro_norm_time_top2,db_triceps_curl,0.40700808625336926,0.49508196721311476,0.4467455621301775,305,method_top2,gyro_norm__median,gyro_norm__abs_mean,0.2926,0.2892
gyro_norm_time_top2,db_weighted_crunch,0.10266159695817491,0.0903010033444816,0.09608540925266904,299,method_top2,gyro_norm__median,gyro_norm__abs_mean,0.2926,0.2892
gyro_norm_time_top2,one_arm_db_row,0.22988505747126436,0.25806451612903225,0.24316109422492402,310,method_top2,gyro_norm__median,gyro_norm__abs_mean,0.2926,0.2892
mag_axis_time_top2,db_bench_press,0.1925287356321839,0.19705882352941176,0.19476744186046513,340,method_top2,axis_mx__min,axis_my__mean,0.3113,0.3193
mag_axis_time_top2,db_biceps_curl,0.2938388625592417,0.4305555555555556,0.3492957746478873,288,method_top2,axis_mx__min,axis_my__mean,0.3113,0.3193
mag_axis_time_top2,db_rdl,0.385,0.2627986348122867,0.31237322515212984,293,method_top2,axis_mx__min,axis_my__mean,0.3113,0.3193
mag_axis_time_top2,db_shoulder_press,0.27007299270072993,0.13357400722021662,0.178743961352657,277,method_top2,axis_mx__min,axis_my__mean,0.3113,0.3193
mag_axis_time_top2,db_squat,0.236,0.1891025641025641,0.2099644128113879,312,method_top2,axis_mx__min,axis_my__mean,0.3113,0.3193
mag_axis_time_top2,db_triceps_curl,0.4918032786885246,0.4918032786885246,0.4918032786885246,305,method_top2,axis_mx__min,axis_my__mean,0.3113,0.3193
mag_axis_time_top2,db_weighted_crunch,0.2371967654986523,0.29431438127090304,0.2626865671641791,299,method_top2,axis_mx__min,axis_my__mean,0.3113,0.3193
mag_axis_time_top2,one_arm_db_row,0.4398976982097187,0.5548387096774193,0.49072753209700426,310,method_top2,axis_mx__min,axis_my__mean,0.3113,0.3193
axis_correlation_top2,db_bench_press,0.3964285714285714,0.3264705882352941,0.3580645161290323,340,method_top2,corr__gy__gz,corr__ax__az,0.5245,0.5235
axis_correlation_top2,db_biceps_curl,0.89,0.9270833333333334,0.9081632653061225,288,method_top2,corr__gy__gz,corr__ax__az,0.5245,0.5235
axis_correlation_top2,db_rdl,0.3542234332425068,0.44368600682593856,0.3939393939393939,293,method_top2,corr__gy__gz,corr__ax__az,0.5245,0.5235
axis_correlation_top2,db_shoulder_press,0.24150943396226415,0.23104693140794225,0.23616236162361623,277,method_top2,corr__gy__gz,corr__ax__az,0.5245,0.5235
axis_correlation_top2,db_squat,0.5098039215686274,0.4166666666666667,0.4585537918871252,312,method_top2,corr__gy__gz,corr__ax__az,0.5245,0.5235
axis_correlation_top2,db_triceps_curl,0.9663299663299664,0.940983606557377,0.9534883720930233,305,method_top2,corr__gy__gz,corr__ax__az,0.5245,0.5235
axis_correlation_top2,db_weighted_crunch,0.5372670807453416,0.5785953177257525,0.5571658615136876,299,method_top2,corr__gy__gz,corr__ax__az,0.5245,0.5235
axis_correlation_top2,one_arm_db_row,0.3165680473372781,0.34516129032258064,0.33024691358024694,310,method_top2,corr__gy__gz,corr__ax__az,0.5245,0.5235
fft_spectral_top2,db_bench_press,0.287598944591029,0.3205882352941177,0.3031988873435327,340,method_top2,axis_gz__spectral_entropy,axis_ax__spectral_entropy,0.3781,0.3787
fft_spectral_top2,db_biceps_curl,0.7153024911032029,0.6979166666666666,0.7065026362038664,288,method_top2,axis_gz__spectral_entropy,axis_ax__spectral_entropy,0.3781,0.3787
fft_spectral_top2,db_rdl,0.3,0.2764505119453925,0.2877442273534636,293,method_top2,axis_gz__spectral_entropy,axis_ax__spectral_entropy,0.3781,0.3787
fft_spectral_top2,db_shoulder_press,0.19246861924686193,0.16606498194945848,0.17829457364341086,277,method_top2,axis_gz__spectral_entropy,axis_ax__spectral_entropy,0.3781,0.3787
fft_spectral_top2,db_squat,0.23411371237458195,0.22435897435897437,0.22913256955810146,312,method_top2,axis_gz__spectral_entropy,axis_ax__spectral_entropy,0.3781,0.3787
fft_spectral_top2,db_triceps_curl,0.5987460815047022,0.6262295081967213,0.6121794871794872,305,method_top2,axis_gz__spectral_entropy,axis_ax__spectral_entropy,0.3781,0.3787
fft_spectral_top2,db_weighted_crunch,0.3811074918566775,0.391304347826087,0.38613861386138615,299,method_top2,axis_gz__spectral_entropy,axis_ax__spectral_entropy,0.3781,0.3787
fft_spectral_top2,one_arm_db_row,0.31212121212121213,0.33225806451612905,0.321875,310,method_top2,axis_gz__spectral_entropy,axis_ax__spectral_entropy,0.3781,0.3787
wavelet_top2,db_bench_press,0.18877551020408162,0.21764705882352942,0.20218579234972678,340,method_top2,axis_gy__haar_l2_energy_ratio,axis_gz__haar_l3_energy_ratio,0.4166,0.4121
wavelet_top2,db_biceps_curl,0.8597122302158273,0.8298611111111112,0.8445229681978799,288,method_top2,axis_gy__haar_l2_energy_ratio,axis_gz__haar_l3_energy_ratio,0.4166,0.4121
wavelet_top2,db_rdl,0.40978593272171254,0.45733788395904434,0.432258064516129,293,method_top2,axis_gy__haar_l2_energy_ratio,axis_gz__haar_l3_energy_ratio,0.4166,0.4121
wavelet_top2,db_shoulder_press,0.16260162601626016,0.1444043321299639,0.15296367112810708,277,method_top2,axis_gy__haar_l2_energy_ratio,axis_gz__haar_l3_energy_ratio,0.4166,0.4121
wavelet_top2,db_squat,0.25210084033613445,0.28846153846153844,0.26905829596412556,312,method_top2,axis_gy__haar_l2_energy_ratio,axis_gz__haar_l3_energy_ratio,0.4166,0.4121
wavelet_top2,db_triceps_curl,0.7484472049689441,0.7901639344262295,0.7687400318979266,305,method_top2,axis_gy__haar_l2_energy_ratio,axis_gz__haar_l3_energy_ratio,0.4166,0.4121
wavelet_top2,db_weighted_crunch,0.5194805194805194,0.4013377926421405,0.4528301886792453,299,method_top2,axis_gy__haar_l2_energy_ratio,axis_gz__haar_l3_energy_ratio,0.4166,0.4121
wavelet_top2,one_arm_db_row,0.22509225092250923,0.1967741935483871,0.2099827882960413,310,method_top2,axis_gy__haar_l2_energy_ratio,axis_gz__haar_l3_energy_ratio,0.4166,0.4121
pca_variance_top2,db_bench_press,0.29411764705882354,0.3088235294117647,0.3012912482065997,340,method_top2,gyro_pca__pca3_var_ratio,acc_pca__pca1_var_ratio,0.3421,0.3436
pca_variance_top2,db_biceps_curl,0.7526881720430108,0.7291666666666666,0.7407407407407407,288,method_top2,gyro_pca__pca3_var_ratio,acc_pca__pca1_var_ratio,0.3421,0.3436
pca_variance_top2,db_rdl,0.23841059602649006,0.24573378839590443,0.24201680672268908,293,method_top2,gyro_pca__pca3_var_ratio,acc_pca__pca1_var_ratio,0.3421,0.3436
pca_variance_top2,db_shoulder_press,0.1774193548387097,0.1588447653429603,0.1676190476190476,277,method_top2,gyro_pca__pca3_var_ratio,acc_pca__pca1_var_ratio,0.3421,0.3436
pca_variance_top2,db_squat,0.25675675675675674,0.24358974358974358,0.25,312,method_top2,gyro_pca__pca3_var_ratio,acc_pca__pca1_var_ratio,0.3421,0.3436
pca_variance_top2,db_triceps_curl,0.608433734939759,0.6622950819672131,0.6342229199372057,305,method_top2,gyro_pca__pca3_var_ratio,acc_pca__pca1_var_ratio,0.3421,0.3436
pca_variance_top2,db_weighted_crunch,0.1857707509881423,0.15719063545150502,0.17028985507246377,299,method_top2,gyro_pca__pca3_var_ratio,acc_pca__pca1_var_ratio,0.3421,0.3436
pca_variance_top2,one_arm_db_row,0.21568627450980393,0.24838709677419354,0.23088455772113944,310,method_top2,gyro_pca__pca3_var_ratio,acc_pca__pca1_var_ratio,0.3421,0.3436
best_acc_vs_best_gyro,db_bench_press,0.5339366515837104,0.34705882352941175,0.4206773618538324,340,mixed_sensor,axis_ax__mean,axis_gz__std,0.6517,0.6518
best_acc_vs_best_gyro,db_biceps_curl,0.8237547892720306,0.7465277777777778,0.7832422586520947,288,mixed_sensor,axis_ax__mean,axis_gz__std,0.6517,0.6518
best_acc_vs_best_gyro,db_rdl,0.8231046931407943,0.7781569965870307,0.8,293,mixed_sensor,axis_ax__mean,axis_gz__std,0.6517,0.6518
best_acc_vs_best_gyro,db_shoulder_press,0.5,0.5740072202166066,0.534453781512605,277,mixed_sensor,axis_ax__mean,axis_gz__std,0.6517,0.6518
best_acc_vs_best_gyro,db_squat,0.6266233766233766,0.6185897435897436,0.6225806451612903,312,mixed_sensor,axis_ax__mean,axis_gz__std,0.6517,0.6518
best_acc_vs_best_gyro,db_triceps_curl,0.615606936416185,0.6983606557377049,0.6543778801843319,305,mixed_sensor,axis_ax__mean,axis_gz__std,0.6517,0.6518
best_acc_vs_best_gyro,db_weighted_crunch,0.5303867403314917,0.6421404682274248,0.5809379727685325,299,mixed_sensor,axis_ax__mean,axis_gz__std,0.6517,0.6518
best_acc_vs_best_gyro,one_arm_db_row,0.7915407854984894,0.8451612903225807,0.8174726989079563,310,mixed_sensor,axis_ax__mean,axis_gz__std,0.6517,0.6518
best_acc_vs_best_corr,db_bench_press,0.654485049833887,0.5794117647058824,0.6146645865834633,340,mixed_family,axis_ax__mean,corr__gy__gz,0.6351,0.6423
best_acc_vs_best_corr,db_biceps_curl,0.8955696202531646,0.9826388888888888,0.9370860927152318,288,mixed_family,axis_ax__mean,corr__gy__gz,0.6351,0.6423
best_acc_vs_best_corr,db_rdl,0.5752508361204013,0.5870307167235495,0.581081081081081,293,mixed_family,axis_ax__mean,corr__gy__gz,0.6351,0.6423
best_acc_vs_best_corr,db_shoulder_press,0.2576271186440678,0.2743682310469314,0.26573426573426573,277,mixed_family,axis_ax__mean,corr__gy__gz,0.6351,0.6423
best_acc_vs_best_corr,db_squat,0.8150470219435737,0.8333333333333334,0.8240887480190174,312,mixed_family,axis_ax__mean,corr__gy__gz,0.6351,0.6423
best_acc_vs_best_corr,db_triceps_curl,0.928125,0.9737704918032787,0.9504,305,mixed_family,axis_ax__mean,corr__gy__gz,0.6351,0.6423
best_acc_vs_best_corr,db_weighted_crunch,0.332089552238806,0.2976588628762542,0.31393298059964725,299,mixed_family,axis_ax__mean,corr__gy__gz,0.6351,0.6423
best_acc_vs_best_corr,one_arm_db_row,0.5980392156862745,0.5903225806451613,0.5941558441558441,310,mixed_family,axis_ax__mean,corr__gy__gz,0.6351,0.6423
best_acc_vs_best_wavelet,db_bench_press,0.5463917525773195,0.4676470588235294,0.5039619651347068,340,mixed_family,axis_ax__mean,axis_gy__haar_l2_energy_ratio,0.6451,0.6493
best_acc_vs_best_wavelet,db_biceps_curl,0.9754385964912281,0.9652777777777778,0.9703315881326352,288,mixed_family,axis_ax__mean,axis_gy__haar_l2_energy_ratio,0.6451,0.6493
best_acc_vs_best_wavelet,db_rdl,0.6863636363636364,0.515358361774744,0.5886939571150097,293,mixed_family,axis_ax__mean,axis_gy__haar_l2_energy_ratio,0.6451,0.6493
best_acc_vs_best_wavelet,db_shoulder_press,0.24761904761904763,0.2815884476534296,0.2635135135135135,277,mixed_family,axis_ax__mean,axis_gy__haar_l2_energy_ratio,0.6451,0.6493
best_acc_vs_best_wavelet,db_squat,0.9335443037974683,0.9455128205128205,0.9394904458598726,312,mixed_family,axis_ax__mean,axis_gy__haar_l2_energy_ratio,0.6451,0.6493
best_acc_vs_best_wavelet,db_triceps_curl,0.8738461538461538,0.9311475409836065,0.9015873015873016,305,mixed_family,axis_ax__mean,axis_gy__haar_l2_energy_ratio,0.6451,0.6493
best_acc_vs_best_wavelet,db_weighted_crunch,0.3076923076923077,0.29431438127090304,0.30085470085470084,299,mixed_family,axis_ax__mean,axis_gy__haar_l2_energy_ratio,0.6451,0.6493
best_acc_vs_best_wavelet,one_arm_db_row,0.6243523316062176,0.7774193548387097,0.6925287356321839,310,mixed_family,axis_ax__mean,axis_gy__haar_l2_energy_ratio,0.6451,0.6493
best_acc_vs_best_spectral,db_bench_press,0.7236842105263158,0.6470588235294118,0.6832298136645962,340,mixed_family,axis_ax__mean,axis_gz__spectral_entropy,0.7122,0.7116
best_acc_vs_best_spectral,db_biceps_curl,0.9473684210526315,0.8125,0.874766355140187,288,mixed_family,axis_ax__mean,axis_gz__spectral_entropy,0.7122,0.7116
best_acc_vs_best_spectral,db_rdl,0.8153846153846154,0.7235494880546075,0.7667269439421338,293,mixed_family,axis_ax__mean,axis_gz__spectral_entropy,0.7122,0.7116
best_acc_vs_best_spectral,db_shoulder_press,0.4221556886227545,0.5090252707581228,0.46153846153846156,277,mixed_family,axis_ax__mean,axis_gz__spectral_entropy,0.7122,0.7116
best_acc_vs_best_spectral,db_squat,0.740484429065744,0.6858974358974359,0.7121464226289518,312,mixed_family,axis_ax__mean,axis_gz__spectral_entropy,0.7122,0.7116
best_acc_vs_best_spectral,db_triceps_curl,0.7681564245810056,0.9016393442622951,0.8295625942684767,305,mixed_family,axis_ax__mean,axis_gz__spectral_entropy,0.7122,0.7116
best_acc_vs_best_spectral,db_weighted_crunch,0.5859649122807018,0.5585284280936454,0.571917808219178,299,mixed_family,axis_ax__mean,axis_gz__spectral_entropy,0.7122,0.7116
best_acc_vs_best_spectral,one_arm_db_row,0.7550432276657061,0.8451612903225807,0.7975646879756468,310,mixed_family,axis_ax__mean,axis_gz__spectral_entropy,0.7122,0.7116
best_acc_vs_best_pca,db_bench_press,0.677115987460815,0.6352941176470588,0.6555386949924128,340,mixed_family,axis_ax__mean,gyro_pca__pca3_var_ratio,0.5896,0.5932
best_acc_vs_best_pca,db_biceps_curl,0.9201520912547528,0.8402777777777778,0.8784029038112523,288,mixed_family,axis_ax__mean,gyro_pca__pca3_var_ratio,0.5896,0.5932
best_acc_vs_best_pca,db_rdl,0.5559701492537313,0.5085324232081911,0.5311942959001783,293,mixed_family,axis_ax__mean,gyro_pca__pca3_var_ratio,0.5896,0.5932
best_acc_vs_best_pca,db_shoulder_press,0.24914675767918087,0.26353790613718414,0.256140350877193,277,mixed_family,axis_ax__mean,gyro_pca__pca3_var_ratio,0.5896,0.5932
best_acc_vs_best_pca,db_squat,0.7625,0.782051282051282,0.7721518987341772,312,mixed_family,axis_ax__mean,gyro_pca__pca3_var_ratio,0.5896,0.5932
best_acc_vs_best_pca,db_triceps_curl,0.7583081570996979,0.8229508196721311,0.789308176100629,305,mixed_family,axis_ax__mean,gyro_pca__pca3_var_ratio,0.5896,0.5932
best_acc_vs_best_pca,db_weighted_crunch,0.24489795918367346,0.2408026755852843,0.24283305227655985,299,mixed_family,axis_ax__mean,gyro_pca__pca3_var_ratio,0.5896,0.5932
best_acc_vs_best_pca,one_arm_db_row,0.5684523809523809,0.6161290322580645,0.5913312693498453,310,mixed_family,axis_ax__mean,gyro_pca__pca3_var_ratio,0.5896,0.5932
duration_vs_best_acc,db_bench_press,0.48089171974522293,0.4441176470588235,0.4617737003058104,340,duration,rep_duration_samples,axis_ax__mean,0.5671,0.5689
duration_vs_best_acc,db_biceps_curl,0.8690909090909091,0.8298611111111112,0.8490230905861457,288,duration,rep_duration_samples,axis_ax__mean,0.5671,0.5689
duration_vs_best_acc,db_rdl,0.679324894514768,0.5494880546075085,0.6075471698113207,293,duration,rep_duration_samples,axis_ax__mean,0.5671,0.5689
duration_vs_best_acc,db_shoulder_press,0.246875,0.2851985559566787,0.2646566164154104,277,duration,rep_duration_samples,axis_ax__mean,0.5671,0.5689
duration_vs_best_acc,db_squat,0.6355685131195336,0.6987179487179487,0.665648854961832,312,duration,rep_duration_samples,axis_ax__mean,0.5671,0.5689
duration_vs_best_acc,db_triceps_curl,0.7062706270627063,0.7016393442622951,0.7039473684210527,305,duration,rep_duration_samples,axis_ax__mean,0.5671,0.5689
duration_vs_best_acc,db_weighted_crunch,0.31679389312977096,0.27759197324414714,0.29590017825311943,299,duration,rep_duration_samples,axis_ax__mean,0.5671,0.5689
duration_vs_best_acc,one_arm_db_row,0.6324324324324324,0.7548387096774194,0.6882352941176471,310,duration,rep_duration_samples,axis_ax__mean,0.5671,0.5689
ranked_pair_01,db_bench_press,0.5616883116883117,0.5088235294117647,0.5339506172839507,340,ranked_diverse,axis_ax__mean,axis_ax__rms,0.6041,0.6089
ranked_pair_01,db_biceps_curl,0.9803149606299213,0.8645833333333334,0.9188191881918819,288,ranked_diverse,axis_ax__mean,axis_ax__rms,0.6041,0.6089
ranked_pair_01,db_rdl,0.6163265306122448,0.515358361774744,0.5613382899628253,293,ranked_diverse,axis_ax__mean,axis_ax__rms,0.6041,0.6089
ranked_pair_01,db_shoulder_press,0.3380681818181818,0.4296028880866426,0.3783783783783784,277,ranked_diverse,axis_ax__mean,axis_ax__rms,0.6041,0.6089
ranked_pair_01,db_squat,0.6693548387096774,0.7980769230769231,0.7280701754385965,312,ranked_diverse,axis_ax__mean,axis_ax__rms,0.6041,0.6089
ranked_pair_01,db_triceps_curl,0.7962382445141066,0.8327868852459016,0.8141025641025641,305,ranked_diverse,axis_ax__mean,axis_ax__rms,0.6041,0.6089
ranked_pair_01,db_weighted_crunch,0.29767441860465116,0.2140468227424749,0.2490272373540856,299,ranked_diverse,axis_ax__mean,axis_ax__rms,0.6041,0.6089
ranked_pair_01,one_arm_db_row,0.6044568245125348,0.7,0.648729446935725,310,ranked_diverse,axis_ax__mean,axis_ax__rms,0.6041,0.6089
ranked_pair_02,db_bench_press,0.5616883116883117,0.5088235294117647,0.5339506172839507,340,ranked_diverse,axis_ax__mean,axis_ax__energy_mean,0.6041,0.6089
ranked_pair_02,db_biceps_curl,0.9803149606299213,0.8645833333333334,0.9188191881918819,288,ranked_diverse,axis_ax__mean,axis_ax__energy_mean,0.6041,0.6089
ranked_pair_02,db_rdl,0.6163265306122448,0.515358361774744,0.5613382899628253,293,ranked_diverse,axis_ax__mean,axis_ax__energy_mean,0.6041,0.6089
ranked_pair_02,db_shoulder_press,0.3380681818181818,0.4296028880866426,0.3783783783783784,277,ranked_diverse,axis_ax__mean,axis_ax__energy_mean,0.6041,0.6089
ranked_pair_02,db_squat,0.6693548387096774,0.7980769230769231,0.7280701754385965,312,ranked_diverse,axis_ax__mean,axis_ax__energy_mean,0.6041,0.6089
ranked_pair_02,db_triceps_curl,0.7962382445141066,0.8327868852459016,0.8141025641025641,305,ranked_diverse,axis_ax__mean,axis_ax__energy_mean,0.6041,0.6089
ranked_pair_02,db_weighted_crunch,0.29767441860465116,0.2140468227424749,0.2490272373540856,299,ranked_diverse,axis_ax__mean,axis_ax__energy_mean,0.6041,0.6089
ranked_pair_02,one_arm_db_row,0.6044568245125348,0.7,0.648729446935725,310,ranked_diverse,axis_ax__mean,axis_ax__energy_mean,0.6041,0.6089
ranked_pair_03,db_bench_press,0.5434083601286174,0.4970588235294118,0.5192012288786483,340,ranked_diverse,axis_ax__mean,axis_ax__abs_mean,0.5747,0.5755
ranked_pair_03,db_biceps_curl,0.9507575757575758,0.8715277777777778,0.9094202898550725,288,ranked_diverse,axis_ax__mean,axis_ax__abs_mean,0.5747,0.5755
ranked_pair_03,db_rdl,0.5676691729323309,0.515358361774744,0.5402504472271914,293,ranked_diverse,axis_ax__mean,axis_ax__abs_mean,0.5747,0.5755
ranked_pair_03,db_shoulder_press,0.3194888178913738,0.36101083032490977,0.3389830508474576,277,ranked_diverse,axis_ax__mean,axis_ax__abs_mean,0.5747,0.5755
ranked_pair_03,db_squat,0.5821727019498607,0.6698717948717948,0.6229508196721312,312,ranked_diverse,axis_ax__mean,axis_ax__abs_mean,0.5747,0.5755
ranked_pair_03,db_triceps_curl,0.7864077669902912,0.7967213114754098,0.7915309446254072,305,ranked_diverse,axis_ax__mean,axis_ax__abs_mean,0.5747,0.5755
ranked_pair_03,db_weighted_crunch,0.2916666666666667,0.25752508361204013,0.27353463587921845,299,ranked_diverse,axis_ax__mean,axis_ax__abs_mean,0.5747,0.5755
ranked_pair_03,one_arm_db_row,0.5769230769230769,0.6290322580645161,0.6018518518518519,310,ranked_diverse,axis_ax__mean,axis_ax__abs_mean,0.5747,0.5755
ranked_pair_04,db_bench_press,0.5684210526315789,0.4764705882352941,0.5184,340,ranked_diverse,axis_ax__mean,axis_ay__median,0.5965,0.5932
ranked_pair_04,db_biceps_curl,0.7903225806451613,0.8506944444444444,0.8193979933110368,288,ranked_diverse,axis_ax__mean,axis_ay__median,0.5965,0.5932
ranked_pair_04,db_rdl,0.678714859437751,0.5767918088737202,0.6236162361623616,293,ranked_diverse,axis_ax__mean,axis_ay__median,0.5965,0.5932
ranked_pair_04,db_shoulder_press,0.24281984334203655,0.33574007220216606,0.2818181818181818,277,ranked_diverse,axis_ax__mean,axis_ay__median,0.5965,0.5932
ranked_pair_04,db_squat,0.6840390879478827,0.6730769230769231,0.678513731825525,312,ranked_diverse,axis_ax__mean,axis_ay__median,0.5965,0.5932
ranked_pair_04,db_triceps_curl,0.9961832061068703,0.8557377049180328,0.9206349206349206,305,ranked_diverse,axis_ax__mean,axis_ay__median,0.5965,0.5932
ranked_pair_04,db_weighted_crunch,0.2490842490842491,0.22742474916387959,0.23776223776223776,299,ranked_diverse,axis_ax__mean,axis_ay__median,0.5965,0.5932
ranked_pair_04,one_arm_db_row,0.647887323943662,0.7419354838709677,0.6917293233082706,310,ranked_diverse,axis_ax__mean,axis_ay__median,0.5965,0.5932
ranked_pair_05,db_bench_press,0.509375,0.47941176470588237,0.49393939393939396,340,ranked_diverse,axis_ax__median,axis_ax__rms,0.5983,0.5961
ranked_pair_05,db_biceps_curl,0.987603305785124,0.8298611111111112,0.9018867924528302,288,ranked_diverse,axis_ax__median,axis_ax__rms,0.5983,0.5961
ranked_pair_05,db_rdl,0.7669172932330827,0.6962457337883959,0.7298747763864043,293,ranked_diverse,axis_ax__median,axis_ax__rms,0.5983,0.5961
ranked_pair_05,db_shoulder_press,0.2735562310030395,0.3249097472924188,0.297029702970297,277,ranked_diverse,axis_ax__median,axis_ax__rms,0.5983,0.5961
ranked_pair_05,db_squat,0.5614525139664804,0.6442307692307693,0.6,312,ranked_diverse,axis_ax__median,axis_ax__rms,0.5983,0.5961
ranked_pair_05,db_triceps_curl,0.7006369426751592,0.7213114754098361,0.7108239095315024,305,ranked_diverse,axis_ax__median,axis_ax__rms,0.5983,0.5961
ranked_pair_05,db_weighted_crunch,0.30739299610894943,0.26421404682274247,0.2841726618705036,299,ranked_diverse,axis_ax__median,axis_ax__rms,0.5983,0.5961
ranked_pair_05,one_arm_db_row,0.7366863905325444,0.8032258064516129,0.7685185185185185,310,ranked_diverse,axis_ax__median,axis_ax__rms,0.5983,0.5961
ranked_pair_06,db_bench_press,0.509375,0.47941176470588237,0.49393939393939396,340,ranked_diverse,axis_ax__median,axis_ax__energy_mean,0.5983,0.5961
ranked_pair_06,db_biceps_curl,0.987603305785124,0.8298611111111112,0.9018867924528302,288,ranked_diverse,axis_ax__median,axis_ax__energy_mean,0.5983,0.5961
ranked_pair_06,db_rdl,0.7669172932330827,0.6962457337883959,0.7298747763864043,293,ranked_diverse,axis_ax__median,axis_ax__energy_mean,0.5983,0.5961
ranked_pair_06,db_shoulder_press,0.2735562310030395,0.3249097472924188,0.297029702970297,277,ranked_diverse,axis_ax__median,axis_ax__energy_mean,0.5983,0.5961
ranked_pair_06,db_squat,0.5614525139664804,0.6442307692307693,0.6,312,ranked_diverse,axis_ax__median,axis_ax__energy_mean,0.5983,0.5961
ranked_pair_06,db_triceps_curl,0.7006369426751592,0.7213114754098361,0.7108239095315024,305,ranked_diverse,axis_ax__median,axis_ax__energy_mean,0.5983,0.5961
ranked_pair_06,db_weighted_crunch,0.30739299610894943,0.26421404682274247,0.2841726618705036,299,ranked_diverse,axis_ax__median,axis_ax__energy_mean,0.5983,0.5961
ranked_pair_06,one_arm_db_row,0.7366863905325444,0.8032258064516129,0.7685185185185185,310,ranked_diverse,axis_ax__median,axis_ax__energy_mean,0.5983,0.5961
ranked_pair_07,db_bench_press,0.5502793296089385,0.5794117647058824,0.5644699140401146,340,ranked_diverse,axis_ax__median,axis_ax__abs_mean,0.6347,0.6386
ranked_pair_07,db_biceps_curl,0.9878048780487805,0.84375,0.9101123595505618,288,ranked_diverse,axis_ax__median,axis_ax__abs_mean,0.6347,0.6386
ranked_pair_07,db_rdl,0.7798507462686567,0.7133105802047781,0.7450980392156863,293,ranked_diverse,axis_ax__median,axis_ax__abs_mean,0.6347,0.6386
ranked_pair_07,db_shoulder_press,0.2777777777777778,0.30685920577617326,0.2915951972555746,277,ranked_diverse,axis_ax__median,axis_ax__abs_mean,0.6347,0.6386
ranked_pair_07,db_squat,0.6612466124661247,0.782051282051282,0.7165932452276065,312,ranked_diverse,axis_ax__median,axis_ax__abs_mean,0.6347,0.6386
ranked_pair_07,db_triceps_curl,0.8064516129032258,0.819672131147541,0.8130081300813008,305,ranked_diverse,axis_ax__median,axis_ax__abs_mean,0.6347,0.6386
ranked_pair_07,db_weighted_crunch,0.2943722943722944,0.22742474916387959,0.25660377358490566,299,ranked_diverse,axis_ax__median,axis_ax__abs_mean,0.6347,0.6386
ranked_pair_07,one_arm_db_row,0.75,0.8129032258064516,0.7801857585139319,310,ranked_diverse,axis_ax__median,axis_ax__abs_mean,0.6347,0.6386
ranked_pair_08,db_bench_press,0.5665529010238908,0.48823529411764705,0.5244865718799369,340,ranked_diverse,axis_ax__mean,axis_ay__mean,0.5958,0.5965
ranked_pair_08,db_biceps_curl,0.8118811881188119,0.8541666666666666,0.8324873096446701,288,ranked_diverse,axis_ax__mean,axis_ay__mean,0.5958,0.5965
ranked_pair_08,db_rdl,0.688715953307393,0.6040955631399317,0.6436363636363637,293,ranked_diverse,axis_ax__mean,axis_ay__mean,0.5958,0.5965
ranked_pair_08,db_shoulder_press,0.23577235772357724,0.3140794223826715,0.2693498452012384,277,ranked_diverse,axis_ax__mean,axis_ay__mean,0.5958,0.5965
ranked_pair_08,db_squat,0.6886792452830188,0.7019230769230769,0.6952380952380952,312,ranked_diverse,axis_ax__mean,axis_ay__mean,0.5958,0.5965
ranked_pair_08,db_triceps_curl,0.9333333333333333,0.8721311475409836,0.9016949152542373,305,ranked_diverse,axis_ax__mean,axis_ay__mean,0.5958,0.5965
ranked_pair_08,db_weighted_crunch,0.21825396825396826,0.18394648829431437,0.1996370235934664,299,ranked_diverse,axis_ax__mean,axis_ay__mean,0.5958,0.5965
ranked_pair_08,one_arm_db_row,0.6628242074927954,0.7419354838709677,0.700152207001522,310,ranked_diverse,axis_ax__mean,axis_ay__mean,0.5958,0.5965
ranked_pair_09,db_bench_press,0.5678571428571428,0.4676470588235294,0.5129032258064516,340,ranked_diverse,axis_ax__median,axis_ay__median,0.6196,0.6167
ranked_pair_09,db_biceps_curl,0.7770700636942676,0.8472222222222222,0.8106312292358804,288,ranked_diverse,axis_ax__median,axis_ay__median,0.6196,0.6167
ranked_pair_09,db_rdl,0.7298245614035088,0.7098976109215017,0.7197231833910035,293,ranked_diverse,axis_ax__median,axis_ay__median,0.6196,0.6167
ranked_pair_09,db_shoulder_press,0.26052631578947366,0.3574007220216607,0.3013698630136986,277,ranked_diverse,axis_ax__median,axis_ay__median,0.6196,0.6167
ranked_pair_09,db_squat,0.7170418006430869,0.7147435897435898,0.7158908507223114,312,ranked_diverse,axis_ax__median,axis_ay__median,0.6196,0.6167
ranked_pair_09,db_triceps_curl,0.9962406015037594,0.8688524590163934,0.9281961471103327,305,ranked_diverse,axis_ax__median,axis_ay__median,0.6196,0.6167
ranked_pair_09,db_weighted_crunch,0.24354243542435425,0.22073578595317725,0.23157894736842105,299,ranked_diverse,axis_ax__median,axis_ay__median,0.6196,0.6167
ranked_pair_09,one_arm_db_row,0.7287066246056783,0.7451612903225806,0.7368421052631579,310,ranked_diverse,axis_ax__median,axis_ay__median,0.6196,0.6167
ranked_pair_10,db_bench_press,0.540268456375839,0.47352941176470587,0.5047021943573667,340,ranked_diverse,axis_ax__median,axis_ay__mean,0.6112,0.6106
ranked_pair_10,db_biceps_curl,0.7816455696202531,0.8576388888888888,0.8178807947019867,288,ranked_diverse,axis_ax__median,axis_ay__mean,0.6112,0.6106
ranked_pair_10,db_rdl,0.7816091954022989,0.6962457337883959,0.7364620938628159,293,ranked_diverse,axis_ax__median,axis_ay__mean,0.6112,0.6106
ranked_pair_10,db_shoulder_press,0.23142857142857143,0.2924187725631769,0.2583732057416268,277,ranked_diverse,axis_ax__median,axis_ay__mean,0.6112,0.6106
ranked_pair_10,db_squat,0.7133333333333334,0.6858974358974359,0.6993464052287581,312,ranked_diverse,axis_ax__median,axis_ay__mean,0.6112,0.6106
ranked_pair_10,db_triceps_curl,0.9501779359430605,0.8754098360655738,0.9112627986348123,305,ranked_diverse,axis_ax__median,axis_ay__mean,0.6112,0.6106
ranked_pair_10,db_weighted_crunch,0.19494584837545126,0.1806020066889632,0.1875,299,ranked_diverse,axis_ax__median,axis_ay__mean,0.6112,0.6106
ranked_pair_10,one_arm_db_row,0.7390029325513197,0.8129032258064516,0.7741935483870968,310,ranked_diverse,axis_ax__median,axis_ay__mean,0.6112,0.6106
ranked_pair_11,db_bench_press,0.5594594594594594,0.6088235294117647,0.5830985915492958,340,ranked_diverse,axis_ax__rms,acc_norm__abs_mean,0.6426,0.6498
ranked_pair_11,db_biceps_curl,0.9682539682539683,0.8472222222222222,0.9037037037037037,288,ranked_diverse,axis_ax__rms,acc_norm__abs_mean,0.6426,0.6498
ranked_pair_11,db_rdl,0.6753731343283582,0.6177474402730375,0.6452762923351159,293,ranked_diverse,axis_ax__rms,acc_norm__abs_mean,0.6426,0.6498
ranked_pair_11,db_shoulder_press,0.31790123456790126,0.37184115523465705,0.3427620632279534,277,ranked_diverse,axis_ax__rms,acc_norm__abs_mean,0.6426,0.6498
ranked_pair_11,db_squat,0.73224043715847,0.8589743589743589,0.7905604719764012,312,ranked_diverse,axis_ax__rms,acc_norm__abs_mean,0.6426,0.6498
ranked_pair_11,db_triceps_curl,0.9067524115755627,0.9245901639344263,0.9155844155844156,305,ranked_diverse,axis_ax__rms,acc_norm__abs_mean,0.6426,0.6498
ranked_pair_11,db_weighted_crunch,0.3435897435897436,0.22408026755852842,0.27125506072874495,299,ranked_diverse,axis_ax__rms,acc_norm__abs_mean,0.6426,0.6498
ranked_pair_11,one_arm_db_row,0.6597633136094675,0.7193548387096774,0.6882716049382716,310,ranked_diverse,axis_ax__rms,acc_norm__abs_mean,0.6426,0.6498
ranked_pair_12,db_bench_press,0.6360424028268551,0.5294117647058824,0.5778491171749599,340,ranked_diverse,axis_ax__rms,axis_ay__median,0.552,0.5483
ranked_pair_12,db_biceps_curl,0.5745454545454546,0.5486111111111112,0.5612788632326821,288,ranked_diverse,axis_ax__rms,axis_ay__median,0.552,0.5483
ranked_pair_12,db_rdl,0.6456692913385826,0.5597269624573379,0.5996343692870201,293,ranked_diverse,axis_ax__rms,axis_ay__median,0.552,0.5483
ranked_pair_12,db_shoulder_press,0.2761394101876676,0.37184115523465705,0.3169230769230769,277,ranked_diverse,axis_ax__rms,axis_ay__median,0.552,0.5483
ranked_pair_12,db_squat,0.47023809523809523,0.5064102564102564,0.4876543209876543,312,ranked_diverse,axis_ax__rms,axis_ay__median,0.552,0.5483
ranked_pair_12,db_triceps_curl,1.0,0.8688524590163934,0.9298245614035088,305,ranked_diverse,axis_ax__rms,axis_ay__median,0.552,0.5483
ranked_pair_12,db_weighted_crunch,0.28125,0.2709030100334448,0.27597955706984667,299,ranked_diverse,axis_ax__rms,axis_ay__median,0.552,0.5483
ranked_pair_12,one_arm_db_row,0.6285714285714286,0.7096774193548387,0.6666666666666666,310,ranked_diverse,axis_ax__rms,axis_ay__median,0.552,0.5483
db_bench_press_best_effect_pair,db_bench_press,0.6976744186046512,0.6176470588235294,0.6552262090483619,340,exercise_effect,axis_ax__min,axis_ax__mean,0.6126,0.6163
db_bench_press_best_effect_pair,db_biceps_curl,0.9651162790697675,0.8645833333333334,0.9120879120879121,288,exercise_effect,axis_ax__min,axis_ax__mean,0.6126,0.6163
db_bench_press_best_effect_pair,db_rdl,0.569620253164557,0.46075085324232085,0.5094339622641509,293,exercise_effect,axis_ax__min,axis_ax__mean,0.6126,0.6163
db_bench_press_best_effect_pair,db_shoulder_press,0.34385964912280703,0.35379061371841153,0.3487544483985765,277,exercise_effect,axis_ax__min,axis_ax__mean,0.6126,0.6163
db_bench_press_best_effect_pair,db_squat,0.7852564102564102,0.7852564102564102,0.7852564102564102,312,exercise_effect,axis_ax__min,axis_ax__mean,0.6126,0.6163
db_bench_press_best_effect_pair,db_triceps_curl,0.7154696132596685,0.8491803278688524,0.7766116941529235,305,exercise_effect,axis_ax__min,axis_ax__mean,0.6126,0.6163
db_bench_press_best_effect_pair,db_weighted_crunch,0.2956810631229236,0.2976588628762542,0.2966666666666667,299,exercise_effect,axis_ax__min,axis_ax__mean,0.6126,0.6163
db_bench_press_best_effect_pair,one_arm_db_row,0.5679347826086957,0.6741935483870968,0.616519174041298,310,exercise_effect,axis_ax__min,axis_ax__mean,0.6126,0.6163
db_biceps_curl_best_effect_pair,db_bench_press,0.18597560975609756,0.17941176470588235,0.18263473053892215,340,exercise_effect,axis_ax__std,axis_ax__range,0.3502,0.3474
db_biceps_curl_best_effect_pair,db_biceps_curl,0.9219330855018587,0.8611111111111112,0.8904847396768402,288,exercise_effect,axis_ax__std,axis_ax__range,0.3502,0.3474
db_biceps_curl_best_effect_pair,db_rdl,0.1828358208955224,0.16723549488054607,0.1746880570409982,293,exercise_effect,axis_ax__std,axis_ax__range,0.3502,0.3474
db_biceps_curl_best_effect_pair,db_shoulder_press,0.22433460076045628,0.21299638989169675,0.21851851851851853,277,exercise_effect,axis_ax__std,axis_ax__range,0.3502,0.3474
db_biceps_curl_best_effect_pair,db_squat,0.2125984251968504,0.17307692307692307,0.19081272084805653,312,exercise_effect,axis_ax__std,axis_ax__range,0.3502,0.3474
db_biceps_curl_best_effect_pair,db_triceps_curl,0.6607669616519174,0.7344262295081967,0.6956521739130435,305,exercise_effect,axis_ax__std,axis_ax__range,0.3502,0.3474
db_biceps_curl_best_effect_pair,db_weighted_crunch,0.1532033426183844,0.18394648829431437,0.16717325227963525,299,exercise_effect,axis_ax__std,axis_ax__range,0.3502,0.3474
db_biceps_curl_best_effect_pair,one_arm_db_row,0.26744186046511625,0.2967741935483871,0.28134556574923547,310,exercise_effect,axis_ax__std,axis_ax__range,0.3502,0.3474
db_rdl_best_effect_pair,db_bench_press,0.659016393442623,0.5911764705882353,0.6232558139534884,340,exercise_effect,axis_ax__max,axis_ax__mean,0.6237,0.625
db_rdl_best_effect_pair,db_biceps_curl,0.8984962406015038,0.8298611111111112,0.8628158844765343,288,exercise_effect,axis_ax__max,axis_ax__mean,0.6237,0.625
db_rdl_best_effect_pair,db_rdl,0.6666666666666666,0.6006825938566553,0.6319569120287253,293,exercise_effect,axis_ax__max,axis_ax__mean,0.6237,0.625
db_rdl_best_effect_pair,db_shoulder_press,0.36627906976744184,0.4548736462093863,0.4057971014492754,277,exercise_effect,axis_ax__max,axis_ax__mean,0.6237,0.625
db_rdl_best_effect_pair,db_squat,0.7123287671232876,0.6666666666666666,0.6887417218543046,312,exercise_effect,axis_ax__max,axis_ax__mean,0.6237,0.625
db_rdl_best_effect_pair,db_triceps_curl,0.7212643678160919,0.8229508196721311,0.7687595712098009,305,exercise_effect,axis_ax__max,axis_ax__mean,0.6237,0.625
db_rdl_best_effect_pair,db_weighted_crunch,0.34980988593155893,0.3076923076923077,0.3274021352313167,299,exercise_effect,axis_ax__max,axis_ax__mean,0.6237,0.625
db_rdl_best_effect_pair,one_arm_db_row,0.6491228070175439,0.7161290322580646,0.6809815950920245,310,exercise_effect,axis_ax__max,axis_ax__mean,0.6237,0.625
db_squat_best_effect_pair,db_bench_press,0.24624624624624625,0.2411764705882353,0.2436849925705795,340,exercise_effect,axis_az__mean,axis_az__median,0.3525,0.3552
db_squat_best_effect_pair,db_biceps_curl,0.416,0.3611111111111111,0.38661710037174724,288,exercise_effect,axis_az__mean,axis_az__median,0.3525,0.3552
db_squat_best_effect_pair,db_rdl,0.18214285714285713,0.17406143344709898,0.17801047120418848,293,exercise_effect,axis_az__mean,axis_az__median,0.3525,0.3552
db_squat_best_effect_pair,db_shoulder_press,0.24914675767918087,0.26353790613718414,0.256140350877193,277,exercise_effect,axis_az__mean,axis_az__median,0.3525,0.3552
db_squat_best_effect_pair,db_squat,0.7692307692307693,0.7692307692307693,0.7692307692307693,312,exercise_effect,axis_az__mean,axis_az__median,0.3525,0.3552
db_squat_best_effect_pair,db_triceps_curl,0.40514469453376206,0.4131147540983607,0.4090909090909091,305,exercise_effect,axis_az__mean,axis_az__median,0.3525,0.3552
db_squat_best_effect_pair,db_weighted_crunch,0.24521072796934865,0.2140468227424749,0.22857142857142856,299,exercise_effect,axis_az__mean,axis_az__median,0.3525,0.3552
db_squat_best_effect_pair,one_arm_db_row,0.3151041666666667,0.3903225806451613,0.34870317002881845,310,exercise_effect,axis_az__mean,axis_az__median,0.3525,0.3552
db_triceps_curl_best_effect_pair,db_bench_press,0.21069182389937108,0.19705882352941176,0.20364741641337386,340,exercise_effect,axis_ay__median,axis_ay__mean,0.4117,0.4088
db_triceps_curl_best_effect_pair,db_biceps_curl,0.6094890510948905,0.5798611111111112,0.594306049822064,288,exercise_effect,axis_ay__median,axis_ay__mean,0.4117,0.4088
db_triceps_curl_best_effect_pair,db_rdl,0.47706422018348627,0.5324232081911263,0.5032258064516129,293,exercise_effect,axis_ay__median,axis_ay__mean,0.4117,0.4088
db_triceps_curl_best_effect_pair,db_shoulder_press,0.2814569536423841,0.30685920577617326,0.29360967184801384,277,exercise_effect,axis_ay__median,axis_ay__mean,0.4117,0.4088
db_triceps_curl_best_effect_pair,db_squat,0.31950207468879666,0.2467948717948718,0.27848101265822783,312,exercise_effect,axis_ay__median,axis_ay__mean,0.4117,0.4088
db_triceps_curl_best_effect_pair,db_triceps_curl,0.8888888888888888,0.8655737704918033,0.8770764119601329,305,exercise_effect,axis_ay__median,axis_ay__mean,0.4117,0.4088
db_triceps_curl_best_effect_pair,db_weighted_crunch,0.23448275862068965,0.22742474916387959,0.23089983022071306,299,exercise_effect,axis_ay__median,axis_ay__mean,0.4117,0.4088
db_triceps_curl_best_effect_pair,one_arm_db_row,0.2853333333333333,0.34516129032258064,0.3124087591240876,310,exercise_effect,axis_ay__median,axis_ay__mean,0.4117,0.4088
db_weighted_crunch_best_effect_pair,db_bench_press,0.22193211488250653,0.25,0.2351313969571231,340,exercise_effect,corr__ax__az,acc_norm__spectral_entropy,0.3927,0.3944
db_weighted_crunch_best_effect_pair,db_biceps_curl,0.37362637362637363,0.3541666666666667,0.36363636363636365,288,exercise_effect,corr__ax__az,acc_norm__spectral_entropy,0.3927,0.3944
db_weighted_crunch_best_effect_pair,db_rdl,0.1220472440944882,0.10580204778156997,0.113345521023766,293,exercise_effect,corr__ax__az,acc_norm__spectral_entropy,0.3927,0.3944
db_weighted_crunch_best_effect_pair,db_shoulder_press,0.3142857142857143,0.3574007220216607,0.3344594594594595,277,exercise_effect,corr__ax__az,acc_norm__spectral_entropy,0.3927,0.3944
db_weighted_crunch_best_effect_pair,db_squat,0.425531914893617,0.32051282051282054,0.3656307129798903,312,exercise_effect,corr__ax__az,acc_norm__spectral_entropy,0.3927,0.3944
db_weighted_crunch_best_effect_pair,db_triceps_curl,0.8571428571428571,0.9049180327868852,0.8803827751196173,305,exercise_effect,corr__ax__az,acc_norm__spectral_entropy,0.3927,0.3944
db_weighted_crunch_best_effect_pair,db_weighted_crunch,0.6424050632911392,0.6789297658862876,0.6601626016260163,299,exercise_effect,corr__ax__az,acc_norm__spectral_entropy,0.3927,0.3944
db_weighted_crunch_best_effect_pair,one_arm_db_row,0.18404907975460122,0.1935483870967742,0.18867924528301888,310,exercise_effect,corr__ax__az,acc_norm__spectral_entropy,0.3927,0.3944
one_arm_db_row_best_effect_pair,db_bench_press,0.5577557755775577,0.4970588235294118,0.5256609642301711,340,exercise_effect,axis_ax__max,axis_ax__median,0.6075,0.6073
one_arm_db_row_best_effect_pair,db_biceps_curl,0.8161764705882353,0.7708333333333334,0.7928571428571428,288,exercise_effect,axis_ax__max,axis_ax__median,0.6075,0.6073
one_arm_db_row_best_effect_pair,db_rdl,0.7239057239057239,0.7337883959044369,0.7288135593220338,293,exercise_effect,axis_ax__max,axis_ax__median,0.6075,0.6073
one_arm_db_row_best_effect_pair,db_shoulder_press,0.34523809523809523,0.4187725631768953,0.37846655791190864,277,exercise_effect,axis_ax__max,axis_ax__median,0.6075,0.6073
one_arm_db_row_best_effect_pair,db_squat,0.6889632107023411,0.6602564102564102,0.67430441898527,312,exercise_effect,axis_ax__max,axis_ax__median,0.6075,0.6073
one_arm_db_row_best_effect_pair,db_triceps_curl,0.677710843373494,0.7377049180327869,0.706436420722135,305,exercise_effect,axis_ax__max,axis_ax__median,0.6075,0.6073
one_arm_db_row_best_effect_pair,db_weighted_crunch,0.32971014492753625,0.30434782608695654,0.3165217391304348,299,exercise_effect,axis_ax__max,axis_ax__median,0.6075,0.6073
one_arm_db_row_best_effect_pair,one_arm_db_row,0.7378640776699029,0.7354838709677419,0.7366720516962844,310,exercise_effect,axis_ax__max,axis_ax__median,0.6075,0.6073
