pc_time,serial_num,sensor_ts,host_ts,ax,ay,az,gx,gy,gz,mx,my,mz,phase,rpe,weight_kg,ppg_a,ppg_b,ppg_c,ppg_d,ppg_e
2026-04-09 22:15:47.698311,298547,1877676180,1877678134,-1.009184,0.306464,0.021472,-1.82875,-14.27125,9.31,15.056001,-7.688,14.208001,eccentric,5,5.0,32491.0,403431.0,137398.0,10228.0,-126.0
2026-04-09 22:15:47.729229,298558,1877685178,1877686857,-1.009184,0.306464,0.021472,3.28125,-14.69125,10.9375,15.056001,-7.688,14.208001,eccentric,5,5.0,32613.0,403431.0,137979.0,10527.0,-146.0
2026-04-09 22:15:47.733864,298559,1877694100,1877695572,-0.892064,0.07808,-0.017568,7.35875,-11.515,5.145,16.872002,-7.872,11.84,eccentric,5,5.0,32613.0,403431.0,137979.0,10527.0,-146.0
2026-04-09 22:15:47.735585,298560,1877703027,1877704272,-0.892064,0.07808,-0.017568,6.02875,-4.69,0.035,16.872002,-7.872,11.84,eccentric,5,5.0,32613.0,403431.0,137979.0,10527.0,-146.0
2026-04-09 22:15:47.738015,298561,1877717508,1877719281,-0.950624,0.12688,-0.062464,3.745,1.19875,0.97125,17.168001,-8.432,12.456,eccentric,5,5.0,32613.0,403431.0,137979.0,10527.0,-146.0
2026-04-09 22:15:47.739602,298562,1877726446,1877728046,-0.950624,0.12688,-0.062464,3.465,4.17375,5.6,17.168001,-8.432,12.456,eccentric,5,5.0,32613.0,403431.0,137979.0,10527.0,-146.0
2026-04-09 22:15:47.743774,298563,1877735423,1877736739,-0.919392,0.189344,-0.230336,5.6,4.55875,9.5025,16.968,-8.776,12.104001,eccentric,5,5.0,32613.0,403431.0,137979.0,10527.0,-146.0
2026-04-09 22:15:47.750000,298564,1877749898,1877751707,-0.919392,0.189344,-0.230336,6.15125,2.835,1.925,16.968,-8.776,12.104001,eccentric,5,5.0,32613.0,403431.0,137979.0,10527.0,-146.0
2026-04-09 22:15:47.778545,298565,1877758853,1877760413,-0.95648,0.091744,-0.109312,3.1325,0.91875,-0.8925,16.848001,-8.08,12.984,eccentric,5,5.0,32613.0,403431.0,137979.0,10527.0,-146.0
2026-04-09 22:15:47.782131,298566,1877767766,1877769095,-0.95648,0.091744,-0.109312,8.855001,-0.7875,3.08875,16.848001,-8.08,12.984,eccentric,5,5.0,32613.0,403431.0,137979.0,10527.0,-146.0
2026-04-09 22:15:47.808911,298576,1877782785,1877784452,-0.9272,0.203008,-0.023424,13.0375,-0.25375,6.195,17.04,-8.360001,13.080001,eccentric,5,5.0,32266.0,403431.0,137694.0,10443.0,-154.0
2026-04-09 22:15:47.810549,298577,1877791835,1877793211,-0.9272,0.203008,-0.023424,8.715,1.89875,4.935,17.04,-8.360001,13.080001,eccentric,5,5.0,32266.0,403431.0,137694.0,10443.0,-154.0
2026-04-09 22:15:47.812243,298578,1877800796,1877801955,-0.931104,0.183488,-0.076128,7.56,4.05125,3.12375,16.112001,-8.08,13.952001,eccentric,5,5.0,32266.0,403431.0,137694.0,10443.0,-154.0
2026-04-09 22:15:47.816202,298579,1877809704,1877810678,-0.931104,0.183488,-0.076128,8.785,4.94375,2.77375,16.112001,-8.08,13.952001,eccentric,5,5.0,32266.0,403431.0,137694.0,10443.0,-154.0
2026-04-09 22:15:47.850267,298580,1877824323,1877825606,-0.999424,0.1952,-0.23424,11.24375,2.8525,3.61375,16.216002,-8.216001,13.68,eccentric,5,5.0,32266.0,403431.0,137694.0,10443.0,-154.0
2026-04-09 22:15:47.851837,298581,1877833263,1877834346,-0.999424,0.1952,-0.07808,13.195,-0.28,3.17625,16.216002,-8.216001,13.68,eccentric,5,5.0,32266.0,403431.0,137694.0,10443.0,-154.0
2026-04-09 22:15:47.853528,298582,1877842167,1877843045,-0.960384,0.154208,-0.07808,14.02625,-2.00375,2.5375,17.880001,-7.464,12.880001,eccentric,5,5.0,32266.0,403431.0,137694.0,10443.0,-154.0
2026-04-09 22:15:47.857590,298583,1877856649,1877857943,-0.960384,0.2928,0.042944,13.51875,-0.69125,4.0775,17.216002,-8.176001,13.080001,eccentric,5,5.0,32266.0,403431.0,137694.0,10443.0,-154.0
2026-04-09 22:15:47.888948,298584,1877865566,1877866650,-0.960384,0.2928,0.042944,12.50375,3.19375,5.6525,17.216002,-8.176001,13.080001,eccentric,5,5.0,32266.0,403431.0,137694.0,10443.0,-154.0
2026-04-09 22:15:47.889269,298585,1877874465,1877875314,-1.009184,0.191296,-0.1464,9.80875,6.57125,5.075,16.792002,-8.368,12.848001,eccentric,5,5.0,32266.0,403431.0,137694.0,10443.0,-154.0
2026-04-09 22:15:47.926846,298595,1877884036,1877886091,-1.009184,0.191296,-0.1464,7.70875,7.58625,1.47875,16.792002,-8.368,12.848001,eccentric,5,5.0,31625.0,403431.0,136378.0,9817.0,-152.0
2026-04-09 22:15:47.928531,298596,1877898571,1877898961,-0.96624,0.20496,-0.203008,12.3025,6.37,2.35375,17.104,-7.76,12.712001,eccentric,5,5.0,31625.0,403431.0,136378.0,9817.0,-152.0
2026-04-09 22:15:47.932619,298597,1877907895,1877909739,-0.96624,0.20496,-0.203008,15.18125,4.62875,3.7275,17.104,-7.76,12.712001,eccentric,5,5.0,31625.0,403431.0,136378.0,9817.0,-152.0
2026-04-09 22:15:47.934343,298598,1877916819,1877918467,-0.964288,0.259616,0.0,13.545,2.065,6.55375,17.08,-8.328,13.096001,eccentric,5,5.0,31625.0,403431.0,136378.0,9817.0,-152.0
2026-04-09 22:15:47.936283,298599,1877931322,1877933409,-0.964288,0.259616,0.0,12.6,2.24875,8.4875,17.08,-8.328,13.096001,eccentric,5,5.0,31625.0,403431.0,136378.0,9817.0,-152.0
2026-04-09 22:15:47.940417,298600,1877940268,1877942119,-0.958432,0.300608,-0.07808,11.06875,3.395,9.905,16.368,-8.552,15.112,eccentric,5,5.0,31625.0,403431.0,136378.0,9817.0,-152.0
2026-04-09 22:15:47.970744,298601,1877949187,1877950823,-0.958432,0.300608,-0.07808,8.82875,4.83,9.345,16.368,-8.552,15.112,eccentric,5,5.0,31625.0,403431.0,136378.0,9817.0,-152.0
2026-04-09 22:15:47.975171,298602,1877963655,1877965750,-0.962336,0.220576,-0.16592,10.71,5.0225,8.6625,16.704,-8.240001,13.880001,eccentric,5,5.0,31625.0,403431.0,136378.0,9817.0,-152.0
2026-04-09 22:15:47.976874,298603,1877972575,1877974453,-0.962336,0.220576,-0.16592,10.0625,4.52375,11.33125,16.704,-8.240001,13.880001,eccentric,5,5.0,31625.0,403431.0,136378.0,9817.0,-152.0
2026-04-09 22:15:48.008125,298614,1877981879,1877983517,-0.935008,0.269376,-0.085888,6.06375,4.85625,14.665,17.880001,-8.136001,12.784,eccentric,5,5.0,31468.0,403431.0,136675.0,10076.0,-140.0
2026-04-09 22:15:48.010523,298615,1877990950,1877992338,-0.935008,0.269376,-0.085888,1.2775,4.50625,17.928751,17.880001,-8.136001,12.784,eccentric,5,5.0,31468.0,403431.0,136675.0,10076.0,-140.0
2026-04-09 22:15:48.012149,298616,1878005560,1878007323,-0.905728,0.329888,-0.001952,-0.14,5.32,19.67,15.488001,-8.456,14.808001,eccentric,5,5.0,31468.0,403431.0,136675.0,10076.0,-140.0
2026-04-09 22:15:48.016235,298617,1878014473,1878016033,-0.933056,0.261568,-0.191296,-0.245,6.02875,18.795,15.488001,-8.456,12.080001,eccentric,5,5.0,31468.0,403431.0,136675.0,10076.0,-140.0
2026-04-09 22:15:48.045031,298618,1878023470,1878024729,-0.933056,0.261568,-0.191296,-3.99,5.29375,20.06375,17.552,-8.512,12.080001,eccentric,5,5.0,31468.0,403431.0,136675.0,10076.0,-140.0
2026-04-09 22:15:48.049344,298619,1878037913,1878039656,-0.886208,0.257664,-0.16592,-5.3025,3.07125,23.0125,17.560001,-9.096001,12.992001,eccentric,5,5.0,31468.0,403431.0,136675.0,10076.0,-140.0
2026-04-09 22:15:48.050926,298620,1878046833,1878048377,-0.886208,0.257664,-0.16592,-4.38375,0.63,22.7325,17.560001,-9.096001,12.992001,eccentric,5,5.0,31468.0,403431.0,136675.0,10076.0,-140.0
2026-04-09 22:15:48.055016,298621,1878055766,1878057085,-0.874496,0.359168,-0.01952,-7.3325,-2.68625,24.33375,16.552,-9.024,13.552001,eccentric,5,5.0,31468.0,403431.0,136675.0,10076.0,-140.0
2026-04-09 22:15:48.083610,298622,1878070269,1878072013,-0.874496,0.359168,-0.01952,-7.72625,-5.45125,27.973751,16.552,-9.024,13.552001,eccentric,5,5.0,31468.0,403431.0,136675.0,10076.0,-140.0
2026-04-09 22:15:48.087140,298623,1878079159,1878080699,-0.921344,0.353312,-0.089792,-8.91625,-6.3175,26.1975,17.392,-8.768001,13.368001,eccentric,5,5.0,31468.0,403431.0,136675.0,10076.0,-140.0
2026-04-09 22:15:48.112086,298633,1878088174,1878089419,-0.921344,0.353312,-0.089792,-9.35375,-5.92375,23.79125,17.392,-8.768001,13.368001,eccentric,5,5.0,31330.0,403431.0,136486.0,10021.0,-142.0
2026-04-09 22:15:48.114576,298634,1878097192,1878098199,-0.862784,0.294752,-0.113216,-6.76375,-4.27,25.99625,17.288,-9.400001,14.360001,eccentric,5,5.0,31330.0,403431.0,136486.0,10021.0,-142.0
2026-04-09 22:15:48.117065,298635,1878111856,1878113147,-0.862784,0.294752,-0.113216,-11.585,-3.75375,28.13125,17.288,-9.400001,14.360001,eccentric,5,5.0,31330.0,403431.0,136486.0,10021.0,-142.0
2026-04-09 22:15:48.119595,298636,1878120837,1878121891,-0.952576,0.33184,-0.130784,-15.26875,-5.73125,30.54625,18.224,-9.632001,14.696001,eccentric,5,5.0,31330.0,403431.0,136486.0,10021.0,-142.0
2026-04-09 22:15:48.149893,298637,1878129773,1878130604,-0.952576,0.33184,-0.130784,-15.88125,-10.59625,34.69375,18.224,-9.632001,14.696001,eccentric,5,5.0,31330.0,403431.0,136486.0,10021.0,-142.0
2026-04-09 22:15:48.153393,298638,1878144323,1878145481,-0.91744,0.571936,-0.201056,-11.725,-14.6125,37.52,18.6,-10.032001,13.944,eccentric,5,5.0,31330.0,403431.0,136486.0,10021.0,-142.0
2026-04-09 22:15:48.155826,298639,1878153320,1878154169,-0.91744,0.571936,-0.201056,-7.6125,-13.9825,33.95875,18.6,-10.032001,13.944,eccentric,5,5.0,31330.0,403431.0,136486.0,10021.0,-142.0
2026-04-09 22:15:48.159575,298640,1878162248,1878162930,-0.940864,0.25376,0.00976,-15.9075,-12.11,31.15,18.664001,-9.784,12.536,eccentric,5,5.0,31330.0,403431.0,136486.0,10021.0,-142.0
2026-04-09 22:15:48.189794,298641,1878171761,1878173707,-0.940864,0.25376,0.00976,-22.3825,-10.167501,34.6675,18.664001,-9.784,12.536,eccentric,5,5.0,31330.0,403431.0,136486.0,10021.0,-142.0
2026-04-09 22:15:48.218341,298651,1878186435,1878188705,-0.880352,0.41968,-0.050752,-20.88625,-7.9975,39.78625,18.744001,-10.88,14.384001,eccentric,5,5.0,31631.0,403431.0,137848.0,10737.0,-131.0
2026-04-09 22:15:48.220851,298652,1878195363,1878197369,-1.026752,0.552416,-0.13664,-27.8775,-7.7,44.0825,18.744001,-10.88,14.704,eccentric,5,5.0,31631.0,403431.0,137848.0,10737.0,-131.0
2026-04-09 22:15:48.223378,298653,1878204537,1878206137,-1.026752,0.552416,-0.13664,-25.89125,-9.8875,41.65875,19.336,-11.016001,14.704,eccentric,5,5.0,31631.0,403431.0,137848.0,10737.0,-131.0
2026-04-09 22:15:48.225919,298654,1878219150,1878221108,-0.901824,0.357216,-0.115168,-16.178751,-12.0925,43.89875,19.376001,-11.672001,14.568001,eccentric,5,5.0,31631.0,403431.0,137848.0,10737.0,-131.0
2026-04-09 22:15:48.228344,298655,1878228075,1878229833,-0.901824,0.357216,-0.115168,-18.147501,-14.2625,33.3375,19.376001,-11.672001,14.568001,eccentric,5,5.0,31631.0,403431.0,137848.0,10737.0,-131.0
2026-04-09 22:15:48.237197,298656,1878237014,1878238573,-0.872544,0.482144,-0.015616,-19.50375,-16.47625,28.735,19.400002,-11.944,14.888001,eccentric,5,5.0,31631.0,403431.0,137848.0,10737.0,-131.0
2026-04-09 22:15:48.267315,298657,1878251508,1878253514,-0.872544,0.482144,-0.015616,-13.67625,-15.54875,36.155,19.400002,-11.944,14.888001,eccentric,5,5.0,31631.0,403431.0,137848.0,10737.0,-131.0
2026-04-09 22:15:48.270922,298658,1878260442,1878262203,-0.993568,0.519232,0.03904,-16.98375,-13.4575,35.39375,19.272001,-11.76,14.888001,eccentric,5,5.0,31631.0,403431.0,137848.0,10737.0,-131.0
2026-04-09 22:15:48.277820,298659,1878269365,1878270910,-0.993568,0.519232,0.03904,-19.74875,-11.62,35.58625,19.272001,-11.76,14.888001,eccentric,5,5.0,31631.0,403431.0,137848.0,10737.0,-131.0
2026-04-09 22:15:48.279674,298660,1878278322,1878279617,-0.948672,0.480192,-0.081984,-17.5175,-6.99125,33.06625,19.904001,-11.864,14.872001,eccentric,5,5.0,31631.0,403431.0,137848.0,10737.0,-131.0
2026-04-09 22:15:48.307157,298671,1878292955,1878294619,-0.948672,0.480192,-0.081984,-16.178751,-3.73625,26.11875,19.904001,-11.864,14.872001,eccentric,5,5.0,31666.0,403431.0,137941.0,10797.0,-147.0
2026-04-09 22:15:48.311390,298672,1878302008,1878303386,-0.933056,0.425536,-0.015616,-14.88375,-1.925,28.62125,18.304,-12.496,16.68,eccentric,5,5.0,31666.0,403431.0,137941.0,10797.0,-147.0
2026-04-09 22:15:48.313066,298673,1878311013,1878312183,-0.933056,0.425536,-0.015616,-19.59125,-1.715,27.772501,18.304,-12.496,16.68,eccentric,5,5.0,31666.0,403431.0,137941.0,10797.0,-147.0
2026-04-09 22:15:48.343260,298674,1878325585,1878327119,-0.979904,0.540704,-0.017568,-20.4925,-2.31,29.3125,18.488,-13.120001,16.648,eccentric,5,5.0,31666.0,403431.0,137941.0,10797.0,-147.0
2026-04-09 22:15:48.345544,298675,1878334523,1878335846,-0.979904,0.540704,-0.017568,-20.405,-2.23125,30.82625,18.488,-13.120001,16.648,eccentric,5,5.0,31666.0,403431.0,137941.0,10797.0,-147.0
2026-04-09 22:15:48.350116,298676,1878343452,1878344567,-1.09312,0.601216,-0.066368,-20.0375,-2.135,26.7225,20.336,-13.288001,16.36,eccentric,5,5.0,31666.0,403431.0,137941.0,10797.0,-147.0
2026-04-09 22:15:48.378586,298677,1878357950,1878359474,-1.065792,0.532896,-0.070272,-11.34,-3.115,24.10625,20.288,-13.256001,16.096,eccentric,5,5.0,31666.0,403431.0,137941.0,10797.0,-147.0
2026-04-09 22:15:48.383101,298678,1878366913,1878368203,-1.065792,0.532896,-0.070272,-7.13125,-4.75125,22.65375,20.288,-13.256001,16.096,eccentric,5,5.0,31666.0,403431.0,137941.0,10797.0,-147.0
2026-04-09 22:15:48.384609,298679,1878375833,1878376920,-1.065792,0.501664,-0.035136,-11.24375,-6.8775,19.6875,20.288,-13.256001,16.096,eccentric,5,5.0,31666.0,403431.0,137941.0,10797.0,-147.0
2026-04-09 22:15:48.413912,298689,1878385303,1878385949,-1.052128,0.501664,-0.035136,-6.29125,-8.575,22.1725,20.6,-13.944,15.688001,eccentric,5,5.0,31766.0,403431.0,140387.0,12288.0,-141.0
2026-04-09 22:15:48.415629,298690,1878400164,1878400908,-1.032608,0.52704,-0.054656,-3.94625,-8.9425,24.64,20.2,-13.448001,16.880001,eccentric,5,5.0,31766.0,403431.0,140387.0,12288.0,-141.0
2026-04-09 22:15:48.417178,298691,1878409547,1878411721,-1.032608,0.52704,-0.054656,-13.0025,-8.88125,23.975,20.2,-13.448001,16.880001,eccentric,5,5.0,31766.0,403431.0,140387.0,12288.0,-141.0
2026-04-09 22:15:48.421256,298692,1878418542,1878420430,-1.075552,0.669536,-0.011712,-13.62375,-7.4025,25.29625,20.624,-12.960001,17.192001,eccentric,5,5.0,31766.0,403431.0,140387.0,12288.0,-141.0
2026-04-09 22:15:48.453261,298693,1878427508,1878429139,-1.075552,0.669536,-0.011712,-8.79375,-5.81875,19.678751,20.624,-12.960001,17.192001,eccentric,5,5.0,31766.0,403431.0,140387.0,12288.0,-141.0
2026-04-09 22:15:48.455612,298694,1878442052,1878444057,-1.0736,0.513376,-0.005856,-7.83125,-6.0375,13.93,21.656,-13.672001,16.992,eccentric,5,5.0,31766.0,403431.0,140387.0,12288.0,-141.0
2026-04-09 22:15:48.460247,298695,1878451010,1878452762,-1.0736,0.513376,-0.005856,-7.5775,-6.1075,10.7275,21.656,-13.672001,16.992,eccentric,5,5.0,31766.0,403431.0,140387.0,12288.0,-141.0
2026-04-09 22:15:48.462686,298696,1878459944,1878461438,-1.052128,0.47824,-0.037088,-8.89,-5.46,10.80625,21.704,-13.784,16.856,eccentric,5,5.0,31766.0,403431.0,140387.0,12288.0,-141.0
2026-04-09 22:15:48.492090,298697,1878474450,1878476341,-1.052128,0.47824,-0.037088,-11.4275,-5.495,13.615,21.704,-13.784,16.856,eccentric,5,5.0,31766.0,403431.0,140387.0,12288.0,-141.0
2026-04-09 22:15:48.558925,298707,1878483946,1878485056,-0.999424,0.499712,-0.056608,-17.6225,-5.48625,14.0525,22.152,-14.208001,17.712,eccentric,5,5.0,31991.0,403431.0,140899.0,12533.0,-136.0
2026-04-09 22:15:48.560655,298708,1878493021,1878493703,-0.999424,0.499712,-0.056608,-18.82125,-5.7575,13.50125,22.152,-14.208001,17.712,eccentric,5,5.0,31991.0,403431.0,140899.0,12533.0,-136.0
2026-04-09 22:15:48.562589,298709,1878502297,1878504448,-1.05408,0.577792,-0.001952,-15.4875,-7.9625,10.84125,22.320002,-14.088,17.312,eccentric,5,5.0,31991.0,403431.0,140899.0,12533.0,-136.0
2026-04-09 22:15:48.565412,298710,1878516932,1878517289,-1.003328,0.472384,-0.040992,-11.515,-10.6225,8.09375,22.584002,-14.160001,19.136002,eccentric,5,5.0,31991.0,403431.0,140899.0,12533.0,-136.0
2026-04-09 22:15:48.571435,298711,1878526165,1878528057,-1.003328,0.472384,-0.040992,-5.0925,-12.69625,4.5675,22.584002,-14.160001,19.136002,eccentric,5,5.0,31991.0,403431.0,140899.0,12533.0,-136.0
2026-04-09 22:15:48.573150,298712,1878535088,1878536731,-1.003328,0.472384,-0.040992,-7.2275,-14.86625,-0.25375,22.584002,-14.160001,19.136002,eccentric,5,5.0,31991.0,403431.0,140899.0,12533.0,-136.0
2026-04-09 22:15:48.574713,298713,1878549753,1878551713,-1.032608,0.462624,-0.027328,-6.4925,-16.00375,1.18125,22.76,-14.592001,16.432001,eccentric,5,5.0,31991.0,403431.0,140899.0,12533.0,-136.0
2026-04-09 22:15:48.578892,298714,1878558705,1878560491,-1.048224,0.505568,0.023424,-2.59875,-15.26875,1.93375,22.664001,-13.944,18.04,eccentric,5,5.0,31991.0,403431.0,140899.0,12533.0,-136.0
2026-04-09 22:15:48.580615,298715,1878567642,1878569208,-1.048224,0.505568,0.023424,-3.71875,-15.3125,0.41125,22.664001,-13.944,18.04,eccentric,5,5.0,31991.0,403431.0,140899.0,12533.0,-136.0
2026-04-09 22:15:48.582214,298716,1878576724,1878577942,-1.079456,0.57584,0.023424,-4.05125,-15.155,-1.2775,22.664001,-13.944,19.152,eccentric,5,5.0,31991.0,403431.0,140899.0,12533.0,-136.0
2026-04-09 22:15:48.613885,298727,1878591235,1878593037,-1.09312,0.57584,0.023424,-1.82875,-14.65625,-3.2725,23.12,-14.152,19.152,eccentric,5,5.0,32087.0,403431.0,141793.0,13074.0,-136.0
2026-04-09 22:15:48.615616,298728,1878600175,1878601801,-1.069696,0.404064,0.042944,-1.7675,-14.46375,-6.615,23.320002,-14.248001,19.136002,eccentric,5,5.0,32087.0,403431.0,141793.0,13074.0,-136.0
2026-04-09 22:15:48.617975,298729,1878609189,1878610542,-1.069696,0.404064,0.042944,-7.5425,-13.4225,-10.15875,23.320002,-14.248001,19.136002,eccentric,5,5.0,32087.0,403431.0,141793.0,13074.0,-136.0
2026-04-09 22:15:48.625077,298730,1878623700,1878625492,-1.097024,0.493856,0.021472,-3.3075,-12.15375,-9.625,23.992,-14.216001,18.936,eccentric,5,5.0,32087.0,403431.0,141793.0,13074.0,-136.0
2026-04-09 22:15:48.653513,298731,1878632695,1878634206,-1.097024,0.493856,0.021472,3.3775,-9.17875,-12.55625,23.992,-14.216001,18.936,eccentric,5,5.0,32087.0,403431.0,141793.0,13074.0,-136.0
2026-04-09 22:15:48.658130,298732,1878641634,1878642938,-1.091168,0.515328,0.003904,1.75875,-5.97625,-17.22,24.176,-14.272,19.408,eccentric,5,5.0,32087.0,403431.0,141793.0,13074.0,-136.0
2026-04-09 22:15:48.659607,298733,1878656103,1878657834,-1.091168,0.515328,0.003904,-3.15,-3.07125,-21.74375,24.176,-14.272,19.408,eccentric,5,5.0,32087.0,403431.0,141793.0,13074.0,-136.0
2026-04-09 22:15:48.666282,298734,1878665042,1878666535,-1.196576,0.482144,-0.00976,-6.74625,-2.33625,-25.13875,25.408,-13.752001,19.872002,eccentric,5,5.0,32087.0,403431.0,141793.0,13074.0,-136.0
2026-04-09 22:15:48.694888,298735,1878673957,1878675243,-1.196576,0.482144,-0.00976,-5.145,-2.30125,-24.185,25.408,-13.752001,19.872002,eccentric,5,5.0,32087.0,403431.0,141793.0,13074.0,-136.0
2026-04-09 22:15:48.699364,298736,1878682875,1878683978,-1.155584,0.324032,-0.02928,-11.03375,-3.10625,-23.8,24.736002,-13.72,19.944,eccentric,5,5.0,32087.0,403431.0,141793.0,13074.0,-136.0
2026-04-09 22:15:48.724384,298746,1878697390,1878698977,-1.138016,0.2928,-0.044896,-14.25375,-3.5875,-21.2625,24.736002,-13.72,21.072,eccentric,5,5.0,32934.0,403431.0,139958.0,11582.0,-135.0
2026-04-09 22:15:48.726819,298747,1878706319,1878707686,-1.138016,0.2928,-0.044896,-9.1175,-4.62875,-18.82125,25.648,-13.272,21.072,eccentric,5,5.0,32934.0,403431.0,139958.0,11582.0,-135.0
2026-04-09 22:15:48.728388,298748,1878715254,1878716384,-1.138016,0.2928,-0.044896,-0.455,-4.515,-16.38875,25.648,-13.272,21.072,eccentric,5,5.0,32934.0,403431.0,139958.0,11582.0,-135.0
2026-04-09 22:15:48.732543,298749,1878729836,1878731350,-1.147776,0.374784,0.052704,2.35375,-5.90625,-14.44625,24.888,-13.024,21.352001,eccentric,5,5.0,32934.0,403431.0,139958.0,11582.0,-135.0
2026-04-09 22:15:48.763276,298750,1878738812,1878740124,-1.114592,0.366976,0.01952,0.79625,-6.2825,-12.29375,25.072,-12.904,21.336,eccentric,5,5.0,32934.0,403431.0,139958.0,11582.0,-135.0
2026-04-09 22:15:48.765956,298751,1878747700,1878748835,-1.114592,0.366976,0.01952,-2.1175,-6.825,-11.76875,25.072,-12.904,21.336,eccentric,5,5.0,32934.0,403431.0,139958.0,11582.0,-135.0
2026-04-09 22:15:48.769059,298752,1878762217,1878763784,-1.0736,0.359168,0.044896,-0.86625,-6.71125,-10.78875,25.808,-13.432001,20.568,eccentric,5,5.0,32934.0,403431.0,139958.0,11582.0,-135.0
2026-04-09 22:15:48.770338,298753,1878771135,1878772569,-1.0736,0.359168,0.044896,2.66,-6.02875,-10.6925,25.808,-13.432001,20.568,eccentric,5,5.0,32934.0,403431.0,139958.0,11582.0,-135.0
2026-04-09 22:15:48.780071,298754,1878780100,1878781277,-1.059936,0.33184,0.076128,3.3425,-5.01375,-11.31375,25.648,-13.176001,21.864,eccentric,5,5.0,32934.0,403431.0,139958.0,11582.0,-135.0
2026-04-09 22:15:48.809332,298764,1878794684,1878796237,-1.059936,0.33184,0.076128,2.77375,-4.71625,-12.27625,25.648,-13.176001,21.864,eccentric,5,5.0,32958.0,403431.0,139742.0,11413.0,-153.0
2026-04-09 22:15:48.811815,298765,1878803618,1878804970,-1.08336,0.320128,0.03904,1.53125,-4.10375,-12.775,26.144001,-12.856001,21.264002,eccentric,5,5.0,32958.0,403431.0,139742.0,11413.0,-153.0
2026-04-09 22:15:48.813423,298766,1878812548,1878813735,-1.08336,0.320128,0.03904,1.12875,-4.03375,-12.67,26.144001,-12.856001,21.264002,eccentric,5,5.0,32958.0,403431.0,139742.0,11413.0,-153.0
2026-04-09 22:15:48.844998,298767,1878821517,1878822482,-1.067744,0.294752,0.01952,2.68625,-4.9,-12.80125,26.480001,-13.240001,21.288,eccentric,5,5.0,32958.0,403431.0,139742.0,11413.0,-153.0
2026-04-09 22:15:48.848846,298768,1878835982,1878837401,-1.067744,0.294752,0.01952,5.62625,-5.565,-12.565,26.480001,-13.240001,21.288,eccentric,5,5.0,32958.0,403431.0,139742.0,11413.0,-153.0
2026-04-09 22:15:48.851430,298769,1878844890,1878846121,-1.059936,0.314272,0.05856,7.67375,-5.2325,-10.85,27.136002,-12.616,21.400002,eccentric,5,5.0,32958.0,403431.0,139742.0,11413.0,-153.0
2026-04-09 22:15:48.853007,298770,1878853822,1878854859,-1.059936,0.314272,0.05856,8.95125,-5.18875,-9.73875,27.136002,-12.616,21.400002,eccentric,5,5.0,32958.0,403431.0,139742.0,11413.0,-153.0
2026-04-09 22:15:48.883311,298771,1878868263,1878869811,-1.061888,0.30256,0.093696,7.9625,-4.62,-9.1525,26.152,-12.728001,23.640001,eccentric,5,5.0,32958.0,403431.0,139742.0,11413.0,-153.0
2026-04-09 22:15:48.885612,298772,1878877156,1878878516,-1.061888,0.30256,0.093696,6.62375,-2.9575,-8.09375,26.152,-12.728001,23.640001,eccentric,5,5.0,32958.0,403431.0,139742.0,11413.0,-153.0
2026-04-09 22:15:48.914407,298783,1878886151,1878887267,-1.061888,0.308416,0.103456,6.11625,-0.62125,-7.32375,26.936,-12.480001,22.36,eccentric,5,5.0,33607.0,403431.0,139426.0,11044.0,-144.0
2026-04-09 22:15:48.915961,298784,1878900680,1878902259,-1.046272,0.286944,0.044896,3.71,0.63,-7.2275,26.800001,-12.68,22.112001,eccentric,5,5.0,33607.0,403431.0,139426.0,11044.0,-144.0
2026-04-09 22:15:48.920288,298785,1878909718,1878910980,-1.046272,0.286944,0.044896,0.76125,1.75875,-7.1575,26.800001,-12.68,22.112001,eccentric,5,5.0,33607.0,403431.0,139426.0,11044.0,-144.0
2026-04-09 22:15:48.923525,298786,1878918647,1878919715,-1.046272,0.28304,0.037088,-0.5775,3.325,-6.60625,26.672,-12.336,21.568,eccentric,5,5.0,33607.0,403431.0,139426.0,11044.0,-144.0
2026-04-09 22:15:48.952056,298787,1878933184,1878934648,-1.046272,0.28304,0.037088,0.735,3.26375,-5.6175,26.672,-12.336,21.568,eccentric,5,5.0,33607.0,403431.0,139426.0,11044.0,-144.0
2026-04-09 22:15:48.954277,298788,1878942105,1878943341,-1.046272,0.298656,0.050752,2.30125,2.14375,-5.38125,26.944002,-12.296001,21.504002,eccentric,5,5.0,33607.0,403431.0,139426.0,11044.0,-144.0
2026-04-09 22:15:48.958926,298789,1878951041,1878952063,-1.046272,0.298656,0.050752,2.66,1.68875,-5.04,26.944002,-12.296001,21.504002,eccentric,5,5.0,33607.0,403431.0,139426.0,11044.0,-144.0
2026-04-09 22:15:48.961328,298790,1878960037,1878960789,-1.038464,0.339648,0.066368,3.50875,1.9775,-5.06625,26.712002,-12.144001,22.496,eccentric,5,5.0,33607.0,403431.0,139426.0,11044.0,-144.0
2026-04-09 22:15:48.993292,298791,1878974954,1878975695,-1.038464,0.339648,0.066368,2.7125,2.345,-6.825,26.712002,-12.144001,22.496,eccentric,5,5.0,33607.0,403431.0,139426.0,11044.0,-144.0
2026-04-09 22:15:49.018536,298801,1878984277,1878986848,-1.0248,0.279136,0.046848,1.37375,3.22875,-8.49625,27.256,-12.080001,22.288,eccentric,5,5.0,33846.0,403431.0,138634.0,10449.0,-136.0
2026-04-09 22:15:49.022697,298802,1878993366,1878995554,-1.0248,0.279136,0.046848,0.51625,4.4975,-9.3975,27.256,-12.080001,22.288,eccentric,5,5.0,33846.0,403431.0,138634.0,10449.0,-136.0
2026-04-09 22:15:49.024429,298803,1879007908,1879008427,-1.022848,0.2928,0.0488,4.12125,4.69875,-9.1875,26.880001,-12.056001,22.12,eccentric,5,5.0,33846.0,403431.0,138634.0,10449.0,-136.0
2026-04-09 22:15:49.025960,298804,1879017326,1879019224,-1.022848,0.2928,0.0488,7.28875,4.69,-9.3625,26.880001,-12.056001,22.12,eccentric,5,5.0,33846.0,403431.0,138634.0,10449.0,-136.0
2026-04-09 22:15:49.030026,298805,1879026496,1879028002,-1.030656,0.310368,0.023424,6.2475,4.57625,-9.065,27.112001,-12.536,22.424002,concentric,5,5.0,33846.0,403431.0,138634.0,10449.0,-136.0
2026-04-09 22:15:49.036293,298806,1879035542,1879036749,-1.030656,0.310368,0.023424,5.17125,4.095,-9.96625,27.112001,-12.536,22.424002,concentric,5,5.0,33846.0,403431.0,138634.0,10449.0,-136.0
2026-04-09 22:15:49.067054,298807,1879050054,1879051652,-1.038464,0.31232,0.044896,4.4275,4.5325,-10.5,26.064001,-12.712001,22.104002,concentric,5,5.0,33846.0,403431.0,138634.0,10449.0,-136.0
2026-04-09 22:15:49.069377,298808,1879059058,1879060354,-1.048224,0.284992,0.062464,1.98625,5.39875,-10.36875,28.112001,-12.192,23.032001,concentric,5,5.0,33846.0,403431.0,138634.0,10449.0,-136.0
2026-04-09 22:15:49.073894,298809,1879067969,1879069082,-1.048224,0.284992,0.062464,1.12,5.67,-10.465,27.304,-12.192,23.032001,concentric,5,5.0,33846.0,403431.0,138634.0,10449.0,-136.0
2026-04-09 22:15:49.104531,298810,1879082478,1879083991,-1.048224,0.281088,0.013664,2.59875,6.265,-10.71,26.928001,-12.168,21.848001,concentric,5,5.0,33846.0,403431.0,138634.0,10449.0,-136.0
2026-04-09 22:15:49.130613,298820,1879091503,1879092698,-1.048224,0.281088,0.013664,3.38625,6.545,-9.63375,26.928001,-12.168,21.848001,concentric,5,5.0,34138.0,403431.0,138267.0,10158.0,-152.0
2026-04-09 22:15:49.132298,298821,1879100417,1879101395,-1.077504,0.30256,0.037088,5.59125,7.21875,-8.51375,27.144001,-11.952001,21.688002,concentric,5,5.0,34138.0,403431.0,138267.0,10158.0,-152.0
2026-04-09 22:15:49.136476,298822,1879109355,1879110142,-1.077504,0.30256,0.037088,5.64375,7.2275,-7.665,27.144001,-11.952001,21.688002,concentric,5,5.0,34138.0,403431.0,138267.0,10158.0,-152.0
2026-04-09 22:15:49.138120,298823,1879124434,1879125117,-1.089216,0.32208,0.074176,6.04625,7.805,-7.1575,26.424002,-11.864,21.584002,concentric,5,5.0,34138.0,403431.0,138267.0,10158.0,-152.0
2026-04-09 22:15:49.139826,298824,1879133891,1879135898,-1.089216,0.32208,0.074176,4.4625,9.65125,-7.7875,26.424002,-11.864,21.584002,concentric,5,5.0,34138.0,403431.0,138267.0,10158.0,-152.0
2026-04-09 22:15:49.143779,298825,1879142864,1879144636,-1.075552,0.27328,0.05856,0.4025,12.0925,-8.925,26.840002,-12.064,21.304,concentric,5,5.0,34138.0,403431.0,138267.0,10158.0,-152.0
2026-04-09 22:15:49.172399,298826,1879151899,1879153304,-1.075552,0.27328,0.05856,-2.07375,14.1575,-8.61,26.840002,-12.064,21.304,concentric,5,5.0,34138.0,403431.0,138267.0,10158.0,-152.0
2026-04-09 22:15:49.176873,298827,1879166417,1879168192,-1.110688,0.249856,0.005856,-1.4875,14.02625,-8.3125,26.624,-12.152,21.224,concentric,5,5.0,34138.0,403431.0,138267.0,10158.0,-152.0
2026-04-09 22:15:49.178355,298828,1879175333,1879176900,-1.110688,0.249856,0.005856,5.48625,13.90375,-6.15125,26.624,-12.152,21.224,concentric,5,5.0,34138.0,403431.0,138267.0,10158.0,-152.0
2026-04-09 22:15:49.186433,298829,1879184302,1879185598,-1.087264,0.290848,-0.011712,10.9025,12.50375,-5.38125,26.616001,-12.192,21.2,concentric,5,5.0,34138.0,403431.0,138267.0,10158.0,-152.0
2026-04-09 22:15:49.213058,298840,1879198974,1879200691,-1.087264,0.290848,0.021472,14.11375,12.6,-4.6375,26.616001,-12.192,21.2,concentric,5,5.0,34035.0,403431.0,138956.0,10608.0,-135.0
2026-04-09 22:15:49.214638,298841,1879207905,1879209453,-1.120448,0.3416,0.021472,16.51125,13.13375,-4.0425,26.240002,-12.352,20.28,concentric,5,5.0,34035.0,403431.0,138956.0,10608.0,-135.0
2026-04-09 22:15:49.217873,298842,1879216915,1879218180,-1.120448,0.3416,0.021472,15.53125,13.62375,-5.22375,26.240002,-12.352,20.28,concentric,5,5.0,34035.0,403431.0,138956.0,10608.0,-135.0
2026-04-09 22:15:49.249188,298843,1879231553,1879233081,-1.09312,0.33184,0.074176,12.136251,14.63875,-6.64125,25.776001,-12.576,20.160002,concentric,5,5.0,34035.0,403431.0,138956.0,10608.0,-135.0
2026-04-09 22:15:49.250564,298844,1879240470,1879241818,-1.095072,0.325984,0.037088,8.18125,16.3275,-7.98,25.936,-11.696,19.784,concentric,5,5.0,34035.0,403431.0,138956.0,10608.0,-135.0
2026-04-09 22:15:49.255187,298845,1879249425,1879250513,-1.095072,0.325984,0.037088,5.2325,17.78875,-9.54625,25.936,-11.696,19.784,concentric,5,5.0,34035.0,403431.0,138956.0,10608.0,-135.0
2026-04-09 22:15:49.258799,298846,1879258345,1879259201,-1.095072,0.325984,0.037088,4.935,18.52375,-10.5525,25.936,-11.696,19.784,concentric,5,5.0,34035.0,403431.0,138956.0,10608.0,-135.0
2026-04-09 22:15:49.287288,298847,1879272869,1879274147,-1.098976,0.339648,-0.023424,5.7225,18.9175,-13.11625,24.952002,-11.632001,20.856,concentric,5,5.0,34035.0,403431.0,138956.0,10608.0,-135.0
2026-04-09 22:15:49.291876,298848,1879281792,1879282876,-1.095072,0.327936,-0.054656,7.5425,17.52625,-14.3675,26.184002,-11.944,19.136002,concentric,5,5.0,34035.0,403431.0,138956.0,10608.0,-135.0
2026-04-09 22:15:49.317054,298858,1879291089,1879291661,-1.095072,0.327936,-0.054656,11.99625,15.16375,-14.77875,26.184002,-11.944,19.136002,concentric,5,5.0,33490.0,403431.0,139537.0,11112.0,-137.0
2026-04-09 22:15:49.318457,298859,1879306272,1879306667,-1.079456,0.359168,-0.011712,15.91625,12.67875,-15.408751,24.576,-11.464001,20.176,concentric,5,5.0,33490.0,403431.0,139537.0,11112.0,-137.0
2026-04-09 22:15:49.321513,298860,1879315722,1879317477,-1.079456,0.359168,-0.011712,17.36,11.43625,-16.5725,24.576,-11.464001,20.176,concentric,5,5.0,33490.0,403431.0,139537.0,11112.0,-137.0
2026-04-09 22:15:49.328626,298861,1879324701,1879326209,-1.09312,0.363072,0.013664,17.31625,11.05125,-17.77125,24.552002,-11.968,20.208,concentric,5,5.0,33490.0,403431.0,139537.0,11112.0,-137.0
2026-04-09 22:15:49.354835,298862,1879333659,1879334950,-1.09312,0.363072,0.013664,17.675,10.61375,-19.11,24.552002,-11.968,20.208,concentric,5,5.0,33490.0,403431.0,139537.0,11112.0,-137.0
2026-04-09 22:15:49.359353,298863,1879348137,1879349855,-1.104832,0.372832,-0.02928,18.48,10.2375,-19.4775,25.000002,-11.648001,18.84,concentric,5,5.0,33490.0,403431.0,139537.0,11112.0,-137.0
2026-04-09 22:15:49.360879,298864,1879357077,1879358581,-1.104832,0.372832,-0.02928,18.57625,9.35375,-19.32875,25.000002,-11.648001,18.84,concentric,5,5.0,33490.0,403431.0,139537.0,11112.0,-137.0
2026-04-09 22:15:49.367542,298865,1879366018,1879367297,-1.087264,0.366976,-0.02928,19.145,8.6275,-20.0725,24.76,-11.216001,18.504002,concentric,5,5.0,33490.0,403431.0,139537.0,11112.0,-137.0
2026-04-09 22:15:49.399065,298866,1879380633,1879382236,-1.0736,0.388448,0.027328,20.48375,8.05,-20.23,24.256,-11.528001,18.408,concentric,5,5.0,33490.0,403431.0,139537.0,11112.0,-137.0
2026-04-09 22:15:49.423099,298876,1879389996,1879391370,-1.0736,0.388448,0.027328,20.85125,7.8925,-20.755,24.256,-11.528001,18.408,concentric,5,5.0,33925.0,403431.0,140881.0,11850.0,-127.0
2026-04-09 22:15:49.424659,298877,1879399021,1879400189,-1.0736,0.388448,0.027328,20.32625,9.44125,-22.25125,24.256,-11.528001,18.408,concentric,5,5.0,33925.0,403431.0,140881.0,11850.0,-127.0
2026-04-09 22:15:49.428942,298878,1879407938,1879408892,-1.075552,0.388448,0.011712,17.31625,11.27875,-24.17625,24.408,-10.904,17.176,concentric,5,5.0,33925.0,403431.0,140881.0,11850.0,-127.0
2026-04-09 22:15:49.430649,298879,1879422629,1879423861,-1.075552,0.382592,-0.025376,15.00625,12.136251,-25.3925,23.672,-10.84,18.896002,concentric,5,5.0,33925.0,403431.0,140881.0,11850.0,-127.0
2026-04-09 22:15:49.432225,298880,1879431651,1879432597,-1.075552,0.382592,-0.025376,14.7875,12.59125,-26.285,23.672,-10.84,18.896002,concentric,5,5.0,33925.0,403431.0,140881.0,11850.0,-127.0
2026-04-09 22:15:49.440034,298881,1879440570,1879441334,-1.057984,0.388448,-0.046848,15.44375,12.52125,-27.04625,23.672,-10.848001,18.952002,concentric,5,5.0,33925.0,403431.0,140881.0,11850.0,-127.0
2026-04-09 22:15:49.468612,298882,1879450055,1879452123,-1.057984,0.388448,-0.046848,16.21375,12.76625,-28.07875,23.624,-10.848001,18.952002,concentric,5,5.0,33925.0,403431.0,140881.0,11850.0,-127.0
2026-04-09 22:15:49.473161,298883,1879464541,1879464978,-1.0736,0.374784,-0.031232,16.8875,12.705,-29.11125,23.720001,-10.216001,17.664001,concentric,5,5.0,33925.0,403431.0,140881.0,11850.0,-127.0
2026-04-09 22:15:49.474687,298884,1879473879,1879475765,-1.0736,0.374784,-0.031232,18.19125,12.3375,-29.56625,23.720001,-10.216001,17.664001,concentric,5,5.0,33925.0,403431.0,140881.0,11850.0,-127.0
2026-04-09 22:15:49.505824,298885,1879482814,1879484478,-1.116544,0.372832,-0.02928,19.92375,11.29625,-29.19875,22.400002,-10.464001,19.392,concentric,5,5.0,33925.0,403431.0,140881.0,11850.0,-127.0
2026-04-09 22:15:49.551462,298896,1879497360,1879499463,-1.116544,0.372832,-0.02928,18.76,8.7675,-28.1225,22.400002,-10.464001,19.392,concentric,5,5.0,33942.0,403431.0,141499.0,12307.0,-132.0
2026-04-09 22:15:49.553202,298897,1879506283,1879508149,-1.089216,0.378688,0.021472,18.795,7.8575,-26.88875,23.160002,-10.264001,17.048,concentric,5,5.0,33942.0,403431.0,141499.0,12307.0,-132.0
2026-04-09 22:15:49.554731,298898,1879515199,1879516875,-1.089216,0.378688,0.021472,17.4125,9.12625,-26.1275,23.160002,-10.264001,17.048,concentric,5,5.0,33942.0,403431.0,141499.0,12307.0,-132.0
2026-04-09 22:15:49.558978,298899,1879529712,1879531843,-1.091168,0.382592,0.052704,14.02625,12.4075,-25.235,23.192001,-10.360001,16.720001,concentric,5,5.0,33942.0,403431.0,141499.0,12307.0,-132.0
2026-04-09 22:15:49.561391,298900,1879538662,1879540602,-1.091168,0.382592,0.052704,11.8125,16.40625,-25.445,23.192001,-10.360001,16.720001,concentric,5,5.0,33942.0,403431.0,141499.0,12307.0,-132.0
2026-04-09 22:15:49.562946,298901,1879547646,1879549441,-1.104832,0.421632,0.003904,11.2,19.6,-26.39875,22.064001,-9.92,17.464,concentric,5,5.0,33942.0,403431.0,141499.0,12307.0,-132.0
2026-04-09 22:15:49.568311,298902,1879556667,1879558187,-1.104832,0.421632,0.003904,9.38,20.78125,-26.90625,22.064001,-9.92,17.464,concentric,5,5.0,33942.0,403431.0,141499.0,12307.0,-132.0
2026-04-09 22:15:49.572670,298903,1879571189,1879573141,-1.089216,0.386496,-0.062464,6.93,20.76375,-28.46375,21.800001,-9.528001,17.28,concentric,5,5.0,33942.0,403431.0,141499.0,12307.0,-132.0
2026-04-09 22:15:49.601220,298904,1879580133,1879581887,-1.089216,0.386496,-0.062464,8.6275,19.73125,-30.03875,21.800001,-9.528001,17.28,concentric,5,5.0,33942.0,403431.0,141499.0,12307.0,-132.0
2026-04-09 22:15:49.631916,298914,1879589051,1879590517,-1.087264,0.40016,-0.05856,11.917501,18.05125,-29.9775,22.728,-9.440001,16.368,concentric,5,5.0,33401.0,403431.0,141114.0,12167.0,-140.0
2026-04-09 22:15:49.634381,298915,1879603586,1879605452,-1.065792,0.404064,-0.03904,13.0025,15.88125,-30.68625,22.376001,-10.008,15.816001,concentric,5,5.0,33401.0,403431.0,141114.0,12167.0,-140.0
2026-04-09 22:15:49.635976,298916,1879612537,1879614194,-1.065792,0.404064,-0.03904,14.5775,13.43125,-31.9375,22.376001,-10.008,15.816001,concentric,5,5.0,33401.0,403431.0,141114.0,12167.0,-140.0
2026-04-09 22:15:49.640176,298917,1879621464,1879622913,-1.071648,0.437248,-0.03904,15.00625,11.2525,-33.451252,21.112001,-9.104,15.768001,concentric,5,5.0,33401.0,403431.0,141114.0,12167.0,-140.0
2026-04-09 22:15:49.642907,298918,1879635927,1879637815,-1.071648,0.437248,-0.03904,15.12875,9.6075,-34.0725,21.112001,-9.104,15.768001,concentric,5,5.0,33401.0,403431.0,141114.0,12167.0,-140.0
2026-04-09 22:15:49.644500,298919,1879644877,1879646558,-1.038464,0.404064,-0.023424,14.245,8.09375,-34.90375,21.152,-9.312,16.216002,concentric,5,5.0,33401.0,403431.0,141114.0,12167.0,-140.0
2026-04-09 22:15:49.674650,298920,1879653803,1879655275,-1.038464,0.404064,-0.023424,11.57625,7.32375,-35.7875,21.152,-9.312,16.216002,concentric,5,5.0,33401.0,403431.0,141114.0,12167.0,-140.0
2026-04-09 22:15:49.676901,298921,1879668245,1879670190,-1.030656,0.415776,-0.017568,9.4325,7.11375,-35.35,21.432001,-9.032001,15.400001,concentric,5,5.0,33401.0,403431.0,141114.0,12167.0,-140.0
2026-04-09 22:15:49.681431,298922,1879677142,1879678898,-1.030656,0.415776,-0.017568,9.205,8.198751,-35.04375,21.432001,-9.032001,15.400001,concentric,5,5.0,33401.0,403431.0,141114.0,12167.0,-140.0
2026-04-09 22:15:49.685668,298923,1879686085,1879687648,-1.048224,0.423584,-0.052704,8.225,9.03875,-35.30625,21.512001,-8.76,15.280001,concentric,5,5.0,33401.0,403431.0,141114.0,12167.0,-140.0
2026-04-09 22:15:49.710662,298933,1879695222,1879696406,-1.048224,0.423584,-0.052704,5.04,9.33625,-36.12875,21.512001,-8.76,15.280001,concentric,5,5.0,33363.0,403431.0,141569.0,12470.0,-130.0
2026-04-09 22:15:49.712257,298934,1879709727,1879711432,-1.0248,0.388448,-0.081984,3.5,8.365,-35.90125,21.464,-8.536,15.208001,concentric,5,5.0,33363.0,403431.0,141569.0,12470.0,-130.0
2026-04-09 22:15:49.718849,298935,1879718664,1879720201,-1.0248,0.388448,-0.081984,3.4825,7.46375,-35.5775,21.464,-8.536,15.208001,concentric,5,5.0,33363.0,403431.0,141569.0,12470.0,-130.0
2026-04-09 22:15:49.726870,298936,1879727597,1879728918,-1.032608,0.376736,-0.044896,3.24625,6.0025,-33.915,21.408,-8.336,15.536001,concentric,5,5.0,33363.0,403431.0,141569.0,12470.0,-130.0
2026-04-09 22:15:49.757119,298937,1879742078,1879743801,-1.030656,0.404064,-0.02928,2.28375,5.7225,-32.99625,20.552,-8.432,14.928,concentric,5,5.0,33363.0,403431.0,141569.0,12470.0,-130.0
2026-04-09 22:15:49.759338,298938,1879750978,1879752494,-1.030656,0.404064,-0.02928,1.54,5.4425,-31.26375,20.552,-8.432,14.928,concentric,5,5.0,33363.0,403431.0,141569.0,12470.0,-130.0
2026-04-09 22:15:49.763912,298939,1879759903,1879761246,-1.030656,0.404064,-0.02928,0.77875,6.615,-31.80625,20.552,-8.432,14.928,concentric,5,5.0,33363.0,403431.0,141569.0,12470.0,-130.0
2026-04-09 22:15:49.800894,298940,1879774405,1879776161,-1.016992,0.359168,-0.031232,-2.415,7.86625,-33.013752,20.264002,-8.440001,15.224001,concentric,5,5.0,33363.0,403431.0,141569.0,12470.0,-130.0
2026-04-09 22:15:49.803301,298941,1879783304,1879784846,-1.050176,0.310368,-0.001952,-4.48,8.39125,-31.59625,19.944,-8.456,15.160001,concentric,5,5.0,33363.0,403431.0,141569.0,12470.0,-130.0
2026-04-09 22:15:49.830931,298952,1879792299,1879793609,-1.050176,0.310368,-0.001952,-7.20125,9.4675,-31.00125,19.944,-8.456,15.160001,concentric,5,5.0,33164.0,403431.0,140722.0,11985.0,-140.0
2026-04-09 22:15:49.835202,298953,1879806809,1879808556,-1.050176,0.324032,-0.083936,-9.89625,10.4825,-30.87,19.84,-8.440001,14.696001,concentric,5,5.0,33164.0,403431.0,140722.0,11985.0,-140.0
2026-04-09 22:15:49.836876,298954,1879815717,1879817273,-1.050176,0.324032,-0.083936,-8.47875,11.095,-30.9225,19.84,-8.440001,14.696001,concentric,5,5.0,33164.0,403431.0,140722.0,11985.0,-140.0
2026-04-09 22:15:49.838423,298955,1879824711,1879825987,-1.052128,0.306464,-0.037088,-7.58625,11.71625,-31.17625,19.496,-8.824,15.384001,concentric,5,5.0,33164.0,403431.0,140722.0,11985.0,-140.0
2026-04-09 22:15:49.842550,298956,1879833759,1879834761,-1.052128,0.306464,-0.037088,-7.875,12.83625,-31.64875,19.496,-8.824,15.384001,concentric,5,5.0,33164.0,403431.0,140722.0,11985.0,-140.0
2026-04-09 22:15:49.848802,298957,1879848264,1879849680,-1.057984,0.290848,-0.033184,-10.43,14.25375,-33.1625,18.488,-8.688001,15.472001,concentric,5,5.0,33164.0,403431.0,140722.0,11985.0,-140.0
2026-04-09 22:15:49.878133,298958,1879857188,1879858366,-1.057984,0.290848,-0.033184,-10.64,16.17,-34.0725,18.488,-8.688001,15.472001,concentric,5,5.0,33164.0,403431.0,140722.0,11985.0,-140.0
2026-04-09 22:15:49.880525,298959,1879866106,1879867092,-1.04432,0.279136,-0.050752,-8.95125,18.2875,-35.6475,19.512001,-7.968,14.176001,concentric,5,5.0,33164.0,403431.0,140722.0,11985.0,-140.0
2026-04-09 22:15:49.884537,298960,1879880575,1879881976,-1.04432,0.279136,-0.050752,-10.57875,20.13375,-37.89625,19.512001,-7.968,14.176001,concentric,5,5.0,33164.0,403431.0,140722.0,11985.0,-140.0
2026-04-09 22:15:49.891497,298961,1879889494,1879890676,-1.081408,0.271328,-0.07808,-12.9325,22.0325,-37.73,19.640001,-7.224001,15.712001,concentric,5,5.0,33164.0,403431.0,140722.0,11985.0,-140.0
2026-04-09 22:15:49.921494,298971,1879898482,1879899425,-1.081408,0.271328,-0.07808,-11.06875,22.2425,-38.01,19.640001,-7.224001,15.712001,concentric,5,5.0,33072.0,403431.0,140971.0,12153.0,-137.0
2026-04-09 22:15:49.923185,298972,1879913152,1879914397,-1.038464,0.216672,-0.203008,-11.62,18.83,-39.64625,18.456001,-8.368,15.152,concentric,5,5.0,33072.0,403431.0,140971.0,12153.0,-137.0
2026-04-09 22:15:49.924776,298973,1879922182,1879923132,-1.038464,0.279136,-0.095648,-10.05375,14.8225,-40.73125,18.456001,-8.368,15.152,concentric,5,5.0,33072.0,403431.0,140971.0,12153.0,-137.0
2026-04-09 22:15:49.931780,298974,1879931122,1879931903,-1.030656,0.269376,-0.095648,-5.46,11.34,-41.37875,18.424002,-7.848001,15.776001,concentric,5,5.0,33072.0,403431.0,140971.0,12153.0,-137.0
2026-04-09 22:15:49.962850,298975,1879940571,1879942673,-1.030656,0.269376,-0.095648,-4.22625,9.415,-41.99125,18.424002,-7.848001,15.776001,concentric,5,5.0,33072.0,403431.0,140971.0,12153.0,-137.0
2026-04-09 22:15:49.965506,298976,1879955091,1879955515,-0.993568,0.255712,-0.095648,-6.60625,8.75,-43.2075,18.296001,-7.376,12.192,concentric,5,5.0,33072.0,403431.0,140971.0,12153.0,-137.0
2026-04-09 22:15:49.969949,298977,1879964376,1879966290,-0.981856,0.206912,-0.08784,-10.78875,9.5725,-43.4875,18.76,-7.048,13.368001,concentric,5,5.0,33072.0,403431.0,140971.0,12153.0,-137.0
2026-04-09 22:15:49.975074,298978,1879973304,1879975040,-0.981856,0.206912,-0.08784,-13.06375,9.65125,-43.9425,18.76,-7.048,13.368001,concentric,5,5.0,33072.0,403431.0,140971.0,12153.0,-137.0
2026-04-09 22:15:50.003654,298979,1879987793,1879989994,-0.976,0.218624,-0.150304,-12.985,8.3475,-44.03,18.776001,-7.104001,13.768001,concentric,5,5.0,33072.0,403431.0,140971.0,12153.0,-137.0
2026-04-09 22:15:50.031446,298989,1879996887,1879998796,-0.976,0.218624,-0.150304,-9.72125,5.915,-44.26625,18.776001,-7.104001,13.768001,concentric,5,5.0,33469.0,403431.0,140847.0,11881.0,-138.0
2026-04-09 22:15:50.033210,298990,1880005794,1880007575,-0.968192,0.189344,-0.183488,-9.0825,2.96625,-45.9025,18.728,-6.824,13.752001,concentric,5,5.0,33469.0,403431.0,140847.0,11881.0,-138.0
2026-04-09 22:15:50.034728,298991,1880014768,1880016322,-0.968192,0.189344,-0.183488,-9.205,2.2225,-46.445,18.728,-6.824,13.752001,concentric,5,5.0,33469.0,403431.0,140847.0,11881.0,-138.0
2026-04-09 22:15:50.036151,298992,1880029393,1880031302,-0.981856,0.212768,-0.033184,-6.685,3.6925,-44.86125,17.744001,-6.664001,15.648001,concentric,5,5.0,33469.0,403431.0,140847.0,11881.0,-138.0
2026-04-09 22:15:50.041802,298993,1880038435,1880040103,-0.981856,0.212768,-0.033184,-6.4575,5.08375,-44.9925,17.744001,-6.664001,15.648001,concentric,5,5.0,33469.0,403431.0,140847.0,11881.0,-138.0
2026-04-09 22:15:50.048316,298994,1880047436,1880048853,-1.056032,0.16592,-0.138592,-9.44125,6.72875,-45.08,16.608002,-6.976,15.784,concentric,5,5.0,33469.0,403431.0,140847.0,11881.0,-138.0
2026-04-09 22:15:50.076188,298995,1880062015,1880063755,-1.056032,0.16592,-0.138592,-9.37125,6.0375,-44.3625,16.608002,-6.976,15.784,concentric,5,5.0,33469.0,403431.0,140847.0,11881.0,-138.0
2026-04-09 22:15:50.080653,298996,1880070944,1880072462,-0.964288,0.085888,-0.201056,-8.7325,3.47375,-45.78,17.968,-6.472,13.248001,concentric,5,5.0,33469.0,403431.0,140847.0,11881.0,-138.0
2026-04-09 22:15:50.082174,298997,1880079934,1880081227,-0.964288,0.085888,-0.201056,-6.9825,0.735,-44.37125,17.968,-6.472,13.248001,concentric,5,5.0,33469.0,403431.0,140847.0,11881.0,-138.0
2026-04-09 22:15:50.139339,299008,1880094860,1880096153,-1.179008,0.244,-0.052704,-0.63875,-0.6125,-39.64625,18.064001,-6.960001,13.608001,concentric,5,5.0,33685.0,403431.0,138714.0,10511.0,-138.0
2026-04-09 22:15:50.140877,299009,1880103825,1880104897,-1.040416,0.101504,-0.181536,8.16375,-1.1025,-38.47375,18.264,-6.264,15.288001,concentric,5,5.0,33685.0,403431.0,138714.0,10511.0,-138.0
2026-04-09 22:15:50.145225,299010,1880112833,1880113618,-1.040416,0.101504,-0.181536,3.45625,-1.5925,-42.63,18.264,-6.264,15.288001,concentric,5,5.0,33685.0,403431.0,138714.0,10511.0,-138.0
2026-04-09 22:15:50.146922,299011,1880122241,1880124423,-1.040416,0.101504,-0.181536,-6.405,-2.9925,-42.1225,18.264,-6.264,15.288001,concentric,5,5.0,33685.0,403431.0,138714.0,10511.0,-138.0
2026-04-09 22:15:50.148472,299012,1880136834,1880137313,-1.040416,-0.05856,-0.056608,-5.1975,-3.535,-39.87375,17.928001,-6.328,14.72,concentric,5,5.0,33685.0,403431.0,138714.0,10511.0,-138.0
2026-04-09 22:15:50.152536,299013,1880146211,1880148128,-1.08336,0.251808,-0.124928,9.61625,-1.5925,-35.1925,18.04,-5.88,13.480001,concentric,5,5.0,33685.0,403431.0,138714.0,10511.0,-138.0
2026-04-09 22:15:50.156438,299014,1880155169,1880156853,-1.08336,0.251808,-0.124928,22.70625,0.945,-33.285,18.04,-5.88,13.480001,concentric,5,5.0,33685.0,403431.0,138714.0,10511.0,-138.0
2026-04-09 22:15:50.170157,299015,1880164112,1880165582,-1.052128,0.099552,-0.040992,17.9375,2.7125,-35.4725,16.720001,-5.520001,13.72,concentric,5,5.0,33685.0,403431.0,138714.0,10511.0,-138.0
2026-04-09 22:15:50.198597,299016,1880178619,1880180481,-1.052128,0.099552,-0.040992,4.03375,5.15375,-36.37375,16.720001,-5.520001,13.72,concentric,5,5.0,33685.0,403431.0,138714.0,10511.0,-138.0
2026-04-09 22:15:50.203682,299017,1880187550,1880189198,-1.020896,-0.052704,-0.064416,-2.86125,7.88375,-36.70625,17.544,-5.792,13.144001,concentric,5,5.0,33685.0,403431.0,138714.0,10511.0,-138.0
2026-04-09 22:15:50.230881,299027,1880196873,1880197947,-1.020896,-0.052704,-0.064416,0.77875,8.8725,-33.495,17.544,-5.792,13.144001,concentric,5,5.0,33642.0,403431.0,138210.0,10224.0,-142.0
2026-04-09 22:15:50.233434,299028,1880211385,1880212916,-1.01504,0.173728,-0.046848,10.05375,11.19125,-31.9375,17.392,-6.232,13.440001,concentric,5,5.0,33642.0,403431.0,138210.0,10224.0,-142.0
2026-04-09 22:15:50.235910,299029,1880220415,1880221702,-1.01504,0.173728,-0.046848,16.135,14.23625,-30.275,17.392,-6.232,13.440001,concentric,5,5.0,33642.0,403431.0,138210.0,10224.0,-142.0
2026-04-09 22:15:50.238431,299030,1880229432,1880230484,-1.095072,0.17568,-0.099552,5.80125,16.24875,-32.59375,16.864,-5.0,14.120001,concentric,5,5.0,33642.0,403431.0,138210.0,10224.0,-142.0
2026-04-09 22:15:50.240899,299031,1880238336,1880239189,-1.095072,0.17568,-0.099552,-0.3675,16.96625,-31.57875,16.864,-5.0,14.120001,concentric,5,5.0,33642.0,403431.0,138210.0,10224.0,-142.0
2026-04-09 22:15:50.271108,299032,1880252924,1880254186,-0.958432,-0.076128,-0.1464,2.3975,15.8025,-34.64125,16.552,-5.424,14.064001,concentric,5,5.0,33642.0,403431.0,138210.0,10224.0,-142.0
2026-04-09 22:15:50.274719,299033,1880261876,1880262932,-0.958432,-0.076128,-0.1464,6.3875,14.58625,-31.255001,16.552,-5.424,14.064001,concentric,5,5.0,33642.0,403431.0,138210.0,10224.0,-142.0
2026-04-09 22:15:50.277173,299034,1880270781,1880271624,-0.987712,0.027328,0.031232,13.825,14.2625,-23.73875,17.296001,-5.480001,12.960001,concentric,5,5.0,33642.0,403431.0,138210.0,10224.0,-142.0
2026-04-09 22:15:50.307441,299035,1880285292,1880286575,-0.979904,0.132736,-0.13664,14.1925,13.64125,-19.34625,16.632,-4.968,15.544001,concentric,5,5.0,33642.0,403431.0,138210.0,10224.0,-142.0
2026-04-09 22:15:50.333355,299045,1880294723,1880295202,-0.979904,0.132736,-0.13664,8.53125,11.2175,-20.43125,16.632,-4.968,15.544001,concentric,5,5.0,33206.0,403431.0,139185.0,10891.0,-136.0
2026-04-09 22:15:50.335924,299046,1880304076,1880305968,-0.964288,-0.031232,-0.1952,3.605,7.1575,-25.83,16.632,-4.968,10.440001,concentric,5,5.0,33206.0,403431.0,139185.0,10891.0,-136.0
2026-04-09 22:15:50.338354,299047,1880313028,1880314683,-0.964288,-0.031232,-0.1952,5.0575,3.5525,-26.25,16.968,-4.672,10.440001,concentric,5,5.0,33206.0,403431.0,139185.0,10891.0,-136.0
2026-04-09 22:15:50.340870,299048,1880327584,1880329608,-0.931104,0.03904,-0.040992,12.66125,0.25375,-19.0925,16.472,-4.776,14.992001,concentric,5,5.0,33206.0,403431.0,139185.0,10891.0,-136.0
2026-04-09 22:15:50.343355,299049,1880336573,1880338358,-0.931104,0.03904,-0.040992,19.57375,-1.19,-13.04625,16.472,-4.776,14.992001,concentric,5,5.0,33206.0,403431.0,139185.0,10891.0,-136.0
2026-04-09 22:15:50.345842,299050,1880345565,1880347139,-0.958432,0.044896,-0.044896,16.73,-1.6625,-11.83875,15.216001,-5.224001,14.768001,concentric,5,5.0,33206.0,403431.0,139185.0,10891.0,-136.0
2026-04-09 22:15:50.376119,299051,1880360112,1880362043,-0.958432,0.044896,-0.044896,12.32,-2.94,-10.01,15.216001,-5.224001,14.768001,concentric,5,5.0,33206.0,403431.0,139185.0,10891.0,-136.0
2026-04-09 22:15:50.379649,299052,1880369042,1880370737,-0.999424,0.095648,-0.064416,12.3375,-4.87375,-11.33125,16.92,-4.656,12.944,concentric,5,5.0,33206.0,403431.0,139185.0,10891.0,-136.0
2026-04-09 22:15:50.382190,299053,1880377957,1880379433,-0.999424,0.095648,-0.064416,13.53625,-6.125,-11.33125,16.92,-4.656,12.944,concentric,5,5.0,33206.0,403431.0,139185.0,10891.0,-136.0
2026-04-09 22:15:50.438471,299064,1880392441,1880394720,-0.974048,-0.054656,-0.122976,14.6825,-4.8475,-10.80625,16.968,-4.688,12.784,concentric,5,5.0,33298.0,403431.0,139054.0,10791.0,-138.0
2026-04-09 22:15:50.442417,299065,1880401377,1880403444,-0.974048,-0.054656,-0.122976,8.995,-4.15625,-8.14625,16.968,-4.688,12.784,concentric,5,5.0,33298.0,403431.0,139054.0,10791.0,-138.0
2026-04-09 22:15:50.445046,299066,1880410331,1880412139,-1.003328,-0.007808,-0.085888,8.575,-3.6925,-2.23125,16.896,-4.992,13.6,concentric,5,5.0,33298.0,403431.0,139054.0,10791.0,-138.0
2026-04-09 22:15:50.451446,299067,1880419240,1880420839,-1.003328,-0.007808,-0.085888,11.445,-5.06625,-0.13125,16.896,-4.992,13.6,concentric,5,5.0,33298.0,403431.0,139054.0,10791.0,-138.0
2026-04-09 22:15:50.453212,299068,1880433810,1880435763,-0.9272,0.052704,-0.023424,11.4625,-6.53625,-1.93375,16.16,-4.96,14.344001,concentric,5,5.0,33298.0,403431.0,139054.0,10791.0,-138.0
2026-04-09 22:15:50.454710,299069,1880442779,1880444512,-0.9272,0.052704,-0.023424,11.1825,-6.44875,-3.4825,16.16,-4.96,14.344001,concentric,5,5.0,33298.0,403431.0,139054.0,10791.0,-138.0
2026-04-09 22:15:50.458801,299070,1880451793,1880453278,-0.983808,0.040992,-0.060512,11.2875,-4.8825,-3.325,16.184,-4.064,15.016001,concentric,5,5.0,33298.0,403431.0,139054.0,10791.0,-138.0
