feature,family,construct,source,real_time_status,claim_role,correlation_scope,adjustment,n,subjects,spearman_rho,spearman_pvalue,spearman_qvalue_bh
kg,workload_dose,external load,rpe_only,known_before_set,control covariate,rpe_only_143_sets,raw,143,6,-0.1930663376703001,0.02087405231647405,0.036799797729849364
kg,workload_dose,external load,rpe_only,known_before_set,control covariate,rpe_only_143_sets,subject_centered,143,6,-0.17465027229986535,0.036956366846587506,0.06467364198152814
kg,workload_dose,external load,rpe_only,known_before_set,control covariate,rpe_only_143_sets,exercise_centered,143,6,-0.048396885326706995,0.5659680119553947,0.6095040128750404
kg,workload_dose,external load,rpe_only,known_before_set,control covariate,rpe_only_143_sets,subject_exercise_centered,143,6,0.1971220275530139,0.018287241093123234,0.060372303518431536
n_reps,workload_dose,set volume,rpe_only,known_after_set_or_planned,control covariate,rpe_only_143_sets,raw,143,6,-0.292661641766913,0.00038965230877245014,0.0013637830807035755
n_reps,workload_dose,set volume,rpe_only,known_after_set_or_planned,control covariate,rpe_only_143_sets,subject_centered,143,6,-0.255238745718126,0.0020941323090269953,0.0058635704652755865
n_reps,workload_dose,set volume,rpe_only,known_after_set_or_planned,control covariate,rpe_only_143_sets,exercise_centered,143,6,-0.15013707693924896,0.07348929486581382,0.1714750213535656
n_reps,workload_dose,set volume,rpe_only,known_after_set_or_planned,control covariate,rpe_only_143_sets,subject_exercise_centered,143,6,-0.06344483982528945,0.4515760843106789,0.7024516867055005
total_tut_sec,workload_dose,time under tension dose,rpe_only,post_set_summary,dose evidence,rpe_only_143_sets,raw,143,6,-0.003338860076654139,0.9684306480106444,0.9684306480106445
total_tut_sec,workload_dose,time under tension dose,rpe_only,post_set_summary,dose evidence,rpe_only_143_sets,subject_centered,143,6,-0.04523236604765765,0.5916629006503156,0.6902733840920349
total_tut_sec,workload_dose,time under tension dose,rpe_only,post_set_summary,dose evidence,rpe_only_143_sets,exercise_centered,143,6,0.016330066658185486,0.8465061617706401,0.8465061617706401
total_tut_sec,workload_dose,time under tension dose,rpe_only,post_set_summary,dose evidence,rpe_only_143_sets,subject_exercise_centered,143,6,-0.2734222772852225,0.0009526374158533876,0.004445641273982476
cumulative_tut_exercise_sec,cumulative_dose,cumulative TUT within the same subject and exercise up to the current set,rpe_only,known_after_current_set,cumulative dose evidence,rpe_only_143_sets,raw,143,6,0.4986533399567895,2.3264350330566053e-10,3.2570090462792475e-09
cumulative_tut_exercise_sec,cumulative_dose,cumulative TUT within the same subject and exercise up to the current set,rpe_only,known_after_current_set,cumulative dose evidence,rpe_only_143_sets,subject_centered,143,6,0.5395252573993283,3.582778454973911e-12,5.015889836963476e-11
cumulative_tut_exercise_sec,cumulative_dose,cumulative TUT within the same subject and exercise up to the current set,rpe_only,known_after_current_set,cumulative dose evidence,rpe_only_143_sets,exercise_centered,143,6,0.5888686140877234,1.0311768076050839e-14,1.4436475306471174e-13
cumulative_tut_exercise_sec,cumulative_dose,cumulative TUT within the same subject and exercise up to the current set,rpe_only,known_after_current_set,cumulative dose evidence,rpe_only_143_sets,subject_exercise_centered,143,6,0.7790967744482591,2.179410402615778e-30,1.5255872818310445e-29
set_index_numeric,set_order_diagnostic,experimental order / accumulated exposure proxy,rpe_only,protocol_context,diagnostic proxy only,rpe_only_143_sets,raw,143,6,0.4396565277174376,3.934199092595267e-08,2.753939364816687e-07
set_index_numeric,set_order_diagnostic,experimental order / accumulated exposure proxy,rpe_only,protocol_context,diagnostic proxy only,rpe_only_143_sets,subject_centered,143,6,0.4981893021457373,2.431749773839692e-10,1.7022248416877843e-09
set_index_numeric,set_order_diagnostic,experimental order / accumulated exposure proxy,rpe_only,protocol_context,diagnostic proxy only,rpe_only_143_sets,exercise_centered,143,6,0.5016539478646443,1.7444512878800878e-10,1.2211159015160615e-09
set_index_numeric,set_order_diagnostic,experimental order / accumulated exposure proxy,rpe_only,protocol_context,diagnostic proxy only,rpe_only_143_sets,subject_exercise_centered,143,6,0.7996769786028746,4.843868569694262e-33,6.781415997571967e-32
rep_duration_cv,lowdim_set_trend,within-set repetition duration variability,rpe_only,post_set_summary,IMU trend evidence,rpe_only_143_sets,raw,143,6,-0.07315662240061654,0.38522344522963203,0.4148560179396037
rep_duration_cv,lowdim_set_trend,within-set repetition duration variability,rpe_only,post_set_summary,IMU trend evidence,rpe_only_143_sets,subject_centered,143,6,0.1623851780411879,0.052661991342263494,0.08191865319907654
rep_duration_cv,lowdim_set_trend,within-set repetition duration variability,rpe_only,post_set_summary,IMU trend evidence,rpe_only_143_sets,exercise_centered,143,6,-0.13230682466706775,0.11520876454218963,0.23041752908437926
rep_duration_cv,lowdim_set_trend,within-set repetition duration variability,rpe_only,post_set_summary,IMU trend evidence,rpe_only_143_sets,subject_exercise_centered,143,6,-0.05450376407787077,0.5179357138679495,0.7251099994151293
movement_rate_cv,lowdim_set_trend,within-set movement rate variability,rpe_only,post_set_summary,IMU trend evidence,rpe_only_143_sets,raw,143,6,-0.15040496044734641,0.07297129664010718,0.09654503048941518
movement_rate_cv,lowdim_set_trend,within-set movement rate variability,rpe_only,post_set_summary,IMU trend evidence,rpe_only_143_sets,subject_centered,143,6,0.03157386847006473,0.7081453206740758,0.7626180376490047
movement_rate_cv,lowdim_set_trend,within-set movement rate variability,rpe_only,post_set_summary,IMU trend evidence,rpe_only_143_sets,exercise_centered,143,6,-0.17837947372886334,0.033046927318358274,0.09253139649140316
movement_rate_cv,lowdim_set_trend,within-set movement rate variability,rpe_only,post_set_summary,IMU trend evidence,rpe_only_143_sets,subject_exercise_centered,143,6,0.047185557422497394,0.575740853786689,0.7327610866376042
gyro_diff_gain_last2_vs_first2,lowdim_set_trend,late-vs-early gyroscope change,rpe_only,post_set_summary,IMU trend evidence,rpe_only_143_sets,raw,143,6,0.1957787919012138,0.01911141038013813,0.036799797729849364
gyro_diff_gain_last2_vs_first2,lowdim_set_trend,late-vs-early gyroscope change,rpe_only,post_set_summary,IMU trend evidence,rpe_only_143_sets,subject_centered,143,6,0.3227918530021655,8.426515655466402e-05,0.0003932373972550987
gyro_diff_gain_last2_vs_first2,lowdim_set_trend,late-vs-early gyroscope change,rpe_only,post_set_summary,IMU trend evidence,rpe_only_143_sets,exercise_centered,143,6,0.11463509551167604,0.17278678134021583,0.26877943764033574
gyro_diff_gain_last2_vs_first2,lowdim_set_trend,late-vs-early gyroscope change,rpe_only,post_set_summary,IMU trend evidence,rpe_only_143_sets,subject_exercise_centered,143,6,0.13194175058754157,0.11622407818333502,0.23244815636667004
gyro_mag_diff_rms_slope,lowdim_set_trend,gyroscope difference trend across reps,rpe_only,post_set_summary,IMU trend evidence,rpe_only_143_sets,raw,143,6,0.1928382623084412,0.021028455845628208,0.036799797729849364
gyro_mag_diff_rms_slope,lowdim_set_trend,gyroscope difference trend across reps,rpe_only,post_set_summary,IMU trend evidence,rpe_only_143_sets,subject_centered,143,6,0.24636986019366752,0.0030154492740392244,0.007036048306091523
gyro_mag_diff_rms_slope,lowdim_set_trend,gyroscope difference trend across reps,rpe_only,post_set_summary,IMU trend evidence,rpe_only_143_sets,exercise_centered,143,6,0.056672399173720474,0.5013952801719723,0.5849611602006344
gyro_mag_diff_rms_slope,lowdim_set_trend,gyroscope difference trend across reps,rpe_only,post_set_summary,IMU trend evidence,rpe_only_143_sets,subject_exercise_centered,143,6,0.0956182557992007,0.2559575611277538,0.44792573197356916
sim_to_first_slope,lowdim_set_trend,trend in similarity to first repetition,rpe_only,post_set_summary,IMU trend evidence,rpe_only_143_sets,raw,143,6,-0.15860299011343792,0.05849583262720475,0.09099351742009627
sim_to_first_slope,lowdim_set_trend,trend in similarity to first repetition,rpe_only,post_set_summary,IMU trend evidence,rpe_only_143_sets,subject_centered,143,6,-0.15203861364665083,0.06987599024249669,0.09782638633949536
sim_to_first_slope,lowdim_set_trend,trend in similarity to first repetition,rpe_only,post_set_summary,IMU trend evidence,rpe_only_143_sets,exercise_centered,143,6,-0.10578587594740768,0.2085928960005647,0.29203005440079055
sim_to_first_slope,lowdim_set_trend,trend in similarity to first repetition,rpe_only,post_set_summary,IMU trend evidence,rpe_only_143_sets,subject_exercise_centered,143,6,-0.006381821945532292,0.939700367671505,0.939700367671505
pca_diff_rms_mean,lowdim_set_trend,mean waveform difference magnitude,rpe_only,post_set_summary,IMU trend evidence,rpe_only_143_sets,raw,143,6,-0.2861385551605403,0.0005313849589315294,0.0014878778850082825
pca_diff_rms_mean,lowdim_set_trend,mean waveform difference magnitude,rpe_only,post_set_summary,IMU trend evidence,rpe_only_143_sets,subject_centered,143,6,-0.2775800785648773,0.0007894958469526034,0.002763235464334112
pca_diff_rms_mean,lowdim_set_trend,mean waveform difference magnitude,rpe_only,post_set_summary,IMU trend evidence,rpe_only_143_sets,exercise_centered,143,6,-0.26024965064490724,0.0016947130260893612,0.007908660788417019
pca_diff_rms_mean,lowdim_set_trend,mean waveform difference magnitude,rpe_only,post_set_summary,IMU trend evidence,rpe_only_143_sets,subject_exercise_centered,143,6,-0.19206176493608554,0.021561536970868406,0.060372303518431536
vo2_mean,delayed_vo2_45s,mean VO2 in delayed post-set window,vo2_lag45,delayed_45s_physiology,delayed physiological evidence,vo2_overlap_lag45_96_sets,raw,96,4,-0.16855914278455777,0.10065831864065775,0.11743470508076737
vo2_mean,delayed_vo2_45s,mean VO2 in delayed post-set window,vo2_lag45,delayed_45s_physiology,delayed physiological evidence,vo2_overlap_lag45_96_sets,subject_centered,96,4,0.01055211568996149,0.9187267707256322,0.9187267707256322
vo2_mean,delayed_vo2_45s,mean VO2 in delayed post-set window,vo2_lag45,delayed_45s_physiology,delayed physiological evidence,vo2_overlap_lag45_96_sets,exercise_centered,96,4,-0.08505493678324201,0.40997215429034295,0.5217827418240728
vo2_mean,delayed_vo2_45s,mean VO2 in delayed post-set window,vo2_lag45,delayed_45s_physiology,delayed physiological evidence,vo2_overlap_lag45_96_sets,subject_exercise_centered,96,4,0.18598813572383255,0.06963188960904314,0.1624744090877673
vo2_peak,delayed_vo2_45s,peak VO2 in delayed post-set window,vo2_lag45,delayed_45s_physiology,delayed physiological evidence,vo2_overlap_lag45_96_sets,raw,96,4,-0.18205301302555485,0.07585680967025478,0.09654503048941518
vo2_peak,delayed_vo2_45s,peak VO2 in delayed post-set window,vo2_lag45,delayed_45s_physiology,delayed physiological evidence,vo2_overlap_lag45_96_sets,subject_centered,96,4,-0.1204136640043209,0.24256041920296056,0.308713260803768
vo2_peak,delayed_vo2_45s,peak VO2 in delayed post-set window,vo2_lag45,delayed_45s_physiology,delayed physiological evidence,vo2_overlap_lag45_96_sets,exercise_centered,96,4,-0.15337857230892268,0.13571115085605395,0.2374945139980944
vo2_peak,delayed_vo2_45s,peak VO2 in delayed post-set window,vo2_lag45,delayed_45s_physiology,delayed physiological evidence,vo2_overlap_lag45_96_sets,subject_exercise_centered,96,4,-0.028603792597689633,0.7820533694797043,0.8422113209781431
vo2_slope,delayed_vo2_45s,VO2 slope in delayed post-set window,vo2_lag45,delayed_45s_physiology,delayed physiological evidence,vo2_overlap_lag45_96_sets,raw,96,4,0.36385793608956896,0.0002683207629031439,0.0012521635602146715
vo2_slope,delayed_vo2_45s,VO2 slope in delayed post-set window,vo2_lag45,delayed_45s_physiology,delayed physiological evidence,vo2_overlap_lag45_96_sets,subject_centered,96,4,0.2706992104386702,0.007640521335823769,0.015281042671647538
vo2_slope,delayed_vo2_45s,VO2 slope in delayed post-set window,vo2_lag45,delayed_45s_physiology,delayed physiological evidence,vo2_overlap_lag45_96_sets,exercise_centered,96,4,0.21930105474403944,0.031812279158235854,0.09253139649140316
vo2_slope,delayed_vo2_45s,VO2 slope in delayed post-set window,vo2_lag45,delayed_45s_physiology,delayed physiological evidence,vo2_overlap_lag45_96_sets,subject_exercise_centered,96,4,0.047502283107186245,0.6458118562309223,0.7534471656027426
