dataset,model_stage,fold,val_subject,n_features,n,mae,rmse,r2,spearman,rounded_pm1_acc
rpe_only_143_sets,M0_global_mean,1,haoyu0512workout,0,24,1.5147058823529413,1.6372255486390672,-1.6992523047886379,,0.2916666666666667
rpe_only_143_sets,M0_global_mean,2,hsianshun0514workout,0,23,1.6485507246376812,1.998329616464373,-0.02249126062170581,,0.5217391304347826
rpe_only_143_sets,M0_global_mean,3,tsenyu0515workout,0,24,1.923669467787115,2.246321339500363,-0.3187262734708487,,0.375
rpe_only_143_sets,M0_global_mean,4,yanz0510workout,0,24,1.2510504201680672,1.5160917253023198,-0.15026555416974374,,0.5833333333333334
rpe_only_143_sets,M0_global_mean,5,yoru0511workout,0,24,1.5637254901960784,1.8946412003004305,-0.6782850649809198,,0.4583333333333333
rpe_only_143_sets,M0_global_mean,6,yushuan0513workout,0,24,1.4058123249299719,1.638029579531515,-0.2636869667784385,,0.5416666666666666
rpe_only_143_sets,M1_exercise_mean,1,haoyu0512workout,0,24,1.4625000000000004,1.7200209947039082,-1.9791608391608388,0.4277602959934155,0.5416666666666666
rpe_only_143_sets,M1_exercise_mean,2,hsianshun0514workout,0,23,1.2463768115942029,1.5681614823680017,0.37033881897386267,0.664207080209077,0.6521739130434783
rpe_only_143_sets,M1_exercise_mean,3,tsenyu0515workout,0,24,1.6031746031746035,2.039980214211995,-0.0875839845920221,0.5184194063072334,0.5833333333333334
rpe_only_143_sets,M1_exercise_mean,4,yanz0510workout,0,24,1.307936507936508,1.491593982191451,-0.11339279065231667,0.2992256351927236,0.5416666666666666
rpe_only_143_sets,M1_exercise_mean,5,yoru0511workout,0,24,1.3583333333333334,1.7241745206845445,-0.38987012987013014,0.5084340675271551,0.625
rpe_only_143_sets,M1_exercise_mean,6,yushuan0513workout,0,24,1.2674603174603174,1.5855069219484617,-0.18394713568174637,0.2984817122455866,0.75
rpe_only_143_sets,M2_set_index_no_exercise,1,haoyu0512workout,1,24,1.4968659240733915,1.7088886507048224,-1.9407221017700405,0.4895344243946293,0.5416666666666666
rpe_only_143_sets,M2_set_index_no_exercise,2,hsianshun0514workout,1,23,1.4679877536547647,1.722197448032786,0.24056390006987982,0.6137108814652068,0.5217391304347826
rpe_only_143_sets,M2_set_index_no_exercise,3,tsenyu0515workout,1,24,1.7474245830402928,2.042662062575877,-0.0904454364277496,0.5145029040929373,0.5
rpe_only_143_sets,M2_set_index_no_exercise,4,yanz0510workout,1,24,1.049316741266414,1.2533835609398216,0.21383238741920763,0.5454458995832048,0.7916666666666666
rpe_only_143_sets,M2_set_index_no_exercise,5,yoru0511workout,1,24,1.5808123324265475,1.9401285750930257,-0.7598384410925947,0.48137546911973134,0.5833333333333334
rpe_only_143_sets,M2_set_index_no_exercise,6,yushuan0513workout,1,24,1.2528040268484615,1.528824953229221,-0.10080793529599852,0.5288256534240369,0.625
rpe_only_143_sets,M3_exercise_plus_set_index,1,haoyu0512workout,9,24,1.6331795441551906,1.8637614033679468,-2.4978975237098213,0.5618994673025994,0.5416666666666666
rpe_only_143_sets,M3_exercise_plus_set_index,2,hsianshun0514workout,9,23,0.9071094562596419,1.1663363954888897,0.6516843316762699,0.8997144913848533,0.782608695652174
rpe_only_143_sets,M3_exercise_plus_set_index,3,tsenyu0515workout,9,24,1.428016095987629,1.757762269358481,0.1925211249300185,0.6924401247324645,0.5416666666666666
rpe_only_143_sets,M3_exercise_plus_set_index,4,yanz0510workout,9,24,0.9460229766149774,1.1301321434753948,0.3608458478292065,0.6826595252832514,0.8333333333333334
rpe_only_143_sets,M3_exercise_plus_set_index,5,yoru0511workout,9,24,1.4462236736797898,1.7542623840235736,-0.4388014861299039,0.6509771661334762,0.5416666666666666
rpe_only_143_sets,M3_exercise_plus_set_index,6,yushuan0513workout,9,24,1.0864040422731784,1.5582785230465086,-0.14363173041986332,0.5312126393368164,0.7916666666666666
rpe_only_143_sets,M4_exercise_plus_cumulative_tut,1,haoyu0512workout,9,24,1.176444198004681,1.4076098063335782,-0.9952210687527923,0.6014927695353116,0.6666666666666666
rpe_only_143_sets,M4_exercise_plus_cumulative_tut,2,hsianshun0514workout,9,23,1.0649566793812268,1.2470373567312036,0.601815562708139,0.8490051366806846,0.6956521739130435
rpe_only_143_sets,M4_exercise_plus_cumulative_tut,3,tsenyu0515workout,9,24,1.9552200827627004,2.171349877743624,-0.2321696587788098,0.8515559013259845,0.375
rpe_only_143_sets,M4_exercise_plus_cumulative_tut,4,yanz0510workout,9,24,1.1517252846201338,1.297970321116234,0.15690466916491586,0.7213006304879637,0.7083333333333334
rpe_only_143_sets,M4_exercise_plus_cumulative_tut,5,yoru0511workout,9,24,0.9870266764060781,1.2349698266403673,0.28694263613458426,0.7628777431223138,0.75
rpe_only_143_sets,M4_exercise_plus_cumulative_tut,6,yushuan0513workout,9,24,0.9818179710573954,1.4594462018172967,-0.0031646217623759743,0.5188073400028457,0.7916666666666666
rpe_only_143_sets,M5_plus_lowdim_imu_group,1,haoyu0512workout,15,24,1.0398711836721513,1.303720591686325,-0.7115733069295072,0.5651537113217264,0.6666666666666666
rpe_only_143_sets,M5_plus_lowdim_imu_group,2,hsianshun0514workout,15,23,1.1120430867116917,1.2968931066520113,0.5693408106422478,0.7772087235846834,0.6956521739130435
rpe_only_143_sets,M5_plus_lowdim_imu_group,3,tsenyu0515workout,15,24,1.9302130494711445,2.184743928881797,-0.2474179110874144,0.7841190209414732,0.4166666666666667
rpe_only_143_sets,M5_plus_lowdim_imu_group,4,yanz0510workout,15,24,1.1531704739340574,1.312025878372608,0.13854625753329086,0.7235213836606483,0.75
rpe_only_143_sets,M5_plus_lowdim_imu_group,5,yoru0511workout,15,24,0.9898851164543757,1.2769858711552855,0.237598117601454,0.8063946341735285,0.7083333333333334
rpe_only_143_sets,M5_plus_lowdim_imu_group,6,yushuan0513workout,15,24,1.0282052248814664,1.457475836608194,-0.0004577506418077526,0.607859667364564,0.7916666666666666
rpe_vo2_lag45_96_sets,M0_global_mean,1,haoyu0512workout,0,24,1.3726851851851853,1.4516380700504357,-1.1219891219891225,,0.2916666666666667
rpe_vo2_lag45_96_sets,M0_global_mean,2,yanz0510workout,0,24,1.1967592592592593,1.4309600291197067,-0.024712810116806816,,0.7083333333333334
rpe_vo2_lag45_96_sets,M0_global_mean,3,yoru0511workout,0,24,1.8796296296296295,2.2594110452958613,-1.3867243867243868,,0.4583333333333333
rpe_vo2_lag45_96_sets,M0_global_mean,4,yushuan0513workout,0,24,1.329861111111111,1.5234154893155116,-0.0930317070954847,,0.625
rpe_vo2_lag45_96_sets,M1_exercise_mean,1,haoyu0512workout,0,24,1.3055555555555554,1.4979409736347515,-1.2595182595182592,0.40636303325058964,0.5833333333333334
rpe_vo2_lag45_96_sets,M1_exercise_mean,2,yanz0510workout,0,24,1.212962962962963,1.4304881321759702,-0.02403706921517501,0.28347438782872936,0.6666666666666666
rpe_vo2_lag45_96_sets,M1_exercise_mean,3,yoru0511workout,0,24,1.7870370370370372,2.213176031893566,-1.290043290043291,0.4399194459951265,0.4583333333333333
rpe_vo2_lag45_96_sets,M1_exercise_mean,4,yushuan0513workout,0,24,1.1851851851851851,1.4624940645653537,-0.007358953393295176,0.20478790122679258,0.7083333333333334
rpe_vo2_lag45_96_sets,M2_set_index_no_exercise,1,haoyu0512workout,1,24,1.3291073218462126,1.4815826256870424,-1.2104373360155969,0.4895344243946293,0.5833333333333334
rpe_vo2_lag45_96_sets,M2_set_index_no_exercise,2,yanz0510workout,1,24,0.9769301756936642,1.2325622589433722,0.23973518681943096,0.5454458995832048,0.7916666666666666
rpe_vo2_lag45_96_sets,M2_set_index_no_exercise,3,yoru0511workout,1,24,1.8808739470193154,2.2496127843698908,-1.366068525527484,0.48137546911973134,0.5416666666666666
rpe_vo2_lag45_96_sets,M2_set_index_no_exercise,4,yushuan0513workout,1,24,1.2060607908753582,1.404838067122455,0.07050178493398152,0.5288256534240369,0.625
rpe_vo2_lag45_96_sets,M3_exercise_plus_set_index,1,haoyu0512workout,9,24,1.376199380264601,1.6117934532129028,-1.6160451157907425,0.5152553030284454,0.5416666666666666
rpe_vo2_lag45_96_sets,M3_exercise_plus_set_index,2,yanz0510workout,9,24,0.9799773610296102,1.1709485992476047,0.31384406749084404,0.5889437413959605,0.8333333333333334
rpe_vo2_lag45_96_sets,M3_exercise_plus_set_index,3,yoru0511workout,9,24,1.8136856404402886,2.187790500612486,-1.237810154344524,0.5506218867704709,0.4583333333333333
rpe_vo2_lag45_96_sets,M3_exercise_plus_set_index,4,yushuan0513workout,9,24,1.050572580388434,1.4649982498174146,-0.010811648612934377,0.45190733288036095,0.8333333333333334
rpe_vo2_lag45_96_sets,M4_exercise_plus_cumulative_tut,1,haoyu0512workout,9,24,0.9505661516406202,1.2327811843963818,-0.5303770671234367,0.5863062974460521,0.7916666666666666
rpe_vo2_lag45_96_sets,M4_exercise_plus_cumulative_tut,2,yanz0510workout,9,24,0.9466707543542004,1.09151956857801,0.4037749592466501,0.7399549571385146,0.8333333333333334
rpe_vo2_lag45_96_sets,M4_exercise_plus_cumulative_tut,3,yoru0511workout,9,24,1.425596376773773,1.779815277609285,-0.4810224312572857,0.6638546134853662,0.5
rpe_vo2_lag45_96_sets,M4_exercise_plus_cumulative_tut,4,yushuan0513workout,9,24,0.9089016025906017,1.3431768963377229,0.15030619401738976,0.497098066168397,0.7916666666666666
rpe_vo2_lag45_96_sets,M5_plus_lowdim_imu_group,1,haoyu0512workout,15,24,1.091983650182658,1.4228260735622458,-1.0385909169764491,0.5754588173822953,0.75
rpe_vo2_lag45_96_sets,M5_plus_lowdim_imu_group,2,yanz0510workout,15,24,1.0186014942322499,1.2595547346700264,0.20607176136690164,0.6249199427934513,0.75
rpe_vo2_lag45_96_sets,M5_plus_lowdim_imu_group,3,yoru0511workout,15,24,1.4788809819362811,1.7885544619482276,-0.4956022633867132,0.7291299500621882,0.5
rpe_vo2_lag45_96_sets,M5_plus_lowdim_imu_group,4,yushuan0513workout,15,24,0.866469071235931,1.2365110172600309,0.279901333128429,0.5453901242899257,0.8333333333333334
rpe_vo2_lag45_96_sets,M6_plus_delayed_vo2,1,haoyu0512workout,18,24,1.1045411773802076,1.4230569450568444,-1.0392525448806342,0.5754588173822953,0.7916666666666666
rpe_vo2_lag45_96_sets,M6_plus_delayed_vo2,2,yanz0510workout,18,24,1.3163326307866257,1.6867691285375404,-0.42383101091284225,0.4792385346653404,0.5833333333333334
rpe_vo2_lag45_96_sets,M6_plus_delayed_vo2,3,yoru0511workout,18,24,1.6697544010805971,1.9721822493620118,-0.818468853105841,0.7406752476880205,0.4583333333333333
rpe_vo2_lag45_96_sets,M6_plus_delayed_vo2,4,yushuan0513workout,18,24,0.8672595568808602,1.2877638367119595,0.21896863229237173,0.5684285373387284,0.8333333333333334
