exercise,feature,objective,boundaries,mean_abs_error,median_abs_error,p80_abs_error,p90_abs_error,within_25_samples,within_50_samples,within_100_samples
db_bench_press,acc_jerk_max_s21_e21,max,309,61.8091,53.0,101.0,122.4,0.2201,0.479,0.7929
db_bench_press,acc_jerk_max_s21_e51,max,309,65.4531,63.0,104.0,125.2,0.2298,0.4272,0.767
db_bench_press,acc_jerk_max_s21_e81,max,309,71.6472,70.0,108.2,128.0,0.1812,0.3172,0.7443
db_bench_press,acc_jerk_max_s51_e21,max,309,57.123,52.0,94.0,115.0,0.2686,0.4725,0.8479
db_bench_press,acc_jerk_max_s51_e51,max,309,62.5502,60.0,98.0,117.0,0.2233,0.4239,0.822
db_bench_press,acc_jerk_max_s51_e81,max,309,68.5405,66.0,107.0,122.2,0.1618,0.3625,0.7573
db_bench_press,acc_jerk_max_s9_e21,max,309,56.1294,48.0,85.8,113.4,0.1974,0.5275,0.8544
db_bench_press,acc_jerk_max_s9_e51,max,309,62.3107,54.0,102.4,119.2,0.1909,0.4563,0.7864
db_bench_press,acc_jerk_max_s9_e81,max,309,70.4207,69.0,112.4,126.0,0.1715,0.3528,0.754
db_bench_press,acc_magnitude_min_s21,min,309,61.4725,59.0,100.0,115.2,0.2362,0.4369,0.8026
db_bench_press,acc_magnitude_min_s51,min,309,61.767,60.0,100.4,118.0,0.2427,0.4239,0.7994
db_bench_press,acc_magnitude_min_s9,min,309,61.0777,60.0,97.4,114.2,0.233,0.4239,0.8188
db_bench_press,gyro_jerk_max_s21_e21,max,309,59.2524,50.0,93.0,125.0,0.2265,0.5113,0.8155
db_bench_press,gyro_jerk_max_s21_e51,max,309,63.0939,50.0,100.8,120.4,0.1715,0.5049,0.7994
db_bench_press,gyro_jerk_max_s21_e81,max,309,66.7476,61.0,104.0,122.2,0.1942,0.3981,0.7735
db_bench_press,gyro_jerk_max_s51_e21,max,309,55.9223,47.0,95.4,117.0,0.2913,0.5275,0.822
db_bench_press,gyro_jerk_max_s51_e51,max,309,57.4563,48.0,101.0,117.0,0.288,0.5178,0.7961
db_bench_press,gyro_jerk_max_s51_e81,max,309,62.835,55.0,100.0,119.2,0.2168,0.466,0.8026
db_bench_press,gyro_jerk_max_s9_e21,max,309,56.7605,46.0,93.4,117.0,0.246,0.5178,0.8317
db_bench_press,gyro_jerk_max_s9_e51,max,309,64.7087,57.0,105.8,120.2,0.1942,0.4369,0.7605
db_bench_press,gyro_jerk_max_s9_e81,max,309,71.2233,68.0,113.0,122.8,0.1586,0.343,0.7411
db_bench_press,gyro_magnitude_min_s21,min,309,53.4369,52.0,89.4,111.0,0.343,0.4887,0.8576
db_bench_press,gyro_magnitude_min_s51,min,309,54.9547,53.0,93.4,112.0,0.3398,0.4757,0.8382
db_bench_press,gyro_magnitude_min_s9,min,309,52.877,49.0,89.4,107.4,0.343,0.5243,0.8706
db_bench_press,motion_energy_min_s21_e21,min,309,58.534,60.0,96.0,111.2,0.2848,0.4498,0.8155
db_bench_press,motion_energy_min_s21_e51,min,309,59.699,60.0,96.0,113.2,0.2751,0.4337,0.822
db_bench_press,motion_energy_min_s21_e81,min,309,64.233,67.0,101.0,115.2,0.233,0.3657,0.7896
db_bench_press,motion_energy_min_s51_e21,min,309,60.8964,60.0,97.4,115.0,0.2524,0.4466,0.8285
db_bench_press,motion_energy_min_s51_e51,min,309,63.4045,61.0,100.4,115.2,0.2136,0.4045,0.7994
db_bench_press,motion_energy_min_s51_e81,min,309,66.1974,67.0,103.4,117.2,0.2104,0.3528,0.7767
db_bench_press,motion_energy_min_s9_e21,min,309,60.3172,62.0,96.4,113.0,0.2816,0.4304,0.8317
db_bench_press,motion_energy_min_s9_e51,min,309,62.356,66.0,98.0,113.2,0.2783,0.3948,0.8155
db_bench_press,motion_energy_min_s9_e81,min,309,64.246,67.0,99.4,117.2,0.2492,0.3786,0.8058
db_bench_press,pca_extreme_max_s21,max,309,52.2816,41.0,78.4,119.0,0.2492,0.6311,0.8608
db_bench_press,pca_extreme_max_s51,max,309,56.9968,44.0,97.0,122.0,0.2362,0.589,0.8091
db_bench_press,pca_extreme_max_s9,max,309,52.2039,42.0,78.6,115.4,0.2524,0.6181,0.8608
db_bench_press,pca_velocity_min_s21_e21,min,309,54.3366,50.0,92.0,109.0,0.3333,0.5016,0.8447
db_bench_press,pca_velocity_min_s21_e51,min,309,58.8803,55.0,95.8,113.0,0.2589,0.4595,0.8252
db_bench_press,pca_velocity_min_s21_e81,min,309,65.479,65.0,102.0,117.0,0.178,0.4013,0.7767
db_bench_press,pca_velocity_min_s51_e21,min,309,60.1586,52.0,95.0,115.0,0.1845,0.4854,0.835
db_bench_press,pca_velocity_min_s51_e51,min,309,66.4239,64.0,103.4,118.0,0.1618,0.411,0.7767
db_bench_press,pca_velocity_min_s51_e81,min,309,70.7346,66.0,107.0,120.0,0.1489,0.3042,0.7346
db_bench_press,pca_velocity_min_s9_e21,min,309,61.3916,56.0,103.4,116.2,0.2751,0.4531,0.7864
db_bench_press,pca_velocity_min_s9_e51,min,309,60.7961,57.0,99.4,118.0,0.2816,0.4725,0.8026
db_bench_press,pca_velocity_min_s9_e81,min,309,66.932,66.0,104.0,118.8,0.2104,0.3948,0.7638
db_bench_press,transition_energy_max_s21_e21,max,309,55.657,46.0,92.2,119.2,0.2686,0.5372,0.8414
db_bench_press,transition_energy_max_s21_e51,max,309,59.8188,49.0,100.0,122.0,0.2265,0.5178,0.8058
db_bench_press,transition_energy_max_s21_e81,max,309,66.7896,60.0,104.0,122.6,0.1909,0.3981,0.7799
db_bench_press,transition_energy_max_s51_e21,max,309,60.4725,59.0,95.0,117.0,0.2362,0.4078,0.8317
db_bench_press,transition_energy_max_s51_e51,max,309,60.8091,59.0,93.4,120.4,0.2427,0.4401,0.8285
db_bench_press,transition_energy_max_s51_e81,max,309,62.0097,54.0,100.4,120.0,0.1974,0.4757,0.7994
db_bench_press,transition_energy_max_s9_e21,max,309,52.9353,45.0,78.4,113.4,0.2589,0.5728,0.8738
db_bench_press,transition_energy_max_s9_e51,max,309,58.2006,50.0,95.4,119.0,0.2395,0.5081,0.8155
db_bench_press,transition_energy_max_s9_e81,max,309,68.5049,64.0,107.0,124.0,0.1586,0.3754,0.7605
db_biceps_curl,acc_jerk_max_s21_e21,max,262,65.9885,69.0,96.0,105.9,0.1718,0.3015,0.8664
db_biceps_curl,acc_jerk_max_s21_e51,max,262,69.9389,80.0,96.8,104.0,0.1641,0.2634,0.8664
db_biceps_curl,acc_jerk_max_s21_e81,max,262,74.2824,84.5,98.0,112.0,0.1489,0.2595,0.8359
db_biceps_curl,acc_jerk_max_s51_e21,max,262,70.7023,71.5,98.0,107.0,0.0992,0.2443,0.8435
db_biceps_curl,acc_jerk_max_s51_e51,max,262,74.7748,83.0,101.0,112.0,0.126,0.2252,0.7901
db_biceps_curl,acc_jerk_max_s51_e81,max,262,77.8473,88.0,102.8,117.0,0.1183,0.2366,0.7939
db_biceps_curl,acc_jerk_max_s9_e21,max,262,68.4695,72.0,94.0,104.9,0.1412,0.2252,0.8817
db_biceps_curl,acc_jerk_max_s9_e51,max,262,72.7252,79.5,96.0,105.9,0.1183,0.1908,0.8511
db_biceps_curl,acc_jerk_max_s9_e81,max,262,76.0534,84.5,98.0,109.8,0.0954,0.1985,0.8321
db_biceps_curl,acc_magnitude_min_s21,min,262,72.5458,79.0,100.0,107.0,0.0458,0.3015,0.8282
db_biceps_curl,acc_magnitude_min_s51,min,262,78.2595,89.0,103.0,112.0,0.0878,0.2366,0.7672
db_biceps_curl,acc_magnitude_min_s9,min,262,68.2748,71.0,95.0,107.9,0.0878,0.3473,0.8473
db_biceps_curl,gyro_jerk_max_s21_e21,max,262,54.7595,51.0,93.0,100.0,0.3359,0.4924,0.9008
db_biceps_curl,gyro_jerk_max_s21_e51,max,262,56.813,55.5,94.0,103.7,0.2863,0.4771,0.8817
db_biceps_curl,gyro_jerk_max_s21_e81,max,262,60.9924,59.5,98.0,112.0,0.2595,0.4275,0.8206
db_biceps_curl,gyro_jerk_max_s51_e21,max,262,59.1985,59.0,95.0,104.9,0.2557,0.4504,0.8626
db_biceps_curl,gyro_jerk_max_s51_e51,max,262,59.2748,60.5,94.0,100.9,0.2672,0.4466,0.8969
db_biceps_curl,gyro_jerk_max_s51_e81,max,262,59.729,63.0,92.0,99.9,0.2137,0.4046,0.9008
db_biceps_curl,gyro_jerk_max_s9_e21,max,262,61.5496,68.0,94.0,106.9,0.2519,0.3893,0.8664
db_biceps_curl,gyro_jerk_max_s9_e51,max,262,66.2901,74.0,98.0,116.9,0.2328,0.3626,0.8321
db_biceps_curl,gyro_jerk_max_s9_e81,max,262,68.2099,75.0,105.0,117.0,0.2214,0.3511,0.7748
db_biceps_curl,gyro_magnitude_min_s21,min,262,38.1756,21.0,88.8,100.0,0.5573,0.7137,0.9008
db_biceps_curl,gyro_magnitude_min_s51,min,262,47.0458,29.0,96.0,107.0,0.458,0.6221,0.855
db_biceps_curl,gyro_magnitude_min_s9,min,262,31.5534,18.0,56.0,93.0,0.626,0.7824,0.9351
db_biceps_curl,motion_energy_min_s21_e21,min,262,68.8893,84.5,107.0,123.8,0.2519,0.3855,0.7176
db_biceps_curl,motion_energy_min_s21_e51,min,262,70.958,86.0,107.0,124.9,0.229,0.3664,0.7061
db_biceps_curl,motion_energy_min_s21_e81,min,262,72.4962,85.5,111.8,127.9,0.2137,0.3702,0.687
db_biceps_curl,motion_energy_min_s51_e21,min,262,69.4733,87.0,107.8,127.0,0.2748,0.3931,0.687
db_biceps_curl,motion_energy_min_s51_e51,min,262,71.7863,87.5,111.8,128.0,0.2443,0.3779,0.6718
db_biceps_curl,motion_energy_min_s51_e81,min,262,75.9389,94.0,114.0,128.0,0.2137,0.3511,0.6374
db_biceps_curl,motion_energy_min_s9_e21,min,262,64.3664,78.0,106.0,119.0,0.2824,0.4351,0.7557
db_biceps_curl,motion_energy_min_s9_e51,min,262,65.1298,76.0,107.0,122.9,0.2863,0.4351,0.7481
db_biceps_curl,motion_energy_min_s9_e81,min,262,65.4008,69.5,107.0,122.9,0.271,0.4542,0.7214
db_biceps_curl,pca_extreme_max_s21,max,262,59.9237,56.0,95.0,98.9,0.187,0.4351,0.916
db_biceps_curl,pca_extreme_max_s51,max,262,61.4351,60.5,96.0,99.8,0.1908,0.4008,0.9198
db_biceps_curl,pca_extreme_max_s9,max,262,59.1183,55.0,94.0,98.0,0.1985,0.4504,0.9122
db_biceps_curl,pca_velocity_min_s21_e21,min,262,52.9618,50.5,92.0,105.9,0.3053,0.5,0.874
db_biceps_curl,pca_velocity_min_s21_e51,min,262,60.6489,61.5,102.0,114.0,0.2595,0.4198,0.7939
db_biceps_curl,pca_velocity_min_s21_e81,min,262,65.7137,68.5,107.0,124.0,0.2366,0.4084,0.7557
db_biceps_curl,pca_velocity_min_s51_e21,min,262,53.7595,54.5,87.8,108.0,0.2977,0.4771,0.8511
db_biceps_curl,pca_velocity_min_s51_e51,min,262,63.5649,63.0,106.8,123.0,0.2481,0.3893,0.7786
db_biceps_curl,pca_velocity_min_s51_e81,min,262,66.9924,61.5,107.0,127.0,0.1603,0.4275,0.7366
db_biceps_curl,pca_velocity_min_s9_e21,min,262,46.5153,37.0,85.0,100.9,0.3435,0.6107,0.8969
db_biceps_curl,pca_velocity_min_s9_e51,min,262,54.1069,44.0,98.8,108.0,0.3397,0.5496,0.813
db_biceps_curl,pca_velocity_min_s9_e81,min,262,60.3053,55.5,105.0,115.8,0.313,0.4885,0.771
db_biceps_curl,transition_energy_max_s21_e21,max,262,65.6298,71.0,95.0,100.0,0.1832,0.3168,0.9008
db_biceps_curl,transition_energy_max_s21_e51,max,262,69.0954,77.0,96.0,101.9,0.1298,0.2824,0.8855
db_biceps_curl,transition_energy_max_s21_e81,max,262,69.1985,76.0,96.0,105.9,0.1412,0.3282,0.8702
db_biceps_curl,transition_energy_max_s51_e21,max,262,64.6908,68.5,96.0,101.9,0.2061,0.3397,0.874
db_biceps_curl,transition_energy_max_s51_e51,max,262,68.6298,74.5,96.0,105.0,0.1641,0.2901,0.8779
db_biceps_curl,transition_energy_max_s51_e81,max,262,69.5305,78.0,98.0,113.9,0.1603,0.3053,0.8473
db_biceps_curl,transition_energy_max_s9_e21,max,262,70.4008,78.0,96.0,106.0,0.145,0.2519,0.8664
db_biceps_curl,transition_energy_max_s9_e51,max,262,72.187,78.5,96.0,104.9,0.1069,0.229,0.8664
db_biceps_curl,transition_energy_max_s9_e81,max,262,74.8092,83.0,99.8,110.0,0.0916,0.2328,0.813
db_rdl,acc_jerk_max_s21_e21,max,268,75.7313,82.0,110.0,116.0,0.1679,0.2649,0.7127
db_rdl,acc_jerk_max_s21_e51,max,268,80.8209,89.0,113.0,123.6,0.1343,0.2463,0.6269
db_rdl,acc_jerk_max_s21_e81,max,268,83.0858,89.0,114.2,130.0,0.1194,0.2351,0.6269
db_rdl,acc_jerk_max_s51_e21,max,268,75.2276,82.0,110.0,121.3,0.1828,0.2761,0.7239
db_rdl,acc_jerk_max_s51_e51,max,268,78.4664,85.0,113.0,128.6,0.1567,0.2687,0.6455
db_rdl,acc_jerk_max_s51_e81,max,268,84.0149,91.0,117.0,132.0,0.1306,0.2463,0.5933
db_rdl,acc_jerk_max_s9_e21,max,268,71.4888,72.0,109.0,117.3,0.1455,0.3321,0.7537
db_rdl,acc_jerk_max_s9_e51,max,268,73.9216,81.0,110.0,123.3,0.1642,0.3433,0.7052
db_rdl,acc_jerk_max_s9_e81,max,268,77.209,80.5,113.0,127.3,0.1306,0.2985,0.6679
db_rdl,acc_magnitude_min_s21,min,268,65.6381,63.0,107.0,125.3,0.194,0.403,0.7799
db_rdl,acc_magnitude_min_s51,min,268,65.8246,62.0,106.0,129.3,0.2127,0.4104,0.7761
db_rdl,acc_magnitude_min_s9,min,268,62.3396,59.5,98.6,121.0,0.2239,0.4403,0.8022
db_rdl,gyro_jerk_max_s21_e21,max,268,67.4216,62.0,109.0,121.0,0.209,0.3918,0.7388
db_rdl,gyro_jerk_max_s21_e51,max,268,69.8731,65.0,111.6,123.9,0.1455,0.3955,0.6716
db_rdl,gyro_jerk_max_s21_e81,max,268,74.0187,73.0,113.0,122.3,0.1679,0.3172,0.6679
db_rdl,gyro_jerk_max_s51_e21,max,268,64.6082,66.0,99.6,111.0,0.1903,0.3881,0.8134
db_rdl,gyro_jerk_max_s51_e51,max,268,65.2687,68.0,95.6,111.9,0.1828,0.3582,0.8396
db_rdl,gyro_jerk_max_s51_e81,max,268,69.5299,71.0,106.0,120.0,0.1642,0.3433,0.7612
db_rdl,gyro_jerk_max_s9_e21,max,268,67.4888,67.5,109.0,122.3,0.1903,0.4142,0.7425
db_rdl,gyro_jerk_max_s9_e51,max,268,71.0261,70.5,111.0,125.0,0.1567,0.3507,0.7239
db_rdl,gyro_jerk_max_s9_e81,max,268,73.3769,73.0,113.0,124.0,0.1604,0.3507,0.6493
db_rdl,gyro_magnitude_min_s21,min,268,57.9216,48.0,99.6,118.0,0.2649,0.5187,0.8022
db_rdl,gyro_magnitude_min_s51,min,268,59.694,50.5,104.6,117.0,0.2649,0.5,0.7761
db_rdl,gyro_magnitude_min_s9,min,268,57.25,51.0,96.2,112.0,0.2761,0.4888,0.8172
db_rdl,motion_energy_min_s21_e21,min,268,59.6045,59.5,97.2,114.5,0.25,0.459,0.8134
db_rdl,motion_energy_min_s21_e51,min,268,58.8993,54.0,95.0,118.0,0.25,0.4627,0.8172
db_rdl,motion_energy_min_s21_e81,min,268,60.5634,57.0,104.0,118.9,0.2649,0.4701,0.7873
db_rdl,motion_energy_min_s51_e21,min,268,59.3246,53.0,93.6,116.3,0.25,0.4515,0.8284
db_rdl,motion_energy_min_s51_e51,min,268,60.5746,57.0,101.6,119.6,0.2724,0.459,0.7948
db_rdl,motion_energy_min_s51_e81,min,268,62.0485,56.5,104.8,121.0,0.2463,0.4478,0.7873
db_rdl,motion_energy_min_s9_e21,min,268,57.8955,53.5,96.0,116.3,0.2649,0.4813,0.8246
db_rdl,motion_energy_min_s9_e51,min,268,59.2425,58.0,98.0,116.3,0.2537,0.4701,0.8134
db_rdl,motion_energy_min_s9_e81,min,268,61.1754,59.0,99.2,119.9,0.2276,0.4552,0.8022
db_rdl,pca_extreme_max_s21,max,268,66.3843,64.0,106.6,121.0,0.1791,0.4067,0.7612
db_rdl,pca_extreme_max_s51,max,268,68.4552,69.5,109.0,120.3,0.2052,0.3694,0.7313
db_rdl,pca_extreme_max_s9,max,268,65.5037,62.0,106.6,119.3,0.1679,0.4142,0.7649
db_rdl,pca_velocity_min_s21_e21,min,268,59.2687,56.0,99.0,113.6,0.2425,0.4664,0.806
db_rdl,pca_velocity_min_s21_e51,min,268,58.6679,49.0,101.6,117.0,0.25,0.5037,0.7948
db_rdl,pca_velocity_min_s21_e81,min,268,61.8806,53.0,107.0,121.0,0.2575,0.4813,0.7425
db_rdl,pca_velocity_min_s51_e21,min,268,60.291,55.0,94.0,116.3,0.2201,0.4664,0.8433
db_rdl,pca_velocity_min_s51_e51,min,268,60.8545,54.0,101.0,119.3,0.2276,0.4776,0.7948
db_rdl,pca_velocity_min_s51_e81,min,268,66.1045,62.0,110.2,128.3,0.2127,0.4291,0.7239
db_rdl,pca_velocity_min_s9_e21,min,268,59.3881,52.0,106.0,119.0,0.2724,0.4776,0.7761
db_rdl,pca_velocity_min_s9_e51,min,268,59.2463,50.5,105.2,123.3,0.2873,0.5,0.7836
db_rdl,pca_velocity_min_s9_e81,min,268,66.2388,61.0,113.2,130.3,0.2463,0.4291,0.7276
db_rdl,transition_energy_max_s21_e21,max,268,72.7724,79.0,109.6,120.0,0.1567,0.3246,0.7201
db_rdl,transition_energy_max_s21_e51,max,268,73.9142,77.5,112.6,121.3,0.1455,0.3396,0.6381
db_rdl,transition_energy_max_s21_e81,max,268,78.5224,83.0,113.0,123.3,0.1455,0.2724,0.6381
db_rdl,transition_energy_max_s51_e21,max,268,73.3582,81.0,105.0,113.3,0.153,0.2612,0.75
db_rdl,transition_energy_max_s51_e51,max,268,77.1791,80.0,108.0,120.3,0.097,0.2351,0.7276
db_rdl,transition_energy_max_s51_e81,max,268,78.6754,82.0,112.6,124.0,0.1194,0.2575,0.6493
db_rdl,transition_energy_max_s9_e21,max,268,72.4104,75.0,109.0,120.3,0.1455,0.3396,0.7351
db_rdl,transition_energy_max_s9_e51,max,268,74.4254,78.0,112.0,122.9,0.1381,0.347,0.6828
db_rdl,transition_energy_max_s9_e81,max,268,75.6269,79.5,112.0,121.0,0.1343,0.3172,0.6604
db_shoulder_press,acc_jerk_max_s21_e21,max,251,53.8446,46.0,89.0,106.0,0.2749,0.5299,0.8526
db_shoulder_press,acc_jerk_max_s21_e51,max,251,53.7211,48.0,89.0,113.0,0.3068,0.5259,0.8526
db_shoulder_press,acc_jerk_max_s21_e81,max,251,55.0398,50.0,89.0,108.0,0.2789,0.506,0.8645
db_shoulder_press,acc_jerk_max_s51_e21,max,251,50.9761,46.0,84.0,101.0,0.3187,0.5458,0.8964
db_shoulder_press,acc_jerk_max_s51_e51,max,251,58.3267,56.0,92.0,105.0,0.239,0.4422,0.8685
db_shoulder_press,acc_jerk_max_s51_e81,max,251,56.0637,52.0,91.0,113.0,0.2749,0.494,0.8606
db_shoulder_press,acc_jerk_max_s9_e21,max,251,47.259,40.0,78.0,103.0,0.3347,0.6175,0.8924
db_shoulder_press,acc_jerk_max_s9_e51,max,251,48.6215,38.0,80.0,100.0,0.3307,0.6016,0.9004
db_shoulder_press,acc_jerk_max_s9_e81,max,251,48.2629,38.0,80.0,100.0,0.3426,0.6056,0.9004
db_shoulder_press,acc_magnitude_min_s21,min,251,71.9442,73.0,101.0,118.0,0.1235,0.2988,0.7968
db_shoulder_press,acc_magnitude_min_s51,min,251,77.0876,79.0,111.0,127.0,0.0757,0.2709,0.753
db_shoulder_press,acc_magnitude_min_s9,min,251,71.1833,72.0,98.0,117.0,0.1275,0.2908,0.8247
db_shoulder_press,gyro_jerk_max_s21_e21,max,251,51.4861,46.0,88.0,99.0,0.3068,0.5418,0.9044
db_shoulder_press,gyro_jerk_max_s21_e51,max,251,50.3785,45.0,83.0,97.0,0.3187,0.5418,0.9243
db_shoulder_press,gyro_jerk_max_s21_e81,max,251,50.0239,48.0,83.0,98.0,0.3108,0.5259,0.9203
db_shoulder_press,gyro_jerk_max_s51_e21,max,251,49.8127,44.0,82.0,102.0,0.3267,0.5578,0.8924
db_shoulder_press,gyro_jerk_max_s51_e51,max,251,50.3745,45.0,83.0,95.0,0.2908,0.5498,0.9203
db_shoulder_press,gyro_jerk_max_s51_e81,max,251,51.012,50.0,81.0,94.0,0.2869,0.506,0.9402
db_shoulder_press,gyro_jerk_max_s9_e21,max,251,48.259,40.0,82.0,96.0,0.3347,0.5976,0.9203
db_shoulder_press,gyro_jerk_max_s9_e51,max,251,48.243,40.0,80.0,93.0,0.3267,0.5498,0.9323
db_shoulder_press,gyro_jerk_max_s9_e81,max,251,48.247,40.0,79.0,99.0,0.3108,0.5777,0.9163
db_shoulder_press,gyro_magnitude_min_s21,min,251,64.5578,64.0,99.0,115.0,0.2311,0.3944,0.8088
db_shoulder_press,gyro_magnitude_min_s51,min,251,65.8406,72.0,98.0,115.0,0.1992,0.3785,0.8088
db_shoulder_press,gyro_magnitude_min_s9,min,251,61.0319,59.0,97.0,110.0,0.255,0.4143,0.8207
db_shoulder_press,motion_energy_min_s21_e21,min,251,76.251,81.0,110.0,128.0,0.1594,0.2709,0.7211
db_shoulder_press,motion_energy_min_s21_e51,min,251,78.2151,81.0,110.0,127.0,0.1235,0.2311,0.7291
db_shoulder_press,motion_energy_min_s21_e81,min,251,78.251,81.0,110.0,121.0,0.1235,0.2271,0.7171
db_shoulder_press,motion_energy_min_s51_e21,min,251,77.6175,81.0,108.0,121.0,0.0956,0.255,0.741
db_shoulder_press,motion_energy_min_s51_e51,min,251,82.4064,88.0,111.0,132.0,0.0916,0.2231,0.6932
db_shoulder_press,motion_energy_min_s51_e81,min,251,84.4582,89.0,112.0,141.0,0.0916,0.1833,0.7092
db_shoulder_press,motion_energy_min_s9_e21,min,251,75.5618,79.0,111.0,122.0,0.1514,0.255,0.745
db_shoulder_press,motion_energy_min_s9_e51,min,251,76.4781,80.0,111.0,128.0,0.1434,0.247,0.7171
db_shoulder_press,motion_energy_min_s9_e81,min,251,77.251,80.0,108.0,122.0,0.1116,0.2231,0.741
db_shoulder_press,pca_extreme_max_s21,max,251,49.2271,50.0,78.0,86.0,0.2829,0.502,0.9602
db_shoulder_press,pca_extreme_max_s51,max,251,50.239,53.0,79.0,90.0,0.2869,0.4821,0.9761
db_shoulder_press,pca_extreme_max_s9,max,251,47.4661,47.0,77.0,87.0,0.3227,0.5378,0.9761
db_shoulder_press,pca_velocity_min_s21_e21,min,251,66.0279,67.0,102.0,115.0,0.1992,0.3944,0.7809
db_shoulder_press,pca_velocity_min_s21_e51,min,251,74.3267,77.0,107.0,121.0,0.1275,0.2869,0.7171
db_shoulder_press,pca_velocity_min_s21_e81,min,251,80.8287,81.0,111.0,131.0,0.0996,0.2032,0.7052
db_shoulder_press,pca_velocity_min_s51_e21,min,251,74.1873,77.0,106.0,123.0,0.1155,0.2829,0.749
db_shoulder_press,pca_velocity_min_s51_e51,min,251,77.6693,79.0,108.0,126.0,0.0876,0.251,0.7371
db_shoulder_press,pca_velocity_min_s51_e81,min,251,82.9841,81.0,111.0,131.0,0.0598,0.1873,0.7092
db_shoulder_press,pca_velocity_min_s9_e21,min,251,69.4622,73.0,109.0,118.0,0.1912,0.3267,0.7371
db_shoulder_press,pca_velocity_min_s9_e51,min,251,73.9124,79.0,111.0,127.0,0.1833,0.2908,0.7131
db_shoulder_press,pca_velocity_min_s9_e81,min,251,81.0518,85.0,115.0,139.0,0.1355,0.251,0.6534
db_shoulder_press,transition_energy_max_s21_e21,max,251,46.5339,38.0,77.0,95.0,0.3307,0.5896,0.9203
db_shoulder_press,transition_energy_max_s21_e51,max,251,46.4622,42.0,79.0,93.0,0.3347,0.5936,0.9442
db_shoulder_press,transition_energy_max_s21_e81,max,251,47.7769,46.0,76.0,92.0,0.2908,0.5618,0.9402
db_shoulder_press,transition_energy_max_s51_e21,max,251,51.0518,45.0,83.0,105.0,0.2988,0.5498,0.8845
db_shoulder_press,transition_energy_max_s51_e51,max,251,49.4263,44.0,82.0,101.0,0.3187,0.5657,0.8964
db_shoulder_press,transition_energy_max_s51_e81,max,251,48.247,43.0,82.0,95.0,0.3506,0.5418,0.9442
db_shoulder_press,transition_energy_max_s9_e21,max,251,43.0159,35.0,73.0,87.0,0.3466,0.6494,0.9522
db_shoulder_press,transition_energy_max_s9_e51,max,251,42.7331,34.0,73.0,88.0,0.3785,0.6215,0.9562
db_shoulder_press,transition_energy_max_s9_e81,max,251,43.7649,39.0,71.0,87.0,0.3347,0.6295,0.9482
db_squat,acc_jerk_max_s21_e21,max,288,65.2153,69.0,90.0,105.0,0.1215,0.309,0.875
db_squat,acc_jerk_max_s21_e51,max,288,71.9688,80.0,100.0,109.0,0.1007,0.2604,0.8125
db_squat,acc_jerk_max_s21_e81,max,288,74.9271,82.0,100.0,111.0,0.0764,0.2222,0.8021
db_squat,acc_jerk_max_s51_e21,max,288,64.5833,70.0,92.6,104.0,0.1493,0.3299,0.875
db_squat,acc_jerk_max_s51_e51,max,288,69.1285,74.5,94.0,104.0,0.1007,0.2569,0.8785
db_squat,acc_jerk_max_s51_e81,max,288,74.3681,80.5,100.0,108.0,0.0903,0.2014,0.8021
db_squat,acc_jerk_max_s9_e21,max,288,65.0174,72.0,92.0,106.3,0.1632,0.3368,0.8576
db_squat,acc_jerk_max_s9_e51,max,288,70.1354,77.0,99.0,110.0,0.1076,0.2778,0.809
db_squat,acc_jerk_max_s9_e81,max,288,72.5972,81.0,99.0,109.3,0.1076,0.2465,0.8194
db_squat,acc_magnitude_min_s21,min,288,55.9792,57.0,84.0,98.0,0.2014,0.434,0.9271
db_squat,acc_magnitude_min_s51,min,288,56.3403,56.5,87.0,98.3,0.2083,0.4444,0.9097
db_squat,acc_magnitude_min_s9,min,288,53.5278,53.5,80.0,94.0,0.2222,0.4722,0.9479
db_squat,gyro_jerk_max_s21_e21,max,288,53.3681,53.0,82.0,99.3,0.2257,0.4826,0.9028
db_squat,gyro_jerk_max_s21_e51,max,288,60.7153,65.0,89.0,104.3,0.1667,0.3889,0.875
db_squat,gyro_jerk_max_s21_e81,max,288,63.0694,69.0,91.6,104.3,0.1424,0.3576,0.8681
db_squat,gyro_jerk_max_s51_e21,max,288,46.9792,43.0,75.6,88.0,0.2812,0.566,0.9514
db_squat,gyro_jerk_max_s51_e51,max,288,49.9479,49.0,78.0,94.3,0.2639,0.5347,0.9097
db_squat,gyro_jerk_max_s51_e81,max,288,55.8472,55.0,85.8,105.0,0.2083,0.4722,0.8819
db_squat,gyro_jerk_max_s9_e21,max,288,58.7083,63.5,86.0,98.0,0.191,0.3993,0.9236
db_squat,gyro_jerk_max_s9_e51,max,288,62.8576,68.0,91.0,104.3,0.1771,0.3403,0.8785
db_squat,gyro_jerk_max_s9_e81,max,288,69.0278,78.5,97.6,107.3,0.1354,0.2708,0.8264
db_squat,gyro_magnitude_min_s21,min,288,41.7465,31.5,73.0,92.6,0.4653,0.6354,0.934
db_squat,gyro_magnitude_min_s51,min,288,43.4236,29.0,78.0,107.0,0.4375,0.6319,0.8819
db_squat,gyro_magnitude_min_s9,min,288,39.3021,31.0,69.6,88.3,0.4583,0.6597,0.9514
db_squat,motion_energy_min_s21_e21,min,288,46.7951,46.5,76.6,93.3,0.3472,0.5417,0.9201
db_squat,motion_energy_min_s21_e51,min,288,47.7153,44.0,81.0,95.6,0.3438,0.5694,0.9236
db_squat,motion_energy_min_s21_e81,min,288,51.691,50.0,86.6,98.0,0.2986,0.5069,0.9167
db_squat,motion_energy_min_s51_e21,min,288,50.6944,46.0,87.0,99.0,0.2882,0.5417,0.9028
db_squat,motion_energy_min_s51_e51,min,288,52.1944,47.0,88.0,104.0,0.2812,0.5521,0.8854
db_squat,motion_energy_min_s51_e81,min,288,53.8715,52.0,88.0,110.0,0.2743,0.4861,0.8681
db_squat,motion_energy_min_s9_e21,min,288,47.8542,46.0,78.6,95.0,0.3333,0.5278,0.9271
db_squat,motion_energy_min_s9_e51,min,288,47.8576,43.5,81.0,95.0,0.3229,0.5625,0.9236
db_squat,motion_energy_min_s9_e81,min,288,49.2292,47.0,82.2,95.0,0.309,0.5417,0.9271
db_squat,pca_extreme_max_s21,max,288,49.1458,44.0,75.0,92.0,0.2118,0.5625,0.934
db_squat,pca_extreme_max_s51,max,288,50.1632,47.0,75.0,89.0,0.1875,0.5764,0.9479
db_squat,pca_extreme_max_s9,max,288,49.5243,45.5,75.6,89.3,0.2083,0.5451,0.9514
db_squat,pca_velocity_min_s21_e21,min,288,47.7153,45.0,77.0,97.0,0.3056,0.5521,0.9201
db_squat,pca_velocity_min_s21_e51,min,288,50.0451,47.0,81.0,92.9,0.2743,0.5382,0.9375
db_squat,pca_velocity_min_s21_e81,min,288,53.2812,49.5,86.6,100.0,0.25,0.5069,0.9028
db_squat,pca_velocity_min_s51_e21,min,288,53.625,52.0,84.0,101.3,0.2118,0.4896,0.8958
db_squat,pca_velocity_min_s51_e51,min,288,57.0451,54.5,87.0,104.3,0.1979,0.4549,0.8889
db_squat,pca_velocity_min_s51_e81,min,288,63.3646,63.0,92.0,110.0,0.1424,0.3611,0.8472
db_squat,pca_velocity_min_s9_e21,min,288,45.9375,40.0,76.0,93.0,0.3229,0.5799,0.934
db_squat,pca_velocity_min_s9_e51,min,288,48.8021,47.0,78.0,94.3,0.2882,0.5486,0.941
db_squat,pca_velocity_min_s9_e81,min,288,50.6493,45.0,82.0,97.3,0.2743,0.559,0.9167
db_squat,transition_energy_max_s21_e21,max,288,56.1771,59.5,83.6,102.0,0.2292,0.4375,0.8958
db_squat,transition_energy_max_s21_e51,max,288,63.0694,71.0,92.0,106.3,0.1875,0.3715,0.8368
db_squat,transition_energy_max_s21_e81,max,288,67.3611,78.0,95.0,107.0,0.1424,0.3194,0.8368
db_squat,transition_energy_max_s51_e21,max,288,55.0521,61.0,84.0,96.6,0.2569,0.4236,0.9201
db_squat,transition_energy_max_s51_e51,max,288,59.2153,67.5,84.0,95.3,0.2153,0.3507,0.9167
db_squat,transition_energy_max_s51_e81,max,288,60.5382,65.0,85.0,105.0,0.1736,0.4097,0.8715
db_squat,transition_energy_max_s9_e21,max,288,59.3368,64.5,87.6,100.0,0.2188,0.375,0.9062
db_squat,transition_energy_max_s9_e51,max,288,65.2049,72.5,95.0,105.3,0.1458,0.3472,0.8507
db_squat,transition_energy_max_s9_e81,max,288,70.9931,80.0,99.6,109.0,0.1146,0.2743,0.8056
db_triceps_curl,acc_jerk_max_s21_e21,max,279,52.8996,50.0,82.0,92.2,0.2007,0.5161,0.9355
db_triceps_curl,acc_jerk_max_s21_e51,max,279,51.8746,48.0,82.0,100.0,0.2401,0.5269,0.9032
db_triceps_curl,acc_jerk_max_s21_e81,max,279,51.9247,51.0,84.4,94.2,0.2724,0.491,0.9283
db_triceps_curl,acc_jerk_max_s51_e21,max,279,59.0573,56.0,89.0,99.2,0.1505,0.448,0.9104
db_triceps_curl,acc_jerk_max_s51_e51,max,279,60.0394,56.0,90.0,102.2,0.1362,0.4409,0.8961
db_triceps_curl,acc_jerk_max_s51_e81,max,279,62.0753,66.0,90.0,102.0,0.1828,0.3548,0.8817
db_triceps_curl,acc_jerk_max_s9_e21,max,279,45.1147,37.0,78.4,93.4,0.3548,0.638,0.9211
db_triceps_curl,acc_jerk_max_s9_e51,max,279,47.1254,37.0,81.0,102.4,0.3441,0.6237,0.8817
db_triceps_curl,acc_jerk_max_s9_e81,max,279,48.2258,40.0,84.0,99.0,0.3333,0.5986,0.9032
db_triceps_curl,acc_magnitude_min_s21,min,279,63.767,64.0,100.0,110.2,0.2043,0.3799,0.8065
db_triceps_curl,acc_magnitude_min_s51,min,279,68.9892,75.0,101.0,113.4,0.1756,0.3154,0.7921
db_triceps_curl,acc_magnitude_min_s9,min,279,62.0179,62.0,94.4,110.4,0.2115,0.3907,0.8208
db_triceps_curl,gyro_jerk_max_s21_e21,max,279,53.2043,47.0,84.4,104.2,0.2473,0.5269,0.8817
db_triceps_curl,gyro_jerk_max_s21_e51,max,279,58.319,55.0,93.0,110.2,0.2366,0.4552,0.853
db_triceps_curl,gyro_jerk_max_s21_e81,max,279,60.8351,61.0,93.0,108.0,0.2115,0.4086,0.8315
db_triceps_curl,gyro_jerk_max_s51_e21,max,279,53.8674,45.0,86.4,108.6,0.2473,0.5556,0.8817
db_triceps_curl,gyro_jerk_max_s51_e51,max,279,52.9391,43.0,86.4,114.0,0.2509,0.5842,0.8746
db_triceps_curl,gyro_jerk_max_s51_e81,max,279,56.4588,54.0,91.4,108.0,0.2186,0.4659,0.8638
db_triceps_curl,gyro_jerk_max_s9_e21,max,279,50.5376,47.0,77.4,102.0,0.2652,0.5412,0.8925
db_triceps_curl,gyro_jerk_max_s9_e51,max,279,51.4229,42.0,87.0,101.2,0.2975,0.5591,0.8961
db_triceps_curl,gyro_jerk_max_s9_e81,max,279,57.4552,53.0,93.0,105.2,0.2473,0.4731,0.8566
db_triceps_curl,gyro_magnitude_min_s21,min,279,42.0036,31.0,73.0,90.6,0.4337,0.6416,0.9283
db_triceps_curl,gyro_magnitude_min_s51,min,279,42.8029,36.0,75.4,90.0,0.4086,0.6595,0.9319
db_triceps_curl,gyro_magnitude_min_s9,min,279,40.7276,30.0,70.0,87.6,0.4194,0.6452,0.9283
db_triceps_curl,motion_energy_min_s21_e21,min,279,66.4659,69.0,96.4,114.8,0.1756,0.3513,0.8208
db_triceps_curl,motion_energy_min_s21_e51,min,279,65.7885,70.0,97.8,113.2,0.1864,0.3477,0.8244
db_triceps_curl,motion_energy_min_s21_e81,min,279,67.8459,71.0,100.0,119.2,0.1685,0.3369,0.8029
db_triceps_curl,motion_energy_min_s51_e21,min,279,66.871,72.0,99.4,113.6,0.1792,0.3405,0.8065
db_triceps_curl,motion_energy_min_s51_e51,min,279,67.595,73.0,100.4,120.2,0.1828,0.3477,0.7993
db_triceps_curl,motion_energy_min_s51_e81,min,279,68.2366,72.0,99.0,122.0,0.1971,0.3226,0.8065
db_triceps_curl,motion_energy_min_s9_e21,min,279,65.5556,66.0,92.8,114.2,0.1541,0.3118,0.8387
db_triceps_curl,motion_energy_min_s9_e51,min,279,67.6882,68.0,100.0,116.2,0.1577,0.3082,0.8172
db_triceps_curl,motion_energy_min_s9_e81,min,279,69.3154,70.0,100.4,118.0,0.1505,0.2903,0.7993
db_triceps_curl,pca_extreme_max_s21,max,279,52.405,48.0,85.4,98.2,0.2581,0.5125,0.9176
db_triceps_curl,pca_extreme_max_s51,max,279,54.0394,54.0,84.4,100.4,0.2581,0.4624,0.8996
db_triceps_curl,pca_extreme_max_s9,max,279,51.6774,48.0,86.0,95.4,0.276,0.5233,0.9176
db_triceps_curl,pca_velocity_min_s21_e21,min,279,54.9462,56.0,87.0,97.2,0.2509,0.4695,0.9176
db_triceps_curl,pca_velocity_min_s21_e51,min,279,57.0681,56.0,90.0,99.2,0.2437,0.4552,0.9104
db_triceps_curl,pca_velocity_min_s21_e81,min,279,62.9677,64.0,93.0,110.2,0.2043,0.4122,0.828
db_triceps_curl,pca_velocity_min_s51_e21,min,279,56.2581,56.0,90.0,101.0,0.2473,0.4552,0.8889
db_triceps_curl,pca_velocity_min_s51_e51,min,279,58.6272,61.0,91.0,106.2,0.2401,0.4229,0.8566
db_triceps_curl,pca_velocity_min_s51_e81,min,279,63.2043,67.0,93.0,113.4,0.2222,0.3584,0.8351
db_triceps_curl,pca_velocity_min_s9_e21,min,279,56.3154,54.0,87.0,99.0,0.2186,0.448,0.914
db_triceps_curl,pca_velocity_min_s9_e51,min,279,56.9355,58.0,87.4,100.2,0.2401,0.4301,0.8996
db_triceps_curl,pca_velocity_min_s9_e81,min,279,63.3584,63.0,92.0,108.2,0.1613,0.3907,0.8495
db_triceps_curl,transition_energy_max_s21_e21,max,279,52.6703,47.0,84.2,105.2,0.2832,0.5412,0.8781
db_triceps_curl,transition_energy_max_s21_e51,max,279,53.4194,49.0,89.4,109.0,0.2903,0.5161,0.8674
db_triceps_curl,transition_energy_max_s21_e81,max,279,54.9032,54.0,89.0,102.2,0.2437,0.4839,0.8889
db_triceps_curl,transition_energy_max_s51_e21,max,279,57.2545,51.0,88.0,110.0,0.19,0.4982,0.853
db_triceps_curl,transition_energy_max_s51_e51,max,279,58.4373,52.0,91.4,110.0,0.1756,0.4731,0.8638
db_triceps_curl,transition_energy_max_s51_e81,max,279,56.6022,56.0,86.4,102.0,0.2294,0.448,0.8925
db_triceps_curl,transition_energy_max_s9_e21,max,279,45.9677,38.0,74.0,95.0,0.3513,0.6237,0.9032
db_triceps_curl,transition_energy_max_s9_e51,max,279,47.6882,36.0,83.8,101.2,0.362,0.595,0.8925
db_triceps_curl,transition_energy_max_s9_e81,max,279,51.2258,43.0,88.0,102.0,0.3118,0.5627,0.8889
db_weighted_crunch,acc_jerk_max_s21_e21,max,273,66.1429,69.0,103.6,119.0,0.1978,0.3516,0.7875
db_weighted_crunch,acc_jerk_max_s21_e51,max,273,69.8864,70.0,110.0,124.0,0.1575,0.3516,0.7289
db_weighted_crunch,acc_jerk_max_s21_e81,max,273,73.6374,77.0,112.2,126.0,0.1612,0.2967,0.7179
db_weighted_crunch,acc_jerk_max_s51_e21,max,273,70.304,74.0,104.0,122.0,0.1722,0.3114,0.7619
db_weighted_crunch,acc_jerk_max_s51_e51,max,273,73.9524,74.0,112.2,126.0,0.1538,0.2637,0.7289
db_weighted_crunch,acc_jerk_max_s51_e81,max,273,77.2564,78.0,119.2,128.0,0.1136,0.2857,0.6923
db_weighted_crunch,acc_jerk_max_s9_e21,max,273,63.1209,62.0,100.0,116.8,0.1905,0.3919,0.8022
db_weighted_crunch,acc_jerk_max_s9_e51,max,273,69.0586,68.0,109.0,124.0,0.1722,0.315,0.7656
db_weighted_crunch,acc_jerk_max_s9_e81,max,273,73.6007,75.0,111.0,126.0,0.1648,0.2967,0.7033
db_weighted_crunch,acc_magnitude_min_s21,min,273,58.0733,58.0,94.0,108.0,0.2711,0.4615,0.8462
db_weighted_crunch,acc_magnitude_min_s51,min,273,60.8755,58.0,98.0,110.0,0.2271,0.4396,0.8168
db_weighted_crunch,acc_magnitude_min_s9,min,273,57.4432,62.0,92.0,104.8,0.2674,0.4359,0.8681
db_weighted_crunch,gyro_jerk_max_s21_e21,max,273,62.6886,58.0,97.0,112.0,0.1575,0.4066,0.8242
db_weighted_crunch,gyro_jerk_max_s21_e51,max,273,65.011,64.0,96.6,117.8,0.1465,0.3883,0.8205
db_weighted_crunch,gyro_jerk_max_s21_e81,max,273,67.2747,67.0,103.0,121.8,0.1722,0.3443,0.7729
db_weighted_crunch,gyro_jerk_max_s51_e21,max,273,57.8242,55.0,91.2,109.8,0.2234,0.4542,0.8498
db_weighted_crunch,gyro_jerk_max_s51_e51,max,273,59.9597,56.0,96.6,111.8,0.2125,0.4542,0.8278
db_weighted_crunch,gyro_jerk_max_s51_e81,max,273,66.1832,60.0,105.0,125.8,0.1612,0.4212,0.7619
db_weighted_crunch,gyro_jerk_max_s9_e21,max,273,65.3919,67.0,96.6,113.8,0.1612,0.3443,0.8278
db_weighted_crunch,gyro_jerk_max_s9_e51,max,273,69.2711,72.0,103.0,120.6,0.1538,0.326,0.7802
db_weighted_crunch,gyro_jerk_max_s9_e81,max,273,70.4579,71.0,106.8,120.8,0.1685,0.3297,0.7436
db_weighted_crunch,gyro_magnitude_min_s21,min,273,48.2234,36.0,91.0,104.0,0.4029,0.5897,0.8608
db_weighted_crunch,gyro_magnitude_min_s51,min,273,48.5788,32.0,93.2,109.8,0.4286,0.6081,0.8425
db_weighted_crunch,gyro_magnitude_min_s9,min,273,49.4139,38.0,94.0,108.0,0.3846,0.5788,0.8462
db_weighted_crunch,motion_energy_min_s21_e21,min,273,54.293,47.0,94.0,110.0,0.3516,0.5128,0.8352
db_weighted_crunch,motion_energy_min_s21_e51,min,273,54.3883,50.0,92.6,110.0,0.3663,0.5018,0.8388
db_weighted_crunch,motion_energy_min_s21_e81,min,273,55.2418,48.0,98.0,111.0,0.337,0.5128,0.8095
db_weighted_crunch,motion_energy_min_s51_e21,min,273,57.37,52.0,98.0,110.0,0.315,0.4945,0.8095
db_weighted_crunch,motion_energy_min_s51_e51,min,273,57.4212,51.0,100.0,113.0,0.315,0.4982,0.8059
db_weighted_crunch,motion_energy_min_s51_e81,min,273,59.1941,54.0,104.0,113.0,0.2784,0.4835,0.7766
db_weighted_crunch,motion_energy_min_s9_e21,min,273,51.5751,43.0,92.6,107.0,0.3773,0.5495,0.8608
db_weighted_crunch,motion_energy_min_s9_e51,min,273,51.2161,40.0,92.6,108.0,0.3883,0.5458,0.8571
db_weighted_crunch,motion_energy_min_s9_e81,min,273,54.0696,46.0,98.0,110.0,0.359,0.5311,0.8205
db_weighted_crunch,pca_extreme_max_s21,max,273,68.1538,70.0,104.2,115.8,0.1648,0.3333,0.7729
db_weighted_crunch,pca_extreme_max_s51,max,273,72.1136,76.0,109.2,125.8,0.1648,0.3187,0.7326
db_weighted_crunch,pca_extreme_max_s9,max,273,66.5458,67.0,97.6,113.8,0.1612,0.348,0.8168
db_weighted_crunch,pca_velocity_min_s21_e21,min,273,52.7033,48.0,90.0,103.6,0.337,0.5055,0.8828
db_weighted_crunch,pca_velocity_min_s21_e51,min,273,53.6117,44.0,93.6,109.0,0.359,0.5311,0.8425
db_weighted_crunch,pca_velocity_min_s21_e81,min,273,53.989,49.0,98.6,109.0,0.359,0.5055,0.8168
db_weighted_crunch,pca_velocity_min_s51_e21,min,273,56.1282,53.0,90.0,109.4,0.2894,0.4689,0.8608
db_weighted_crunch,pca_velocity_min_s51_e51,min,273,56.9158,51.0,98.0,108.0,0.3004,0.4908,0.8205
db_weighted_crunch,pca_velocity_min_s51_e81,min,273,59.4066,54.0,100.0,111.8,0.2491,0.4872,0.8022
db_weighted_crunch,pca_velocity_min_s9_e21,min,273,48.0183,40.0,87.0,102.0,0.348,0.5934,0.8901
db_weighted_crunch,pca_velocity_min_s9_e51,min,273,52.9524,41.0,97.0,110.8,0.3626,0.5421,0.8352
db_weighted_crunch,pca_velocity_min_s9_e81,min,273,53.2491,43.0,99.0,110.0,0.3553,0.5348,0.8168
db_weighted_crunch,transition_energy_max_s21_e21,max,273,64.7582,62.0,103.0,119.8,0.1868,0.3626,0.7802
db_weighted_crunch,transition_energy_max_s21_e51,max,273,67.5861,66.0,107.6,125.0,0.1648,0.3736,0.7656
db_weighted_crunch,transition_energy_max_s21_e81,max,273,70.2198,70.0,108.0,125.6,0.1722,0.3297,0.7473
db_weighted_crunch,transition_energy_max_s51_e21,max,273,68.8168,70.0,104.0,121.4,0.1832,0.3407,0.7473
db_weighted_crunch,transition_energy_max_s51_e51,max,273,69.0476,68.0,109.6,124.8,0.1685,0.3516,0.7399
db_weighted_crunch,transition_energy_max_s51_e81,max,273,70.5788,66.0,111.6,126.8,0.1429,0.3553,0.7509
db_weighted_crunch,transition_energy_max_s9_e21,max,273,64.9634,63.0,99.6,119.0,0.1758,0.37,0.8022
db_weighted_crunch,transition_energy_max_s9_e51,max,273,69.7106,69.0,104.6,124.0,0.1612,0.3297,0.7546
db_weighted_crunch,transition_energy_max_s9_e81,max,273,70.6813,74.0,108.6,124.8,0.1722,0.337,0.7509
one_arm_db_row,acc_jerk_max_s21_e21,max,284,70.8028,79.0,103.0,117.0,0.2042,0.2887,0.7958
one_arm_db_row,acc_jerk_max_s21_e51,max,284,75.4401,84.0,107.0,119.0,0.1725,0.25,0.7606
one_arm_db_row,acc_jerk_max_s21_e81,max,284,79.9155,86.0,109.0,119.7,0.162,0.2042,0.7254
one_arm_db_row,acc_jerk_max_s51_e21,max,284,72.9437,80.0,97.4,118.7,0.1092,0.2746,0.8099
one_arm_db_row,acc_jerk_max_s51_e51,max,284,75.6056,82.0,105.0,119.0,0.1232,0.257,0.7641
one_arm_db_row,acc_jerk_max_s51_e81,max,284,78.4155,86.0,109.0,121.0,0.1831,0.2148,0.7077
one_arm_db_row,acc_jerk_max_s9_e21,max,284,67.7993,75.0,94.4,113.7,0.2042,0.3239,0.8169
one_arm_db_row,acc_jerk_max_s9_e51,max,284,73.5528,82.0,106.0,115.7,0.1725,0.2641,0.7782
one_arm_db_row,acc_jerk_max_s9_e81,max,284,76.8556,82.0,106.4,118.0,0.1549,0.2183,0.7711
one_arm_db_row,acc_magnitude_min_s21,min,284,51.0599,47.5,87.0,97.7,0.3275,0.5317,0.9155
one_arm_db_row,acc_magnitude_min_s51,min,284,49.6162,41.5,90.4,98.7,0.3486,0.5423,0.9049
one_arm_db_row,acc_magnitude_min_s9,min,284,49.412,45.0,85.0,97.0,0.331,0.5317,0.9296
one_arm_db_row,gyro_jerk_max_s21_e21,max,284,63.257,65.5,89.4,106.0,0.169,0.3486,0.8697
one_arm_db_row,gyro_jerk_max_s21_e51,max,284,69.7711,75.0,98.4,113.0,0.1408,0.3028,0.8134
one_arm_db_row,gyro_jerk_max_s21_e81,max,284,73.7077,79.0,101.0,113.7,0.0986,0.2606,0.7923
one_arm_db_row,gyro_jerk_max_s51_e21,max,284,61.757,63.5,86.4,104.4,0.1585,0.3732,0.8908
one_arm_db_row,gyro_jerk_max_s51_e51,max,284,64.7042,64.0,90.0,110.0,0.1162,0.3486,0.838
one_arm_db_row,gyro_jerk_max_s51_e81,max,284,68.6303,70.0,97.4,110.7,0.1197,0.3063,0.8169
one_arm_db_row,gyro_jerk_max_s9_e21,max,284,66.7254,68.5,94.0,111.0,0.162,0.3204,0.8521
one_arm_db_row,gyro_jerk_max_s9_e51,max,284,69.4472,73.0,99.0,113.0,0.1479,0.3239,0.8099
one_arm_db_row,gyro_jerk_max_s9_e81,max,284,73.3204,80.0,102.8,114.7,0.1303,0.2817,0.7852
one_arm_db_row,gyro_magnitude_min_s21,min,284,39.8415,29.0,74.0,91.0,0.4718,0.6408,0.9577
one_arm_db_row,gyro_magnitude_min_s51,min,284,39.6408,23.0,78.4,95.7,0.507,0.6585,0.9542
one_arm_db_row,gyro_magnitude_min_s9,min,284,38.8099,29.0,74.0,89.0,0.4683,0.6444,0.9577
one_arm_db_row,motion_energy_min_s21_e21,min,284,39.9049,29.5,71.4,92.7,0.4577,0.6408,0.9577
one_arm_db_row,motion_energy_min_s21_e51,min,284,40.9225,29.0,75.4,95.7,0.4648,0.6373,0.9437
one_arm_db_row,motion_energy_min_s21_e81,min,284,42.2254,32.0,78.4,96.0,0.4472,0.6197,0.9472
one_arm_db_row,motion_energy_min_s51_e21,min,284,42.5176,35.0,75.8,97.0,0.4225,0.6162,0.9437
one_arm_db_row,motion_energy_min_s51_e51,min,284,43.1373,34.0,79.4,97.0,0.4507,0.6408,0.9366
one_arm_db_row,motion_energy_min_s51_e81,min,284,41.7746,32.0,80.0,95.0,0.4718,0.6268,0.9437
one_arm_db_row,motion_energy_min_s9_e21,min,284,40.7852,31.0,74.0,93.0,0.4366,0.6338,0.9577
one_arm_db_row,motion_energy_min_s9_e51,min,284,40.7077,31.5,72.4,94.7,0.4472,0.6232,0.9577
one_arm_db_row,motion_energy_min_s9_e81,min,284,41.0246,33.0,74.8,90.0,0.4577,0.6127,0.9577
one_arm_db_row,pca_extreme_max_s21,max,284,70.9718,75.5,101.4,119.0,0.1585,0.2817,0.7923
one_arm_db_row,pca_extreme_max_s51,max,284,72.3768,80.0,104.4,120.4,0.1549,0.2923,0.7887
one_arm_db_row,pca_extreme_max_s9,max,284,69.0176,75.0,101.8,119.0,0.169,0.3134,0.7958
one_arm_db_row,pca_velocity_min_s21_e21,min,284,43.2254,37.5,73.4,91.7,0.3662,0.6303,0.9648
one_arm_db_row,pca_velocity_min_s21_e51,min,284,45.3134,39.0,78.0,97.0,0.3768,0.5986,0.9296
one_arm_db_row,pca_velocity_min_s21_e81,min,284,47.3592,42.0,85.8,96.7,0.3873,0.5739,0.9366
one_arm_db_row,pca_velocity_min_s51_e21,min,284,46.3662,43.0,74.4,92.0,0.3275,0.5493,0.9472
one_arm_db_row,pca_velocity_min_s51_e51,min,284,47.8521,44.0,80.0,97.0,0.3345,0.5634,0.919
one_arm_db_row,pca_velocity_min_s51_e81,min,284,50.0986,45.0,90.4,97.0,0.338,0.5423,0.9331
one_arm_db_row,pca_velocity_min_s9_e21,min,284,42.7183,34.0,75.0,92.0,0.3732,0.6268,0.9577
one_arm_db_row,pca_velocity_min_s9_e51,min,284,42.0141,35.0,73.4,95.7,0.3944,0.6549,0.9507
one_arm_db_row,pca_velocity_min_s9_e81,min,284,43.7676,36.0,79.8,96.7,0.3979,0.6162,0.9437
one_arm_db_row,transition_energy_max_s21_e21,max,284,71.0669,80.0,101.4,112.7,0.1761,0.3063,0.7958
one_arm_db_row,transition_energy_max_s21_e51,max,284,73.7711,84.0,108.0,118.0,0.1937,0.2923,0.757
one_arm_db_row,transition_energy_max_s21_e81,max,284,76.3908,84.0,108.0,119.7,0.162,0.2465,0.743
one_arm_db_row,transition_energy_max_s51_e21,max,284,72.8134,79.0,102.4,118.7,0.1338,0.2782,0.7852
one_arm_db_row,transition_energy_max_s51_e51,max,284,78.4472,82.5,108.0,120.0,0.088,0.2289,0.7113
one_arm_db_row,transition_energy_max_s51_e81,max,284,79.1479,84.0,107.4,121.0,0.1092,0.2113,0.7324
one_arm_db_row,transition_energy_max_s9_e21,max,284,69.8592,77.0,95.8,119.7,0.1831,0.3169,0.8169
one_arm_db_row,transition_energy_max_s9_e51,max,284,75.1972,83.0,106.4,119.0,0.1585,0.257,0.7746
one_arm_db_row,transition_energy_max_s9_e81,max,284,77.7958,83.5,107.4,119.0,0.1444,0.2394,0.7606
