recv_time,timestamp,ax,ay,az,gx,gy,gz,mx,my,mz,roll,pitch,yaw
2026-03-11T20:28:31.358,72945,-1045.0,1062.0,15363.0,-115.0,-30.0,-172.0,1953.0,8950.0,-3311.0,3.954401658220943,3.882061640897944,-79.34532100312737
2026-03-11T20:28:31.384,72955,-930.0,900.0,14820.0,-136.0,-22.0,-213.0,1953.0,8950.0,-3311.0,2.6120182805911263,3.660504203817301,-81.36085985624487
2026-03-11T20:28:31.384,72965,-1398.0,1279.0,15550.0,-182.0,-59.0,-178.0,1960.0,8942.0,-3314.0,0.8702187065749509,3.1114958071025702,-82.92485956184962
2026-03-11T20:28:31.397,72975,-676.0,1219.0,17204.0,-147.0,-68.0,-202.0,1960.0,8942.0,-3314.0,-0.5067265854294274,2.427756984009196,-84.62114476870082
2026-03-11T20:28:31.406,72985,-665.0,1318.0,17717.0,-111.0,-45.0,-153.0,1968.0,8939.0,-3275.0,-1.4993020351314816,1.9810747552523167,-85.75201905551886
2026-03-11T20:28:31.406,72995,-691.0,879.0,15319.0,-179.0,-32.0,-211.0,1968.0,8939.0,-3275.0,-3.157835693011525,1.6794227892466875,-87.36483661660228
2026-03-11T20:28:31.417,73005,-1624.0,1205.0,14599.0,-125.0,-13.0,-121.0,1963.0,8916.0,-3323.0,-4.225309141680599,1.6449578678453345,-88.03668253891742
2026-03-11T20:28:31.427,73015,-781.0,1086.0,16070.0,-118.0,-29.0,-180.0,1963.0,8916.0,-3323.0,-5.219880306114634,1.3833798425003643,-89.22567050101449
2026-03-11T20:28:31.437,73025,-10.0,686.0,16005.0,-118.0,-29.0,-180.0,1959.0,8937.0,-3306.0,-6.222796961782347,1.072227562300774,-90.3469864990151
2026-03-11T20:28:31.447,73035,-475.0,1036.0,16501.0,-89.0,-10.0,-236.0,1959.0,8937.0,-3306.0,-6.898690082949142,0.9856956156218107,-91.9389651132196
2026-03-11T20:28:31.458,73045,6.0,843.0,16794.0,-100.0,-25.0,-208.0,1966.0,8952.0,-3257.0,-7.683243569515112,0.7205728163536679,-93.17511861633336
2026-03-11T20:28:31.467,73055,-734.0,1022.0,16007.0,-115.0,-26.0,-198.0,1966.0,8952.0,-3257.0,-8.583514521839207,0.5037639159436337,-94.24524164629379
2026-03-11T20:28:31.478,73065,8.0,882.0,17138.0,-187.0,-62.0,-141.0,1953.0,8957.0,-3339.0,-10.185522148678695,-0.11444556752282185,-94.70250004709617
2026-03-11T20:28:31.491,73075,-907.0,959.0,15166.0,-188.0,3.0,-189.0,1953.0,8957.0,-3339.0,-11.751847742426719,-0.014443016685880897,-95.58393328229803
2026-03-11T20:28:31.498,73085,-1518.0,1125.0,14547.0,-169.0,-29.0,-177.0,1966.0,8946.0,-3273.0,-13.084566835595961,-0.1795596338565901,-96.29027462449804
2026-03-11T20:28:31.508,73095,-974.0,1257.0,16416.0,-117.0,-52.0,-237.0,1966.0,8946.0,-3273.0,-13.881901753584017,-0.6178559338047356,-97.51691544138194
2026-03-11T20:28:31.517,73105,170.0,810.0,17063.0,-189.0,-80.0,-213.0,1958.0,8942.0,-3256.0,-15.402106610149565,-1.4009024427999983,-98.42996900798646
2026-03-11T20:28:31.528,73115,-58.0,828.0,16557.0,-189.0,-80.0,-213.0,1958.0,8942.0,-3256.0,-16.88900601776725,-2.152875220786919,-99.27013709203668
2026-03-11T20:28:31.537,73125,20.0,827.0,16779.0,-153.0,-41.0,-206.0,1956.0,8941.0,-3256.0,-17.994191907280854,-2.5129819522628307,-99.98512027480778
2026-03-11T20:28:31.547,73135,-566.0,1196.0,17072.0,-126.0,-48.0,-192.0,1956.0,8941.0,-3256.0,-18.788960487161805,-2.8952376645995956,-100.51626620148126
2026-03-11T20:28:31.559,73145,-310.0,1238.0,18083.0,-123.0,-34.0,-195.0,1959.0,8934.0,-3230.0,-19.540251725264167,-3.1509360691409625,-101.03638179899819
2026-03-11T20:28:31.567,73155,-343.0,983.0,16761.0,-149.0,-37.0,-223.0,1959.0,8934.0,-3230.0,-20.54251786843506,-3.4271106148733033,-101.78043511285445
2026-03-11T20:28:31.577,73165,24.0,750.0,16448.0,-154.0,-74.0,-98.0,1969.0,8926.0,-3273.0,-21.588651935454596,-4.085438721651712,-101.26833703766258
2026-03-11T20:28:31.586,73175,-465.0,948.0,16150.0,-124.0,-49.0,-185.0,1969.0,8926.0,-3273.0,-22.304891104212704,-4.451001855004912,-101.59276492155527
2026-03-11T20:28:31.607,73185,-58.0,1179.0,18326.0,-163.0,-40.0,-168.0,1951.0,8943.0,-3325.0,-23.38257246293042,-4.750362601228488,-101.72442761196724
2026-03-11T20:28:31.613,73195,-486.0,1080.0,16915.0,-163.0,-40.0,-147.0,1951.0,8943.0,-3325.0,-24.439255024910008,-5.014506929402497,-101.63050380385978
2026-03-11T20:28:31.617,73205,-1330.0,1303.0,15804.0,-160.0,-46.0,-147.0,1965.0,8938.0,-3295.0,-25.424205274736103,-5.269131735735493,-101.5190639740809
2026-03-11T20:28:31.627,73215,-1104.0,1042.0,15143.0,-170.0,-20.0,-176.0,1965.0,8938.0,-3295.0,-26.502994046620874,-5.276549745027853,-101.67212731657585
2026-03-11T20:28:31.636,73225,-1119.0,851.0,14190.0,-135.0,-17.0,-146.0,1966.0,8944.0,-3328.0,-27.227293744683728,-5.247601423704152,-101.51866550519608
2026-03-11T20:28:31.647,73235,-772.0,1098.0,16060.0,-156.0,-51.0,-206.0,1966.0,8944.0,-3328.0,-28.133324931677137,-5.5875358949137786,-101.921262069071
2026-03-11T20:28:31.657,73245,-597.0,1402.0,18214.0,-124.0,-83.0,-130.0,1963.0,8946.0,-3308.0,-28.697826593320706,-6.251749620201051,-101.56305929584698
2026-03-11T20:28:31.667,73255,-772.0,1176.0,16613.0,-170.0,-37.0,-229.0,1963.0,8946.0,-3308.0,-29.70888814534771,-6.436235263945193,-102.14158565275193
2026-03-11T20:28:31.677,73265,-804.0,778.0,14443.0,-157.0,-44.0,-153.0,1966.0,8941.0,-3264.0,-30.591643032623793,-6.675078585835925,-101.95167805079946
2026-03-11T20:28:31.687,73275,-848.0,1022.0,15421.0,-104.0,-1.0,-196.0,1966.0,8941.0,-3264.0,-30.92317749881935,-6.488564089128786,-102.17676326259077
2026-03-11T20:28:31.708,73285,-784.0,733.0,14311.0,-104.0,-1.0,-196.0,1955.0,8941.0,-3227.0,-31.26527215147273,-6.3059607008116165,-102.39629819186318
2026-03-11T20:28:31.714,73295,-685.0,964.0,15804.0,-132.0,-42.0,-191.0,1955.0,8941.0,-3227.0,-31.863755543261533,-6.541896580523091,-102.54117865116255
2026-03-11T20:28:31.717,73305,-932.0,838.0,14522.0,-137.0,-40.0,-142.0,1961.0,8938.0,-3243.0,-32.503027994463714,-6.729737883703922,-102.19176147583201
2026-03-11T20:28:31.727,73315,-1256.0,1306.0,15982.0,-132.0,-44.0,-207.0,1961.0,8938.0,-3243.0,-33.05313433108139,-6.936769506873956,-102.46181615663501
2026-03-11T20:28:31.737,73325,-1598.0,1182.0,14581.0,-164.0,-59.0,-189.0,1938.0,8942.0,-3258.0,-33.90658136749385,-7.251552839813738,-102.53055065117935
2026-03-11T20:28:31.748,73335,-904.0,1123.0,15893.0,-118.0,23.0,-237.0,1938.0,8942.0,-3258.0,-34.30401365508776,-6.816173406782321,-103.05084286143888
2026-03-11T20:28:31.757,73345,-297.0,652.0,15092.0,-169.0,-3.0,-150.0,1958.0,8935.0,-3337.0,-35.22465864906726,-6.686723038813672,-102.67742219923731
2026-03-11T20:28:31.767,73355,-550.0,982.0,16189.0,-184.0,3.0,-194.0,1958.0,8935.0,-3337.0,-36.25394105208501,-6.484743912662557,-102.71822184846923
2026-03-11T20:28:31.777,73365,96.0,1009.0,17798.0,-184.0,-33.0,-148.0,1948.0,8943.0,-3340.0,-37.26716771906281,-6.684619979440926,-102.2937597826566
2026-03-11T20:28:31.787,73375,-510.0,1021.0,16445.0,-139.0,-33.0,-148.0,1948.0,8943.0,-3340.0,-37.81297054883822,-6.838869527863706,-101.87208587133051
2026-03-11T20:28:31.808,73385,-115.0,1223.0,18401.0,-100.0,1.0,-136.0,1973.0,8951.0,-3272.0,-37.96066110754095,-6.685146412403467,-101.35877933534141
2026-03-11T20:28:31.815,73395,-641.0,1317.0,17507.0,-128.0,17.0,-154.0,1973.0,8951.0,-3272.0,-38.36980609607114,-6.3430238080745855,-101.03693400236837
2026-03-11T20:28:31.817,73405,-442.0,1280.0,18064.0,-154.0,-6.0,-104.0,1962.0,8954.0,-3247.0,-39.03054684157231,-6.247000111687394,-100.24861154606808
2026-03-11T20:28:31.827,73415,-762.0,1134.0,16396.0,-144.0,-24.0,-210.0,1962.0,8954.0,-3247.0,-39.582006715768344,-6.304168910649435,-100.48892982299247
2026-03-11T20:28:31.837,73425,-230.0,1042.0,17289.0,-147.0,0.0,-160.0,1952.0,8943.0,-3230.0,-40.16198622211526,-6.162869629672627,-100.23290466533376
2026-03-11T20:28:31.847,73435,-733.0,1129.0,16513.0,-174.0,-19.0,-193.0,1952.0,8943.0,-3230.0,-40.98572155535712,-6.1750974912937036,-100.27632497569907
2026-03-11T20:28:31.857,73445,-946.0,769.0,14240.0,-173.0,-26.0,-165.0,1962.0,8943.0,-3339.0,-41.79958451467455,-6.230491375978466,-99.9944848927405
2026-03-11T20:28:31.868,73455,-930.0,1099.0,15996.0,-173.0,-26.0,-165.0,1962.0,8943.0,-3339.0,-42.58038659205125,-6.2942896238738575,-99.69654795391729
2026-03-11T20:28:31.877,73465,-880.0,1459.0,17949.0,-166.0,-25.0,-215.0,1969.0,8930.0,-3311.0,-43.26263646250326,-6.357451311355888,-99.86160362897316
2026-03-11T20:28:31.890,73475,-576.0,1133.0,16793.0,-143.0,-63.0,-190.0,1969.0,8930.0,-3311.0,-43.721587417258625,-6.808501826035463,-99.75378991873774
2026-03-11T20:28:31.910,73485,-1050.0,1402.0,17003.0,-136.0,-83.0,-163.0,1963.0,8954.0,-3332.0,-44.0856812815341,-7.415295325524376,-99.3706976140307
2026-03-11T20:28:31.919,73495,-694.0,1111.0,16558.0,-149.0,-32.0,-215.0,1963.0,8954.0,-3332.0,-44.58739468707889,-7.532696002178347,-99.47748353307685
2026-03-11T20:28:31.927,73505,-387.0,1235.0,17668.0,-151.0,-12.0,-143.0,1966.0,8955.0,-3350.0,-45.09547692922373,-7.474607019239617,-98.86780910852679
2026-03-11T20:28:31.927,73515,-656.0,1112.0,16566.0,-180.0,-10.0,-205.0,1966.0,8955.0,-3350.0,-45.88076252327449,-7.377862986350704,-98.84380912081102
2026-03-11T20:28:31.937,73525,-1269.0,1530.0,17046.0,-154.0,-48.0,-143.0,1970.0,8941.0,-3280.0,-46.369768062498395,-7.615894107105835,-98.22023125342493
2026-03-11T20:28:31.947,73535,-662.0,1134.0,16574.0,-165.0,-62.0,-184.0,1970.0,8941.0,-3280.0,-46.981090681267645,-8.025536881034368,-97.98086637007688
2026-03-11T20:28:31.957,73545,-923.0,1499.0,17693.0,-165.0,-62.0,-184.0,1964.0,8922.0,-3247.0,-47.56161501806821,-8.413113527268054,-97.72735587814358
2026-03-11T20:28:31.970,73555,-729.0,1223.0,16952.0,-137.0,-79.0,-182.0,1964.0,8922.0,-3247.0,-47.87045376168921,-8.969930415144734,-97.44282502887654
2026-03-11T20:28:31.977,73565,-535.0,1294.0,17695.0,-111.0,-33.0,-177.0,1952.0,8932.0,-3361.0,-47.917195067686905,-9.079388324240213,-97.09063774410181
2026-03-11T20:28:31.987,73575,-358.0,994.0,16475.0,-65.0,2.0,-207.0,1952.0,8932.0,-3361.0,-47.52679738746421,-8.853349028478014,-97.06531242154206
2026-03-11T20:28:32.002,73585,-275.0,738.0,15665.0,-99.0,25.0,-142.0,1974.0,8936.0,-3370.0,-47.492515644907876,-8.411189778485289,-96.42042119381064
2026-03-11T20:28:32.011,73595,-1148.0,1176.0,15682.0,-136.0,-16.0,-211.0,1974.0,8936.0,-3370.0,-47.789693164936104,-8.316262292366439,-96.44936351365791
2026-03-11T20:28:32.020,73605,-1146.0,1507.0,17473.0,-156.0,-36.0,-195.0,1954.0,8942.0,-3260.0,-48.2641110850882,-8.427964273639107,-96.34609798601932
2026-03-11T20:28:32.027,73615,-892.0,1192.0,16242.0,-130.0,-28.0,-229.0,1954.0,8942.0,-3260.0,-48.48888064667448,-8.471103505143098,-96.55847011815989
2026-03-11T20:28:32.037,73625,-402.0,866.0,15934.0,-130.0,-28.0,-208.0,1969.0,8956.0,-3205.0,-48.730884661875926,-8.547219758859333,-96.56119651689428
2026-03-11T20:28:32.061,73635,-395.0,971.0,16534.0,-149.0,-13.0,-208.0,1969.0,8956.0,-3205.0,-49.14924745163125,-8.4763515171395,-96.54262874154266
2026-03-11T20:28:32.061,73645,-109.0,679.0,15655.0,-195.0,-20.0,-147.0,1960.0,8928.0,-3261.0,-50.027592152451135,-8.494853521152535,-95.87334706365847
2026-03-11T20:28:32.067,73655,-647.0,1022.0,16087.0,-193.0,-41.0,-183.0,1960.0,8928.0,-3261.0,-50.8457385016495,-8.680786488947593,-95.52735460907675
2026-03-11T20:28:32.077,73665,101.0,1000.0,17804.0,-118.0,-36.0,-134.0,1970.0,8952.0,-3241.0,-50.9209284698403,-8.866461104508106,-94.73465524774907
2026-03-11T20:28:32.087,73675,-375.0,1084.0,17101.0,-144.0,-16.0,-194.0,1970.0,8952.0,-3241.0,-51.24116953469163,-8.82085795817703,-94.53240368011397
2026-03-11T20:28:32.097,73685,-200.0,1055.0,17394.0,-145.0,-75.0,-150.0,1967.0,8941.0,-3383.0,-51.567927854468714,-9.366289558664707,-93.8329022103931
2026-03-11T20:28:32.124,73695,-851.0,937.0,15232.0,-146.0,-57.0,-179.0,1967.0,8941.0,-3383.0,-51.89696674957929,-9.673729255847109,-93.41710527572916
2026-03-11T20:28:32.128,73705,-1613.0,1186.0,14518.0,-183.0,-23.0,-136.0,1966.0,8940.0,-3329.0,-52.5590230404736,-9.579277068060993,-92.59297721657406
2026-03-11T20:28:32.128,73715,-865.0,1042.0,15595.0,-183.0,-23.0,-136.0,1966.0,8940.0,-3329.0,-53.224790390730625,-9.549737638833973,-91.76251441770897
2026-03-11T20:28:32.137,73725,178.0,818.0,17155.0,-166.0,-4.0,-183.0,1952.0,8935.0,-3296.0,-53.732495369325974,-9.409818968407194,-91.40516330476545
2026-03-11T20:28:32.147,73735,-438.0,928.0,16174.0,-149.0,-2.0,-236.0,1952.0,8935.0,-3296.0,-54.05236937383319,-9.21024912057395,-91.54725826042332
2026-03-11T20:28:32.157,73745,-898.0,791.0,14406.0,-109.0,-40.0,-212.0,1960.0,8930.0,-3347.0,-53.97666553979372,-9.346812653899022,-91.42799217976192
2026-03-11T20:28:32.167,73755,-670.0,1214.0,16977.0,-146.0,-21.0,-214.0,1960.0,8930.0,-3347.0,-54.24612875432224,-9.320591121708587,-91.31269800837147
2026-03-11T20:28:32.177,73765,32.0,737.0,16495.0,-150.0,-51.0,-154.0,1965.0,8935.0,-3369.0,-54.58004046408428,-9.636200136248785,-90.59034056091541
2026-03-11T20:28:32.187,73775,-876.0,921.0,15209.0,-163.0,-52.0,-242.0,1965.0,8935.0,-3369.0,-55.0165319401261,-9.88726741639102,-90.70115324725158
2026-03-11T20:28:32.197,73785,-982.0,840.0,14312.0,-109.0,-50.0,-192.0,1958.0,8928.0,-3283.0,-54.91722228342607,-10.101153981834708,-90.3835215109353
2026-03-11T20:28:32.208,73795,-1019.0,1007.0,15053.0,-109.0,-13.0,-217.0,1958.0,8928.0,-3283.0,-54.81053361142364,-9.949249496444283,-90.32943401595826
2026-03-11T20:28:32.229,73805,-1545.0,1273.0,15038.0,-118.0,-13.0,-217.0,1959.0,8940.0,-3254.0,-54.773949366618204,-9.760760293100365,-90.3007443765153
2026-03-11T20:28:32.234,73815,-777.0,1244.0,16966.0,-125.0,-27.0,-212.0,1959.0,8940.0,-3254.0,-54.819598368164186,-9.777841902684118,-90.2221857903982
2026-03-11T20:28:32.237,73825,-1238.0,1543.0,17147.0,-118.0,-49.0,-183.0,1960.0,8950.0,-3291.0,-54.77676635681248,-9.980225396787922,-89.85696596359954
2026-03-11T20:28:32.247,73835,-312.0,880.0,16316.0,-147.0,-40.0,-182.0,1960.0,8950.0,-3291.0,-55.06008614011333,-10.150742769050837,-89.47588914305123
2026-03-11T20:28:32.257,73845,-582.0,1231.0,17453.0,-140.0,-89.0,-124.0,1970.0,8943.0,-3360.0,-55.25019399962493,-10.781824153752202,-88.49797866390531
2026-03-11T20:28:32.267,73855,-830.0,1184.0,16481.0,-129.0,-67.0,-192.0,1970.0,8943.0,-3360.0,-55.32720838547402,-11.165274876636406,-88.20516928074605
2026-03-11T20:28:32.277,73865,1.0,1080.0,18089.0,-124.0,-32.0,-136.0,1954.0,8949.0,-3341.0,-55.367528685347004,-11.255632615248972,-87.41022083211571
2026-03-11T20:28:32.287,73875,-784.0,1172.0,16518.0,-125.0,-23.0,-197.0,1954.0,8949.0,-3341.0,-55.40400810689072,-11.201707815565065,-87.23194519732742
2026-03-11T20:28:32.297,73885,-1074.0,927.0,14568.0,-125.0,-23.0,-197.0,1950.0,8934.0,-3274.0,-55.44810851282422,-11.118915216541945,-87.09280582361379
2026-03-11T20:28:32.325,73895,-651.0,1041.0,16368.0,-135.0,-25.0,-174.0,1950.0,8934.0,-3274.0,-55.58936447379068,-11.096076485580902,-86.73069546223611
2026-03-11T20:28:32.325,73905,-1479.0,1513.0,16529.0,-157.0,-36.0,-140.0,1960.0,8937.0,-3248.0,-55.91157604992093,-11.12511531412294,-86.04690724990367
2026-03-11T20:28:32.327,73915,-832.0,1168.0,16216.0,-158.0,-35.0,-182.0,1960.0,8937.0,-3248.0,-56.259349239924894,-11.18702214595668,-85.76646485915515
2026-03-11T20:28:32.337,73925,-82.0,746.0,16080.0,-160.0,-43.0,-167.0,1957.0,8961.0,-3356.0,-56.64903784485427,-11.378844432621026,-85.26959459019952
2026-03-11T20:28:32.347,73935,-619.0,931.0,15782.0,-150.0,-14.0,-221.0,1957.0,8961.0,-3356.0,-56.91853633898023,-11.243623465492425,-85.28673168869969
2026-03-11T20:28:32.357,73945,-625.0,783.0,14837.0,-127.0,-1.0,-150.0,1966.0,8950.0,-3270.0,-56.96434771534173,-10.98037544912321,-84.66855357882797
2026-03-11T20:28:32.367,73955,-574.0,886.0,15554.0,-196.0,2.0,-207.0,1966.0,8950.0,-3270.0,-57.680656618719254,-10.698966956365469,-84.557958688997
2026-03-11T20:28:32.379,73965,-340.0,1087.0,17160.0,-152.0,-17.0,-153.0,1969.0,8945.0,-3227.0,-57.944152332138714,-10.628931364103625,-83.93815807706419
2026-03-11T20:28:32.387,73975,-976.0,1332.0,16834.0,-152.0,-17.0,-153.0,1969.0,8945.0,-3227.0,-58.18438656960407,-10.516795563393899,-83.3267256715765
2026-03-11T20:28:32.399,73985,-647.0,1393.0,18129.0,-146.0,-33.0,-163.0,1963.0,8953.0,-3347.0,-58.36362140429616,-10.589100835478714,-82.75253412553148
2026-03-11T20:28:32.407,73995,-622.0,1186.0,16845.0,-165.0,-54.0,-196.0,1963.0,8953.0,-3347.0,-58.732801817485196,-10.86432955502648,-82.48121030265477
2026-03-11T20:28:32.421,74005,-890.0,1446.0,17550.0,-156.0,-66.0,-136.0,1951.0,8948.0,-3242.0,-58.99274295675726,-11.235976494645787,-81.69741338917743
2026-03-11T20:28:32.432,74015,-459.0,1101.0,17024.0,-132.0,-38.0,-171.0,1951.0,8948.0,-3242.0,-59.03248090490299,-11.35283271027441,-81.28093565810397
2026-03-11T20:28:32.438,74025,-214.0,648.0,15470.0,-125.0,-70.0,-128.0,1950.0,8941.0,-3309.0,-59.02885976300579,-11.795939243690821,-80.43047295756604
2026-03-11T20:28:32.447,74035,-1126.0,1100.0,15470.0,-178.0,-48.0,-233.0,1950.0,8941.0,-3309.0,-59.51133872759157,-11.947369578583464,-80.56908240272591
2026-03-11T20:28:32.457,74045,-601.0,1398.0,18122.0,-161.0,-26.0,-182.0,1972.0,8939.0,-3230.0,-59.81068640445121,-11.925345296300357,-80.22807618579245
2026-03-11T20:28:32.467,74055,-671.0,1199.0,16925.0,-161.0,-26.0,-172.0,1972.0,8939.0,-3230.0,-60.11122917518551,-11.896345172303295,-79.77710493609361
2026-03-11T20:28:32.477,74065,-1602.0,1471.0,16039.0,-103.0,5.0,-172.0,1953.0,8939.0,-3354.0,-59.81360134248011,-11.495814458637753,-79.30327886656484
2026-03-11T20:28:32.487,74075,-1138.0,1299.0,16198.0,-160.0,-29.0,-191.0,1953.0,8939.0,-3354.0,-60.09362876363885,-11.469979639588187,-79.00210600938557
2026-03-11T20:28:32.497,74085,-838.0,1503.0,18000.0,-153.0,-24.0,-148.0,1968.0,8955.0,-3265.0,-60.29569368838201,-11.422654417565681,-78.34681774073796
2026-03-11T20:28:32.507,74095,-441.0,1090.0,16794.0,-146.0,-34.0,-192.0,1968.0,8955.0,-3265.0,-60.4463093297853,-11.497380348730657,-78.1255442666454
2026-03-11T20:28:32.534,74105,-263.0,1188.0,17805.0,-174.0,-47.0,-162.0,1967.0,8937.0,-3322.0,-60.86623757231601,-11.71114504679935,-77.53589556393166
2026-03-11T20:28:32.539,74115,-612.0,1292.0,17499.0,-128.0,-23.0,-182.0,1967.0,8937.0,-3322.0,-60.81885991162648,-11.662370535613858,-77.17112932689531
2026-03-11T20:28:32.539,74125,-807.0,1330.0,17326.0,-185.0,-37.0,-168.0,1956.0,8945.0,-3335.0,-61.32769068390828,-11.7385441308825,-76.62874216551438
2026-03-11T20:28:32.547,74135,-1403.0,1153.0,14807.0,-149.0,-42.0,-214.0,1956.0,8945.0,-3335.0,-61.47228575286385,-11.807442889326115,-76.53320583004323
2026-03-11T20:28:32.557,74145,-742.0,962.0,15610.0,-149.0,-42.0,-214.0,1968.0,8942.0,-3361.0,-61.63250971095996,-11.928568378704707,-76.39827536584052
2026-03-11T20:28:32.567,74155,-1359.0,1231.0,15424.0,-148.0,-21.0,-191.0,1968.0,8942.0,-3361.0,-61.7589966546154,-11.795408673631433,-76.03511768720269
2026-03-11T20:28:32.577,74165,-468.0,951.0,16261.0,-121.0,-34.0,-204.0,1969.0,8950.0,-3276.0,-61.64267583096983,-11.859785767953058,-75.89533633122069
2026-03-11T20:28:32.587,74175,-780.0,1246.0,16909.0,-111.0,-28.0,-196.0,1969.0,8950.0,-3276.0,-61.41333377731575,-11.844309868563055,-75.71387686271436
2026-03-11T20:28:32.597,74185,-1063.0,1299.0,16594.0,-115.0,-39.0,-124.0,1956.0,8929.0,-3292.0,-61.222545895246206,-11.916540261640211,-74.86594573695082
2026-03-11T20:28:32.607,74195,-1090.0,1005.0,14973.0,-145.0,4.0,-198.0,1956.0,8929.0,-3292.0,-61.342295380556884,-11.555922623462328,-74.74780726579195
2026-03-11T20:28:32.618,74205,-313.0,748.0,15518.0,-129.0,-15.0,-154.0,1964.0,8924.0,-3267.0,-61.32445666823484,-11.448720837498582,-74.2331148532221
2026-03-11T20:28:32.636,74215,-450.0,954.0,16366.0,-147.0,-50.0,-171.0,1964.0,8924.0,-3267.0,-61.47184580752967,-11.678299584530452,-73.88895542812517
2026-03-11T20:28:32.641,74225,-1161.0,912.0,14237.0,-147.0,-52.0,-213.0,1968.0,8938.0,-3349.0,-61.609703486813274,-11.861282580663861,-73.88686823754269
2026-03-11T20:28:32.647,74235,-134.0,806.0,16249.0,-164.0,-52.0,-213.0,1968.0,8938.0,-3349.0,-61.92791505551309,-12.124218768937471,-73.84704879747613
2026-03-11T20:28:32.662,74245,-646.0,1321.0,17482.0,-152.0,-44.0,-184.0,1960.0,8955.0,-3248.0,-62.092531675470376,-12.270729651776497,-73.60066477602564
2026-03-11T20:28:32.667,74255,-888.0,1155.0,16102.0,-173.0,-7.0,-208.0,1960.0,8955.0,-3248.0,-62.46402480475456,-12.030945027124156,-73.54730034613475
2026-03-11T20:28:32.677,74265,-444.0,1353.0,18198.0,-174.0,-28.0,-128.0,1968.0,8950.0,-3325.0,-62.83490329057609,-12.036850205380086,-72.62383725668938
2026-03-11T20:28:32.687,74275,-758.0,1143.0,16518.0,-166.0,-14.0,-176.0,1968.0,8950.0,-3325.0,-63.12583722735174,-11.880889947372479,-72.16269089351984
2026-03-11T20:28:32.697,74285,-1175.0,901.0,14052.0,-98.0,-66.0,-151.0,1964.0,8941.0,-3223.0,-62.75034597990636,-12.194670381047231,-71.61818408902396
2026-03-11T20:28:32.707,74295,-929.0,896.0,14732.0,-168.0,-38.0,-228.0,1964.0,8941.0,-3223.0,-63.07213023758904,-12.251143839792855,-71.79208951608584
2026-03-11T20:28:32.752,74305,-1586.0,1173.0,14489.0,-159.0,-47.0,-185.0,1966.0,8939.0,-3261.0,-63.276318521353865,-12.342187987702447,-71.49136440615531
2026-03-11T20:28:32.757,74315,-755.0,1217.0,16811.0,-159.0,-47.0,-185.0,1966.0,8939.0,-3261.0,-63.48618026060944,-12.504648550424788,-71.17985064723794
2026-03-11T20:28:32.758,74325,-414.0,1201.0,17618.0,-168.0,-48.0,-155.0,1958.0,8940.0,-3258.0,-63.7848614945063,-12.698095328299171,-70.56673737398822
2026-03-11T20:28:32.758,74335,-1447.0,1165.0,14855.0,-170.0,-50.0,-176.0,1958.0,8940.0,-3258.0,-64.08547966094244,-12.823201278978056,-70.1449666861708
2026-03-11T20:28:32.758,74345,-941.0,856.0,14424.0,-209.0,-71.0,-96.0,1951.0,8947.0,-3216.0,-64.78404476082764,-13.188015979216798,-68.93394809094166
2026-03-11T20:28:32.767,74355,-764.0,883.0,15087.0,-176.0,-59.0,-171.0,1951.0,8947.0,-3216.0,-65.14617304566524,-13.444575330858738,-68.44974491360634
2026-03-11T20:28:32.778,74365,-441.0,915.0,15980.0,-140.0,-47.0,-118.0,1971.0,8934.0,-3256.0,-65.14970708608004,-13.604719695055998,-67.44452648493649
2026-03-11T20:28:32.789,74375,-497.0,1349.0,18019.0,-187.0,-59.0,-191.0,1971.0,8934.0,-3256.0,-65.5936832342088,-13.879314809937048,-67.12559202253232
2026-03-11T20:28:32.797,74385,-905.0,1160.0,16246.0,-145.0,-30.0,-164.0,1957.0,8939.0,-3257.0,-65.62112730992352,-13.832121626618177,-66.56510566200889
2026-03-11T20:28:32.808,74395,-635.0,854.0,15349.0,-147.0,21.0,-155.0,1957.0,8939.0,-3257.0,-65.68561305979453,-13.302371882954324,-65.92808790693647
2026-03-11T20:28:32.817,74405,-480.0,794.0,15451.0,-147.0,21.0,-155.0,1968.0,8938.0,-3278.0,-65.75366594372288,-12.794983799825628,-65.28203731511442
2026-03-11T20:28:32.830,74415,-411.0,1240.0,17816.0,-177.0,-20.0,-165.0,1968.0,8938.0,-3278.0,-66.09356490025303,-12.708717275199815,-64.71100328921463
2026-03-11T20:28:32.839,74425,-1192.0,1473.0,17117.0,-168.0,-31.0,-168.0,1948.0,8957.0,-3342.0,-66.31972441042373,-12.678964288187824,-64.11376904477397
2026-03-11T20:28:32.847,74435,-859.0,1195.0,16338.0,-153.0,-41.0,-235.0,1948.0,8957.0,-3342.0,-66.40906392968917,-12.767151908327966,-64.17101784782096
2026-03-11T20:28:32.857,74445,123.0,942.0,17628.0,-192.0,-59.0,-175.0,1962.0,8945.0,-3324.0,-66.90130573074333,-13.09799301616641,-63.59692738704242
2026-03-11T20:28:32.869,74455,-440.0,1141.0,17281.0,-145.0,-40.0,-208.0,1962.0,8945.0,-3324.0,-66.90872874198335,-13.198926089918697,-63.3663568441686
2026-03-11T20:28:32.877,74465,-303.0,1066.0,17378.0,-150.0,-35.0,-194.0,1947.0,8945.0,-3298.0,-66.9703494651277,-13.258007066941266,-63.032412294714554
2026-03-11T20:28:32.887,74475,-765.0,1247.0,17129.0,-117.0,-31.0,-211.0,1947.0,8945.0,-3298.0,-66.69426614394641,-13.245637873871939,-62.91904519404125
2026-03-11T20:28:32.897,74485,-944.0,1062.0,15620.0,-117.0,-31.0,-181.0,1969.0,8937.0,-3302.0,-66.42919001689975,-13.215514384043665,-62.556021123301086
2026-03-11T20:28:32.907,74495,-402.0,746.0,15457.0,-108.0,-27.0,-181.0,1969.0,8937.0,-3302.0,-66.10374386181851,-13.186042885505465,-62.25935361458427
2026-03-11T20:28:32.917,74505,-873.0,1191.0,16549.0,-118.0,-41.0,-116.0,1971.0,8949.0,-3303.0,-65.85574156275676,-13.263883683551333,-61.40153298147013
2026-03-11T20:28:32.935,74515,-677.0,734.0,14666.0,-141.0,-23.0,-199.0,1971.0,8949.0,-3303.0,-65.86312406959111,-13.171212690154213,-61.37216056236689
2026-03-11T20:28:32.941,74525,-825.0,1127.0,16294.0,-157.0,-39.0,-160.0,1963.0,8952.0,-3249.0,-66.00532857430638,-13.232155724154202,-61.005057623391416
2026-03-11T20:28:32.947,74535,-1402.0,1087.0,14589.0,-182.0,-50.0,-207.0,1963.0,8952.0,-3249.0,-66.38359937588079,-13.34802910797713,-61.04924934179832
2026-03-11T20:28:32.957,74545,-644.0,1057.0,16240.0,-184.0,-17.0,-138.0,1957.0,8941.0,-3295.0,-66.78464913923655,-13.20234663734611,-60.32646533951462
2026-03-11T20:28:32.967,74555,-1189.0,1363.0,16548.0,-148.0,-51.0,-195.0,1957.0,8941.0,-3295.0,-66.80518373689215,-13.356181565452887,-60.181777622790754
2026-03-11T20:28:32.978,74565,-1194.0,1504.0,17349.0,-142.0,-42.0,-194.0,1963.0,8947.0,-3329.0,-66.76158737812737,-13.422210725265915,-60.01306619138715
2026-03-11T20:28:32.987,74575,-972.0,1382.0,17006.0,-142.0,-42.0,-194.0,1963.0,8947.0,-3329.0,-66.7250364900298,-13.500155907886986,-59.86025316768862
2026-03-11T20:28:32.997,74585,-1188.0,1198.0,15652.0,-164.0,-64.0,-203.0,1958.0,8950.0,-3248.0,-66.91019835447734,-13.77079548047777,-59.85504840176098
2026-03-11T20:28:33.007,74595,-62.0,869.0,16776.0,-154.0,-16.0,-155.0,1958.0,8950.0,-3248.0,-67.02188874747435,-13.647950236261638,-59.37432106926839
2026-03-11T20:28:33.017,74605,-855.0,1175.0,16481.0,-164.0,-41.0,-152.0,1954.0,8946.0,-3328.0,-67.20709181503871,-13.717546865041147,-58.78710424354181
2026-03-11T20:28:33.027,74615,-377.0,717.0,15353.0,-157.0,-10.0,-204.0,1954.0,8946.0,-3328.0,-67.34807346306506,-13.5130937113327,-58.695905241314634
2026-03-11T20:28:33.055,74625,-178.0,873.0,16632.0,-129.0,-17.0,-161.0,1955.0,8940.0,-3318.0,-67.20521897421267,-13.397185275357828,-58.22722062922491
2026-03-11T20:28:33.057,74635,-247.0,1119.0,17702.0,-179.0,-37.0,-225.0,1955.0,8940.0,-3318.0,-67.54297386082,-13.475885232728729,-58.33890797976705
2026-03-11T20:28:33.057,74645,-78.0,1106.0,18211.0,-194.0,-41.0,-154.0,1972.0,8941.0,-3266.0,-68.02380541315664,-13.603268484193368,-57.746128812952165
2026-03-11T20:28:33.072,74655,-1062.0,1422.0,17222.0,-194.0,-65.0,-201.0,1972.0,8941.0,-3266.0,-68.47012656627263,-13.89786798444485,-57.56714900869844
2026-03-11T20:28:33.077,74665,-832.0,1117.0,16174.0,-150.0,-65.0,-201.0,1967.0,8938.0,-3221.0,-68.49171089303192,-14.198155671810214,-57.44454850083489
2026-03-11T20:28:33.087,74675,-382.0,1108.0,17154.0,-135.0,-45.0,-190.0,1967.0,8938.0,-3221.0,-68.37096311746116,-14.329731582420903,-57.24630246166809
2026-03-11T20:28:33.098,74685,16.0,996.0,17559.0,-145.0,-53.0,-180.0,1967.0,8944.0,-3257.0,-68.359613608202,-14.563579448606964,-56.939669235398654
2026-03-11T20:28:33.107,74695,-365.0,881.0,16060.0,-148.0,-2.0,-190.0,1967.0,8944.0,-3257.0,-68.38002303034881,-14.265907883787266,-56.731525671662965
2026-03-11T20:28:33.117,74705,-1489.0,1165.0,14664.0,-117.0,5.0,-154.0,1956.0,8935.0,-3235.0,-68.06817467294039,-13.81599130479821,-56.24661136175374
2026-03-11T20:28:33.130,74715,-772.0,1048.0,15904.0,-149.0,-22.0,-191.0,1956.0,8935.0,-3235.0,-68.0916096551972,-13.699811024395366,-56.130539483583945
2026-03-11T20:28:33.137,74725,-299.0,1279.0,18175.0,-189.0,-72.0,-175.0,1958.0,8943.0,-3266.0,-68.50147050867604,-14.112611345787439,-55.78818039741235
2026-03-11T20:28:33.147,74735,-573.0,1269.0,17490.0,-181.0,-47.0,-217.0,1958.0,8943.0,-3266.0,-68.82224377588261,-14.253528861884286,-55.814880978338756
2026-03-11T20:28:33.157,74745,-786.0,1112.0,16268.0,-181.0,-47.0,-217.0,1972.0,8937.0,-3310.0,-69.14139143408467,-14.373864173808126,-55.748194253268245
2026-03-11T20:28:33.167,74755,-261.0,870.0,16449.0,-118.0,-62.0,-162.0,1972.0,8937.0,-3310.0,-68.85441168791479,-14.675831286956502,-55.21818361285479
2026-03-11T20:28:33.177,74765,-279.0,662.0,15160.0,-135.0,-33.0,-149.0,1956.0,8941.0,-3279.0,-68.75031590177058,-14.684648033270458,-54.63913295055166
2026-03-11T20:28:33.187,74775,-315.0,1217.0,17998.0,-188.0,-35.0,-195.0,1956.0,8941.0,-3279.0,-69.14034211973332,-14.71394704843999,-54.46464404836597
2026-03-11T20:28:33.199,74785,-1047.0,1073.0,15450.0,-157.0,-38.0,-146.0,1960.0,8942.0,-3286.0,-69.21667920741537,-14.71471715483483,-53.8147755812964
2026-03-11T20:28:33.207,74795,-214.0,803.0,16270.0,-119.0,-18.0,-215.0,1960.0,8942.0,-3286.0,-68.94203522575768,-14.581769724970043,-53.89269727004433
2026-03-11T20:28:33.218,74805,-868.0,1176.0,16519.0,-120.0,-51.0,-153.0,1973.0,8934.0,-3337.0,-68.6577533300846,-14.72992847412757,-53.37632707647897
2026-03-11T20:28:33.227,74815,-1088.0,888.0,14418.0,-149.0,-30.0,-204.0,1973.0,8934.0,-3337.0,-68.67431072601575,-14.643183900629895,-53.36489872770386
2026-03-11T20:28:33.245,74825,-573.0,1021.0,16426.0,-146.0,-25.0,-183.0,1959.0,8942.0,-3288.0,-68.66048871837012,-14.55543952966304,-53.20353057575477
2026-03-11T20:28:33.248,74835,-1500.0,1300.0,15354.0,-146.0,-25.0,-183.0,1959.0,8942.0,-3288.0,-68.621286853338,-14.39813068461324,-53.05165328915246
2026-03-11T20:28:33.258,74845,-832.0,1027.0,15615.0,-188.0,-37.0,-184.0,1964.0,8941.0,-3233.0,-69.01600253207943,-14.411900220823394,-52.90628576640191
2026-03-11T20:28:33.279,74855,-559.0,1000.0,16302.0,-170.0,-34.0,-221.0,1964.0,8941.0,-3233.0,-69.23147750539712,-14.417657484172393,-53.08529958805133
2026-03-11T20:28:33.284,74865,-249.0,835.0,15996.0,-117.0,-38.0,-153.0,1957.0,8940.0,-3298.0,-68.93368477452448,-14.483892251860734,-52.59678074020419
2026-03-11T20:28:33.287,74875,-639.0,1109.0,16611.0,-104.0,6.0,-200.0,1957.0,8940.0,-3298.0,-68.49781969488852,-14.091452266395278,-52.63695375574649
2026-03-11T20:28:33.297,74885,-289.0,910.0,16303.0,-87.0,-9.0,-163.0,1963.0,8951.0,-3369.0,-67.91656694896906,-13.877543494394658,-52.34637687179874
2026-03-11T20:28:33.307,74895,-280.0,1013.0,17027.0,-98.0,-13.0,-210.0,1963.0,8951.0,-3369.0,-67.45054106446375,-13.708583599591263,-52.585876581195734
2026-03-11T20:28:33.317,74905,-517.0,1271.0,17680.0,-167.0,-46.0,-145.0,1952.0,8958.0,-3222.0,-67.65589283083126,-13.851798697116413,-52.30915365933303
2026-03-11T20:28:33.327,74915,-901.0,1134.0,16156.0,-167.0,-46.0,-167.0,1952.0,8958.0,-3222.0,-67.85907412474033,-13.96187892717602,-52.22655124851272
2026-03-11T20:28:33.342,74925,-434.0,668.0,14948.0,-171.0,-64.0,-167.0,1964.0,8932.0,-3271.0,-68.12651772487416,-14.276613340812956,-52.05834898116468
2026-03-11T20:28:33.353,74935,-270.0,1021.0,17091.0,-175.0,-29.0,-164.0,1964.0,8932.0,-3271.0,-68.4106127287262,-14.257211856061621,-51.82479653814583
2026-03-11T20:28:33.363,74945,-303.0,1214.0,18243.0,-135.0,-45.0,-155.0,1971.0,8950.0,-3311.0,-68.28925655787727,-14.394078721164973,-51.508955484185606
2026-03-11T20:28:33.367,74955,-824.0,1176.0,16752.0,-158.0,0.0,-196.0,1971.0,8950.0,-3311.0,-68.3915592520244,-14.050015107108262,-51.571898445930806
2026-03-11T20:28:33.378,74965,41.0,1034.0,17979.0,-143.0,-32.0,-168.0,1969.0,8948.0,-3330.0,-68.35929721156353,-14.085223679274245,-51.353235156530694
2026-03-11T20:28:33.387,74975,-391.0,974.0,16473.0,-142.0,-12.0,-219.0,1969.0,8948.0,-3330.0,-68.31603544330551,-13.8939724704481,-51.631120935656696
2026-03-11T20:28:33.397,74985,-341.0,993.0,16787.0,-195.0,-11.0,-185.0,1974.0,8937.0,-3282.0,-68.79300938083021,-13.700659452801924,-51.531102229382846
2026-03-11T20:28:33.409,74995,-1529.0,1248.0,14974.0,-171.0,-30.0,-235.0,1974.0,8937.0,-3282.0,-68.99766369286958,-13.604440723971617,-51.87471301101537
2026-03-11T20:28:33.426,75005,-467.0,1002.0,16101.0,-171.0,-30.0,-235.0,1950.0,8934.0,-3329.0,-69.22228946496409,-13.593188739609253,-52.11683565099543
2026-03-11T20:28:33.426,75015,-1581.0,1308.0,15308.0,-151.0,-45.0,-242.0,1950.0,8934.0,-3329.0,-69.21996757166615,-13.644818853247205,-52.41549897563332
2026-03-11T20:28:33.437,75025,-865.0,1111.0,15875.0,-125.0,-28.0,-173.0,1952.0,8938.0,-3329.0,-68.98050271935932,-13.584097191118012,-52.08292145670094
2026-03-11T20:28:33.449,75035,-646.0,770.0,14744.0,-141.0,-2.0,-293.0,1952.0,8938.0,-3329.0,-68.92290196145251,-13.281907894436292,-52.90656534778105
2026-03-11T20:28:33.457,75045,-722.0,1133.0,16342.0,-133.0,-47.0,-189.0,1961.0,8952.0,-3350.0,-68.76852388086517,-13.426396358696234,-52.71590935920515
2026-03-11T20:28:33.467,75055,-146.0,853.0,16343.0,-95.0,-43.0,-211.0,1961.0,8952.0,-3350.0,-68.2643981654498,-13.56904559444283,-52.83080636670931
2026-03-11T20:28:33.478,75065,-673.0,1062.0,16250.0,-167.0,-35.0,-146.0,1960.0,8938.0,-3296.0,-68.4609265600538,-13.59333410846276,-52.33817811944156
2026-03-11T20:28:33.487,75075,-129.0,1040.0,17604.0,-162.0,-54.0,-179.0,1960.0,8938.0,-3296.0,-68.61168881470836,-13.842285059215309,-52.16690763718252
2026-03-11T20:28:33.497,75085,-989.0,1431.0,17570.0,-162.0,-2.0,-148.0,1953.0,8933.0,-3256.0,-68.73393074995201,-13.52081696974163,-51.717115542190356
2026-03-11T20:28:33.507,75095,-957.0,1211.0,16500.0,-134.0,-2.0,-148.0,1953.0,8933.0,-3256.0,-68.58849940154673,-13.203789594645729,-51.30393407636063
2026-03-11T20:28:33.517,75105,-510.0,1352.0,18243.0,-183.0,-33.0,-181.0,1969.0,8936.0,-3327.0,-68.92535987017285,-13.231174555924266,-51.10152237655854
2026-03-11T20:28:33.527,75115,-887.0,1352.0,17150.0,-168.0,-44.0,-221.0,1969.0,8936.0,-3327.0,-69.10310221657537,-13.338719761460402,-51.26333239747012
2026-03-11T20:28:33.540,75125,-1276.0,1484.0,16957.0,-146.0,-7.0,-146.0,1951.0,8941.0,-3243.0,-69.05180967594534,-13.054804872507061,-50.788502494620616
2026-03-11T20:28:33.547,75135,-800.0,1162.0,16391.0,-160.0,-10.0,-235.0,1951.0,8941.0,-3243.0,-69.15767227260191,-12.835963791211535,-51.15817951644606
2026-03-11T20:28:33.557,75145,85.0,1025.0,17703.0,-165.0,-26.0,-153.0,1972.0,8934.0,-3338.0,-69.32524454686965,-12.839537325863306,-50.605217215689
2026-03-11T20:28:33.567,75155,-579.0,1083.0,16546.0,-147.0,-45.0,-196.0,1972.0,8934.0,-3338.0,-69.3044418647622,-12.983749025276213,-50.496970390396086
2026-03-11T20:28:33.578,75165,-418.0,841.0,15600.0,-121.0,-57.0,-193.0,1963.0,8943.0,-3248.0,-69.04243616746456,-13.252021218372722,-50.510212421621375
2026-03-11T20:28:33.587,75175,-115.0,1060.0,17546.0,-121.0,-57.0,-193.0,1963.0,8943.0,-3248.0,-68.77824370586917,-13.538084008746537,-50.575028718854234
2026-03-11T20:28:33.597,75185,-1042.0,1263.0,16280.0,-159.0,-29.0,-207.0,1967.0,8946.0,-3314.0,-68.8721565799831,-13.478496839894188,-50.68926746575666
2026-03-11T20:28:33.608,75195,-1304.0,1207.0,15251.0,-187.0,-58.0,-170.0,1967.0,8946.0,-3314.0,-69.23681163264592,-13.679889076370788,-50.392849948778334
2026-03-11T20:28:33.617,75205,-816.0,816.0,14651.0,-123.0,-87.0,-163.0,1964.0,8936.0,-3268.0,-68.99371851998845,-14.195232870186555,-50.14231602065477
2026-03-11T20:28:33.627,75215,-607.0,838.0,15402.0,-133.0,-59.0,-236.0,1964.0,8936.0,-3268.0,-68.8549579933275,-14.444457098105934,-50.62792779501836
2026-03-11T20:28:33.637,75225,-667.0,1063.0,16458.0,-143.0,-35.0,-152.0,1958.0,8931.0,-3332.0,-68.805348355796,-14.45224878279478,-50.236693664035
2026-03-11T20:28:33.649,75235,-475.0,731.0,15105.0,-104.0,-22.0,-217.0,1958.0,8931.0,-3332.0,-68.39302852753154,-14.34282267898427,-50.54511035340476
2026-03-11T20:28:33.658,75245,92.0,799.0,16841.0,-121.0,-14.0,-137.0,1966.0,8934.0,-3319.0,-68.15664217372715,-14.19941910462313,-50.12436398181606
2026-03-11T20:28:33.667,75255,-298.0,932.0,16524.0,-148.0,7.0,-185.0,1966.0,8934.0,-3319.0,-68.17934488099685,-13.826199874991746,-50.16602788841411
2026-03-11T20:28:33.679,75265,-777.0,1075.0,16118.0,-148.0,7.0,-185.0,1966.0,8949.0,-3236.0,-68.18984345570784,-13.425999660210955,-50.27705196887263
2026-03-11T20:28:33.687,75275,-730.0,951.0,15527.0,-114.0,-9.0,-158.0,1966.0,8949.0,-3236.0,-67.87314894423244,-13.191944775196955,-50.16994251486294
2026-03-11T20:28:33.697,75285,-444.0,1004.0,16316.0,-142.0,-31.0,-190.0,1948.0,8945.0,-3275.0,-67.83686120351273,-13.20078911331686,-50.341232136601114
2026-03-11T20:28:33.710,75295,-1104.0,1459.0,17166.0,-169.0,-15.0,-195.0,1948.0,8945.0,-3275.0,-68.03916201143804,-13.010440887706467,-50.51356307300445
2026-03-11T20:28:33.717,75305,-467.0,915.0,15856.0,-163.0,-95.0,-103.0,1959.0,8944.0,-3213.0,-68.20972483533227,-13.647547667963014,-49.85199372599732
2026-03-11T20:28:33.730,75315,-577.0,1248.0,17398.0,-148.0,-31.0,-196.0,1959.0,8944.0,-3213.0,-68.21387163528208,-13.640503948923024,-50.10615109143859
2026-03-11T20:28:33.737,75325,-811.0,1406.0,17620.0,-125.0,-31.0,-149.0,1963.0,8944.0,-3269.0,-67.9833484180507,-13.618954502292192,-49.88333519655141
2026-03-11T20:28:33.752,75335,-865.0,1170.0,16215.0,-113.0,-41.0,-169.0,1963.0,8944.0,-3269.0,-67.64854048739443,-13.687461733444332,-49.91618204913438
2026-03-11T20:28:33.762,75345,-3.0,1025.0,17815.0,-113.0,-41.0,-143.0,1955.0,8943.0,-3278.0,-67.33711113317757,-13.815319848159337,-49.74413289775107
2026-03-11T20:28:33.769,75355,-591.0,1270.0,17575.0,-132.0,-22.0,-143.0,1955.0,8943.0,-3278.0,-67.20130674213834,-13.716194008109628,-49.599152265782465
2026-03-11T20:28:33.776,75365,-1111.0,1351.0,16810.0,-180.0,8.0,-193.0,1978.0,8945.0,-3318.0,-67.5293822363152,-13.288087063733403,-49.835028043860696
2026-03-11T20:28:33.787,75375,-867.0,1131.0,16063.0,-200.0,-20.0,-195.0,1978.0,8945.0,-3318.0,-68.0582433156646,-13.156686822738894,-49.990153998017504
2026-03-11T20:28:33.797,75385,-259.0,1133.0,17683.0,-134.0,10.0,-141.0,1951.0,8951.0,-3333.0,-67.93695661214576,-12.77880458762607,-49.622893985526176
2026-03-11T20:28:33.807,75395,-715.0,1202.0,16641.0,-108.0,3.0,-227.0,1951.0,8951.0,-3333.0,-67.55399007969454,-12.44475086268603,-50.144271620489505
2026-03-11T20:28:33.817,75405,-92.0,643.0,15638.0,-103.0,-1.0,-134.0,1962.0,8944.0,-3268.0,-67.16521928803287,-12.198920072632745,-49.87091663603507
2026-03-11T20:28:33.829,75415,-678.0,1026.0,15985.0,-153.0,-4.0,-192.0,1962.0,8944.0,-3268.0,-67.24786486554135,-11.945666677003599,-50.142737614652745
2026-03-11T20:28:33.837,75425,-121.0,1243.0,18407.0,-156.0,-32.0,-157.0,1965.0,8941.0,-3251.0,-67.35444272988175,-12.012837793046872,-50.06779233605755
2026-03-11T20:28:33.854,75435,-643.0,1167.0,16802.0,-156.0,-32.0,-157.0,1965.0,8941.0,-3251.0,-67.45669075879272,-12.042454334589044,-49.98089004194523
2026-03-11T20:28:33.866,75445,-754.0,806.0,14782.0,-129.0,-71.0,-172.0,1961.0,8942.0,-3258.0,-67.30933681906903,-12.439091490091492,-50.06862946245332
2026-03-11T20:28:33.869,75455,-699.0,1057.0,16066.0,-113.0,-17.0,-194.0,1961.0,8942.0,-3258.0,-66.99526751649178,-12.30719190351643,-50.40748505184654
2026-03-11T20:28:33.877,75465,-1125.0,1025.0,14934.0,-164.0,14.0,-138.0,1965.0,8934.0,-3339.0,-67.18403502711654,-11.837888779927825,-50.074394578580566
2026-03-11T20:28:33.887,75475,-655.0,1030.0,15959.0,-180.0,-17.0,-202.0,1965.0,8934.0,-3339.0,-67.53049892711176,-11.720823433286068,-50.305913674330945
2026-03-11T20:28:33.898,75485,-1289.0,1447.0,16742.0,-119.0,-28.0,-166.0,1958.0,8935.0,-3264.0,-67.24729373407845,-11.673080114865128,-50.30327386290944
2026-03-11T20:28:33.907,75495,-813.0,1141.0,16198.0,-147.0,-25.0,-214.0,1958.0,8935.0,-3264.0,-67.2623617649928,-11.627293456847314,-50.75317992163684
2026-03-11T20:28:33.916,75505,5.0,1092.0,18020.0,-171.0,-16.0,-160.0,1966.0,8944.0,-3308.0,-67.52355762434779,-11.55186496209364,-50.58238275242212
2026-03-11T20:28:33.927,75515,-463.0,1176.0,17332.0,-171.0,-16.0,-183.0,1966.0,8944.0,-3308.0,-67.77125351536493,-11.447093590728814,-50.59455106869022
2026-03-11T20:28:33.937,75525,22.0,1087.0,18204.0,-147.0,-14.0,-183.0,1947.0,8934.0,-3294.0,-67.78808451070918,-11.356734124248753,-50.612722404934416
2026-03-11T20:28:33.949,75535,-459.0,963.0,16334.0,-151.0,-34.0,-195.0,1947.0,8934.0,-3294.0,-67.8446414441327,-11.4306624361656,-50.73651722158026
2026-03-11T20:28:33.957,75545,-801.0,770.0,14395.0,-129.0,-68.0,-183.0,1974.0,8932.0,-3287.0,-67.69071103999889,-11.804841927428377,-50.779401872377875
2026-03-11T20:28:33.967,75555,-467.0,892.0,15966.0,-147.0,-48.0,-194.0,1974.0,8932.0,-3287.0,-67.71354246600457,-12.005689149148342,-50.92641738955555
2026-03-11T20:28:33.977,75565,213.0,865.0,17461.0,-144.0,-28.0,-168.0,1969.0,8945.0,-3246.0,-67.71375050531255,-12.053936136447815,-50.86564078007389
2026-03-11T20:28:33.987,75575,-364.0,940.0,16413.0,-180.0,-10.0,-229.0,1969.0,8945.0,-3246.0,-68.05791860399307,-11.88548954384097,-51.326446420311164
2026-03-11T20:28:33.997,75585,114.0,852.0,17273.0,-182.0,-36.0,-166.0,1967.0,8939.0,-3284.0,-68.42388310354035,-12.008133383462974,-51.06874188371646
2026-03-11T20:28:34.007,75595,-288.0,1204.0,17834.0,-137.0,-37.0,-202.0,1967.0,8939.0,-3284.0,-68.3207601808476,-12.112109031897395,-51.18630443356018
2026-03-11T20:28:34.020,75605,-1271.0,1469.0,16718.0,-137.0,-37.0,-202.0,1967.0,8935.0,-3311.0,-68.19651205662653,-12.145847398633963,-51.291579567701014
2026-03-11T20:28:34.027,75615,-826.0,1158.0,16177.0,-147.0,-43.0,-172.0,1967.0,8935.0,-3311.0,-68.1912932905161,-12.266019548425747,-51.111054604336445
2026-03-11T20:28:34.037,75625,-698.0,1354.0,17485.0,-176.0,-46.0,-170.0,1959.0,8952.0,-3236.0,-68.46370697675613,-12.425914888982158,-50.96084348008543
2026-03-11T20:28:34.061,75635,-1472.0,1243.0,15042.0,-183.0,-66.0,-201.0,1959.0,8952.0,-3236.0,-68.7933544338028,-12.712791305708333,-51.06656909740216
2026-03-11T20:28:34.068,75645,-1624.0,1309.0,15085.0,-131.0,-52.0,-160.0,1958.0,8964.0,-3300.0,-68.60209904731899,-12.84569998651544,-50.75487254332444
2026-03-11T20:28:34.095,75655,-960.0,1072.0,15581.0,-109.0,-3.0,-174.0,1958.0,8964.0,-3300.0,-68.21954012386324,-12.547837141031781,-50.64617732898602
2026-03-11T20:28:34.095,75665,-967.0,1498.0,17798.0,-138.0,-56.0,-124.0,1961.0,8941.0,-3257.0,-68.11132810269696,-12.78370044469324,-50.12549740494356
2026-03-11T20:28:34.095,75675,-709.0,1126.0,16579.0,-144.0,-53.0,-197.0,1961.0,8941.0,-3257.0,-68.08259344719224,-12.998563690922015,-50.335058264637624
2026-03-11T20:28:34.097,75685,-477.0,799.0,15459.0,-109.0,-43.0,-175.0,1961.0,8939.0,-3304.0,-67.72996746757624,-13.124692563605553,-50.33944037483052
2026-03-11T20:28:34.107,75695,-570.0,1016.0,16266.0,-109.0,-43.0,-175.0,1961.0,8939.0,-3304.0,-67.37208528982906,-13.243537490298985,-50.4035727556187
2026-03-11T20:28:34.124,75705,-1337.0,1513.0,16910.0,-151.0,-28.0,-167.0,1961.0,8953.0,-3313.0,-67.40218658843483,-13.163010548327115,-50.37836515598185
2026-03-11T20:28:34.127,75715,-611.0,1248.0,17350.0,-137.0,-7.0,-163.0,1961.0,8953.0,-3313.0,-67.31445791064027,-12.92811615205481,-50.32419397128338
2026-03-11T20:28:34.139,75725,-104.0,1161.0,18111.0,-97.0,-7.0,-163.0,1957.0,8948.0,-3233.0,-66.84541056774515,-12.731587112561463,-50.41531305982408
2026-03-11T20:28:34.147,75735,-748.0,1151.0,16561.0,-139.0,-6.0,-246.0,1957.0,8948.0,-3233.0,-66.79118835833916,-12.484157989442096,-51.293220774385965
2026-03-11T20:28:34.166,75745,-147.0,877.0,16558.0,-173.0,-36.0,-206.0,1963.0,8951.0,-3272.0,-67.09012744919723,-12.577116030106927,-51.66623525178065
2026-03-11T20:28:34.168,75755,-529.0,1287.0,17696.0,-144.0,-33.0,-214.0,1963.0,8951.0,-3272.0,-67.07633088315875,-12.614818339009396,-52.09968055647085
2026-03-11T20:28:34.177,75765,-416.0,1366.0,18323.0,-184.0,-41.0,-165.0,1964.0,8946.0,-3321.0,-67.45273272808694,-12.738381871897856,-51.94084397622377
2026-03-11T20:28:34.187,75775,-252.0,1070.0,17372.0,-184.0,-41.0,-199.0,1964.0,8946.0,-3321.0,-67.83638632466892,-12.868824067316801,-52.054732161897334
2026-03-11T20:28:34.197,75785,185.0,802.0,17066.0,-160.0,2.0,-199.0,1952.0,8949.0,-3326.0,-67.99384700422851,-12.604255438253332,-52.126824883949936
2026-03-11T20:28:34.207,75795,-716.0,1070.0,16117.0,-115.0,-17.0,-204.0,1952.0,8949.0,-3326.0,-67.68500474718675,-12.468007918051672,-52.28966142555433
2026-03-11T20:28:34.217,75805,-1406.0,1430.0,16420.0,-133.0,-25.0,-133.0,1961.0,8952.0,-3274.0,-67.53515926536087,-12.366132195472078,-51.84188909913564
2026-03-11T20:28:34.227,75815,-967.0,1109.0,15908.0,-136.0,-32.0,-209.0,1961.0,8952.0,-3274.0,-67.4374995007525,-12.363006387650397,-52.15413941472015
2026-03-11T20:28:34.238,75825,-1054.0,829.0,14321.0,-182.0,-56.0,-140.0,1954.0,8951.0,-3336.0,-67.80608981712496,-12.580500895533373,-51.68181852339256
2026-03-11T20:28:34.247,75835,-859.0,1087.0,15728.0,-129.0,-46.0,-198.0,1954.0,8951.0,-3336.0,-67.63509676687723,-12.717316196785456,-51.81585166481546
2026-03-11T20:28:34.266,75845,-255.0,682.0,15417.0,-162.0,-22.0,-145.0,1957.0,8924.0,-3283.0,-67.8193361269941,-12.659636460514278,-51.44890014242536
2026-03-11T20:28:34.272,75855,-1119.0,1011.0,14962.0,-146.0,-35.0,-158.0,1957.0,8924.0,-3283.0,-67.81643605995922,-12.66409447570655,-51.224389536319734
2026-03-11T20:28:34.277,75865,-1569.0,1372.0,15736.0,-146.0,-35.0,-158.0,1971.0,8960.0,-3321.0,-67.79124856944429,-12.64035997994365,-50.99014179458092
2026-03-11T20:28:34.287,75875,-1009.0,1325.0,16799.0,-142.0,-67.0,-160.0,1971.0,8960.0,-3321.0,-67.73682767589881,-12.975620458681233,-50.80476285036358
2026-03-11T20:28:34.298,75885,-343.0,1202.0,17798.0,-141.0,-9.0,-145.0,1975.0,8949.0,-3284.0,-67.68661827555177,-12.782277067247078,-50.51972739149511
2026-03-11T20:28:34.308,75895,-602.0,1040.0,16337.0,-175.0,-22.0,-172.0,1975.0,8949.0,-3284.0,-67.97503616639838,-12.700110111893727,-50.45677567944566
2026-03-11T20:28:34.319,75905,-830.0,1483.0,17973.0,-129.0,-73.0,-163.0,1972.0,8940.0,-3224.0,-67.78539661159778,-13.108805510787233,-50.407296839179466
2026-03-11T20:28:34.328,75915,-817.0,1319.0,17156.0,-96.0,-41.0,-234.0,1972.0,8940.0,-3224.0,-67.28256054230475,-13.1940602155757,-51.11533717888767
2026-03-11T20:28:34.339,75925,-762.0,1449.0,17905.0,-98.0,-80.0,-190.0,1962.0,8940.0,-3313.0,-66.8047753445347,-13.665599237897476,-51.37344393143388
2026-03-11T20:28:34.349,75935,-645.0,1241.0,17031.0,-127.0,-44.0,-212.0,1962.0,8940.0,-3313.0,-66.62992757806775,-13.780224329655596,-51.856854994344076
2026-03-11T20:28:34.359,75945,-202.0,1283.0,18489.0,-127.0,-44.0,-114.0,1962.0,8953.0,-3269.0,-66.4625382186484,-13.923330768690288,-51.45799292059333
2026-03-11T20:28:34.378,75955,-524.0,986.0,16423.0,-171.0,-23.0,-114.0,1962.0,8953.0,-3269.0,-66.7403717417741,-13.83378007870241,-51.03569764388003
2026-03-11T20:28:34.387,75965,-1127.0,828.0,14103.0,-165.0,4.0,-169.0,1978.0,8937.0,-3294.0,-66.95536369891323,-13.426682585884283,-51.083835744912804
2026-03-11T20:28:34.387,75975,-955.0,1169.0,16161.0,-157.0,-31.0,-175.0,1978.0,8937.0,-3294.0,-67.07211115672804,-13.394487988534106,-51.16787559093
2026-03-11T20:28:34.399,75985,-1489.0,1410.0,16069.0,-181.0,-65.0,-99.0,1960.0,8949.0,-3304.0,-67.40417562012072,-13.658119720503292,-50.47816551352169
2026-03-11T20:28:34.408,75995,-821.0,907.0,15325.0,-169.0,-34.0,-183.0,1960.0,8949.0,-3304.0,-67.64455087120527,-13.656933214086713,-50.58325271038357
2026-03-11T20:28:34.422,76005,-610.0,711.0,14692.0,-169.0,-51.0,-144.0,1967.0,8939.0,-3330.0,-67.89244800748126,-13.836099887204497,-50.2497008736225
2026-03-11T20:28:34.431,76015,-1197.0,1113.0,15176.0,-109.0,-56.0,-193.0,1967.0,8939.0,-3330.0,-67.51890838181252,-14.018221663609241,-50.4619874650456
2026-03-11T20:28:34.442,76025,-1694.0,1414.0,15400.0,-78.0,-25.0,-162.0,1954.0,8937.0,-3294.0,-66.8280085184019,-13.857832978193679,-50.505217194512326
2026-03-11T20:28:34.447,76035,-945.0,1118.0,15868.0,-78.0,-25.0,-162.0,1954.0,8937.0,-3294.0,-66.1752446149796,-13.757681337348043,-50.64179066549505
2026-03-11T20:28:34.473,76045,-1007.0,828.0,14107.0,-152.0,-14.0,-178.0,1952.0,8938.0,-3336.0,-66.27415812555914,-13.538207154576792,-50.86668834671008
2026-03-11T20:28:34.476,76055,-918.0,1137.0,15985.0,-140.0,-29.0,-205.0,1952.0,8938.0,-3336.0,-66.23930396638188,-13.486071915148928,-51.340944579356275
2026-03-11T20:28:34.478,76065,103.0,976.0,17535.0,-176.0,-23.0,-160.0,1956.0,8955.0,-3283.0,-66.57560184530855,-13.4484710669883,-51.36649787769881
2026-03-11T20:28:34.488,76075,-408.0,1092.0,16903.0,-152.0,-1.0,-191.0,1956.0,8955.0,-3283.0,-66.6597619092337,-13.16170472574819,-51.66604981233972
2026-03-11T20:28:34.501,76085,-735.0,1497.0,18092.0,-133.0,-11.0,-159.0,1961.0,8948.0,-3271.0,-66.5353648185145,-12.959900896018015,-51.66875317844067
2026-03-11T20:28:34.507,76095,-933.0,1217.0,16425.0,-180.0,3.0,-176.0,1961.0,8948.0,-3271.0,-66.88390649758676,-12.606457935518423,-51.77110251847761
2026-03-11T20:28:34.517,76105,-1667.0,1220.0,14686.0,-162.0,-36.0,-157.0,1965.0,8932.0,-3258.0,-67.03885258381696,-12.578051711246172,-51.66856001590129
2026-03-11T20:28:34.532,76115,-938.0,1091.0,15844.0,-189.0,-43.0,-223.0,1965.0,8932.0,-3258.0,-67.47149343409663,-12.680288727223699,-52.13248733717284
2026-03-11T20:28:34.539,76125,-882.0,855.0,14925.0,-189.0,-43.0,-223.0,1979.0,8939.0,-3272.0,-67.90868981891725,-12.78055364863907,-52.493811842712454
2026-03-11T20:28:34.553,76135,-1105.0,1207.0,16208.0,-133.0,-49.0,-188.0,1979.0,8939.0,-3272.0,-67.76873760412313,-12.927353832508649,-52.530992075324036
2026-03-11T20:28:34.576,76145,-1407.0,992.0,14109.0,-119.0,-31.0,-194.0,1954.0,8948.0,-3297.0,-67.49912620550126,-12.85898716784989,-52.64659595471387
2026-03-11T20:28:34.581,76155,-759.0,1045.0,16049.0,-132.0,9.0,-216.0,1954.0,8948.0,-3297.0,-67.36823475517829,-12.459568633013935,-52.97600115101968
2026-03-11T20:28:34.584,76165,-867.0,1452.0,17830.0,-167.0,-20.0,-146.0,1967.0,8939.0,-3280.0,-67.56435699999032,-12.350883344721586,-52.60091346112499
2026-03-11T20:28:34.588,76175,-981.0,1219.0,16302.0,-128.0,-13.0,-173.0,1967.0,8939.0,-3280.0,-67.38194193179037,-12.162582646106147,-52.52554098436008
2026-03-11T20:28:34.597,76185,-1638.0,1295.0,14882.0,-133.0,-37.0,-133.0,1971.0,8954.0,-3294.0,-67.2382385021296,-12.15677962944622,-52.08864459277928
2026-03-11T20:28:34.608,76195,-797.0,1070.0,15839.0,-160.0,-24.0,-194.0,1971.0,8954.0,-3294.0,-67.38417910713426,-12.091362286737287,-52.22793843732133
2026-03-11T20:28:34.617,76205,157.0,927.0,17584.0,-160.0,-24.0,-172.0,1970.0,8958.0,-3255.0,-67.5441405830553,-12.094951971351088,-52.16470871463197
2026-03-11T20:28:34.631,76215,-680.0,1132.0,16656.0,-123.0,-1.0,-172.0,1970.0,8958.0,-3255.0,-67.320896920657,-11.816203096203921,-52.1335656093772
2026-03-11T20:28:34.638,76225,-1707.0,1323.0,14967.0,-120.0,-3.0,-176.0,1969.0,8956.0,-3288.0,-67.0494489728425,-11.479649724083448,-52.14514324412184
2026-03-11T20:28:34.653,76235,-955.0,1106.0,15820.0,-165.0,17.0,-200.0,1969.0,8956.0,-3288.0,-67.2454774491741,-11.014533341176321,-52.34052859594251
2026-03-11T20:28:34.660,76245,-372.0,645.0,15028.0,-186.0,-9.0,-149.0,1970.0,8942.0,-3274.0,-67.67421550392594,-10.854108783216407,-51.97417103949999
2026-03-11T20:28:34.673,76255,-843.0,883.0,15095.0,-142.0,-35.0,-193.0,1970.0,8942.0,-3274.0,-67.64537579671008,-10.916206729664198,-52.05065156859941
2026-03-11T20:28:34.679,76265,-1135.0,968.0,14639.0,-150.0,-67.0,-99.0,1958.0,8943.0,-3347.0,-67.68680506605408,-11.266006595452195,-51.16224122393786
2026-03-11T20:28:34.691,76275,-710.0,1008.0,16033.0,-178.0,-42.0,-174.0,1958.0,8943.0,-3347.0,-68.00551957137392,-11.401674052133549,-50.98062017581447
2026-03-11T20:28:34.698,76285,-1455.0,1089.0,14494.0,-155.0,-46.0,-136.0,1967.0,8952.0,-3311.0,-68.0784728075789,-11.510110475656072,-50.47659299463876
2026-03-11T20:28:34.709,76295,-852.0,1052.0,15872.0,-155.0,-46.0,-136.0,1967.0,8952.0,-3311.0,-68.16006271681394,-11.669389428070357,-49.98871973834097
2026-03-11T20:28:34.717,76305,-207.0,1165.0,17970.0,-164.0,-19.0,-136.0,1955.0,8943.0,-3282.0,-68.32987526004975,-11.609029842799679,-49.521076969623714
2026-03-11T20:28:34.727,76315,-462.0,1160.0,17290.0,-170.0,-18.0,-164.0,1955.0,8943.0,-3282.0,-68.55251239686228,-11.522705554810084,-49.30222253994063
2026-03-11T20:28:34.746,76325,-959.0,1505.0,17737.0,-129.0,-29.0,-147.0,1970.0,8962.0,-3326.0,-68.34866254962292,-11.514775807276916,-48.929613384192514
2026-03-11T20:28:34.747,76335,-717.0,1108.0,16372.0,-151.0,-27.0,-247.0,1970.0,8962.0,-3326.0,-68.38405579223746,-11.499042099732854,-49.519110232329304
2026-03-11T20:28:34.757,76345,-1084.0,904.0,14208.0,-159.0,-36.0,-192.0,1957.0,8944.0,-3283.0,-68.50176265524945,-11.534778034603736,-49.574661432471
2026-03-11T20:28:34.768,76355,-1102.0,1076.0,15230.0,-115.0,-29.0,-199.0,1957.0,8944.0,-3283.0,-68.17790272637033,-11.505716581987901,-49.74814695162637
2026-03-11T20:28:34.778,76365,-726.0,820.0,14833.0,-188.0,-4.0,-145.0,1965.0,8943.0,-3286.0,-68.59346041994269,-11.258845530091948,-49.31754934592142
2026-03-11T20:28:34.787,76375,-751.0,1088.0,16147.0,-188.0,-4.0,-208.0,1965.0,8943.0,-3286.0,-68.98689488104158,-11.019730569606159,-49.430911507284755
2026-03-11T20:28:34.797,76385,-1422.0,1308.0,15667.0,-180.0,-41.0,-208.0,1960.0,8942.0,-3298.0,-69.27570861106742,-11.097769908069017,-49.4778090677422
2026-03-11T20:28:34.807,76395,-793.0,993.0,15664.0,-137.0,-32.0,-176.0,1960.0,8942.0,-3298.0,-69.16024760952578,-11.131567210016984,-49.23989734898278
2026-03-11T20:28:34.817,76405,-1068.0,899.0,14527.0,-149.0,-7.0,-181.0,1965.0,8931.0,-3250.0,-69.16641825932489,-10.893601411449989,-49.09735902989783
2026-03-11T20:28:34.827,76415,-916.0,1119.0,15849.0,-159.0,-16.0,-227.0,1965.0,8931.0,-3250.0,-69.26051790743665,-10.766538187382569,-49.378073341147235
2026-03-11T20:28:34.837,76425,-989.0,792.0,14247.0,-181.0,-21.0,-146.0,1948.0,8941.0,-3308.0,-69.58547085467912,-10.6777095641284,-48.75738615704968
2026-03-11T20:28:34.847,76435,-985.0,1083.0,15742.0,-172.0,-30.0,-229.0,1948.0,8941.0,-3308.0,-69.80065007964417,-10.686715535933173,-48.917547170575936
2026-03-11T20:28:34.857,76445,-157.0,663.0,15445.0,-154.0,-69.0,-140.0,1964.0,8954.0,-3279.0,-69.86467709770947,-11.137543993771992,-48.26515158328384
2026-03-11T20:28:34.870,76455,-652.0,939.0,15703.0,-154.0,-49.0,-195.0,1964.0,8954.0,-3279.0,-69.90814217719526,-11.347525869576954,-48.16789428919511
2026-03-11T20:28:34.878,76465,-901.0,780.0,14322.0,-154.0,-49.0,-195.0,1950.0,8938.0,-3320.0,-69.95683245307025,-11.528886696535421,-48.0247096930741
2026-03-11T20:28:34.887,76475,-532.0,905.0,15650.0,-134.0,2.0,-177.0,1950.0,8938.0,-3320.0,-69.80470411403695,-11.239835042183213,-47.733942398254186
2026-03-11T20:28:34.897,76485,95.0,811.0,16898.0,-173.0,-13.0,-144.0,1959.0,8939.0,-3267.0,-70.0490553045682,-11.148873166612855,-47.15290752738963
2026-03-11T20:28:34.907,76495,-628.0,1103.0,16638.0,-133.0,-39.0,-206.0,1959.0,8939.0,-3267.0,-69.87561783790463,-11.264958330843752,-47.2252100514302
2026-03-11T20:28:34.917,76505,-1182.0,883.0,13990.0,-135.0,-20.0,-167.0,1966.0,8942.0,-3268.0,-69.72887509918016,-11.139262294302615,-46.945103970780465
2026-03-11T20:28:34.927,76515,-580.0,1007.0,16198.0,-163.0,-10.0,-191.0,1966.0,8942.0,-3268.0,-69.86054968835394,-10.973541858900303,-46.87749157342331
2026-03-11T20:28:34.940,76525,-357.0,1343.0,18412.0,-174.0,-76.0,-150.0,1952.0,8939.0,-3266.0,-70.08510158951513,-11.476713892689807,-46.40294178458822
2026-03-11T20:28:34.947,76535,-983.0,1234.0,16474.0,-124.0,-89.0,-223.0,1952.0,8939.0,-3266.0,-69.81292370533363,-12.051274406305247,-46.714782338190716
2026-03-11T20:28:34.958,76545,-877.0,1426.0,17465.0,-100.0,-73.0,-195.0,1964.0,8934.0,-3295.0,-69.30330944160073,-12.468345755349512,-46.81655457073368
2026-03-11T20:28:34.967,76555,-262.0,1061.0,17209.0,-100.0,-73.0,-195.0,1964.0,8934.0,-3295.0,-68.82668253285,-12.91696714698828,-47.00837531576377
2026-03-11T20:28:34.980,76565,97.0,703.0,16366.0,-123.0,-72.0,-193.0,1970.0,8938.0,-3285.0,-68.60635642566261,-13.371013219527676,-47.23314319285498
2026-03-11T20:28:34.995,76575,-282.0,938.0,16480.0,-188.0,-27.0,-184.0,1970.0,8938.0,-3285.0,-69.01147696948327,-13.348618037207427,-47.29410511943489
2026-03-11T20:28:34.997,76585,58.0,736.0,16550.0,-159.0,-65.0,-161.0,1972.0,8940.0,-3288.0,-69.1385206300394,-13.722657592375594,-47.12266295366068
2026-03-11T20:28:35.007,76595,-712.0,971.0,15810.0,-165.0,-41.0,-212.0,1972.0,8940.0,-3288.0,-69.30246001051754,-13.798530079472064,-47.41992223043734
2026-03-11T20:28:35.061,76605,80.0,706.0,16357.0,-149.0,-38.0,-148.0,1966.0,8936.0,-3278.0,-69.32718153961015,-13.900558747059113,-47.10196062520854
2026-03-11T20:28:35.062,76615,-483.0,821.0,15624.0,-169.0,-18.0,-194.0,1966.0,8936.0,-3278.0,-69.53667839690414,-13.76358280094999,-47.19770934388794
2026-03-11T20:28:35.062,76625,-8.0,730.0,16208.0,-180.0,-40.0,-121.0,1968.0,8939.0,-3310.0,-69.85836823548911,-13.879746112854878,-46.51559773003334
2026-03-11T20:28:35.062,76635,-123.0,1105.0,17918.0,-180.0,-40.0,-161.0,1968.0,8939.0,-3310.0,-70.15462183610036,-13.986299970894029,-46.201999492141354
2026-03-11T20:28:35.062,76645,-180.0,1161.0,18102.0,-144.0,-48.0,-161.0,1961.0,8965.0,-3346.0,-70.0893348419203,-14.165603121871937,-45.89512142752781
2026-03-11T20:28:35.067,76655,-842.0,1409.0,17378.0,-129.0,-23.0,-167.0,1961.0,8965.0,-3346.0,-69.85904064708244,-14.05239364740874,-45.69494249187232
2026-03-11T20:28:35.092,76665,-1028.0,1188.0,15933.0,-138.0,-16.0,-128.0,1964.0,8946.0,-3269.0,-69.72897562606218,-13.854517255661326,-45.21761930747061
2026-03-11T20:28:35.102,76675,-466.0,1290.0,17910.0,-173.0,2.0,-179.0,1964.0,8946.0,-3269.0,-69.94740176660055,-13.528095064745681,-45.200587366150856
2026-03-11T20:28:35.102,76685,-919.0,1320.0,16929.0,-114.0,-40.0,-140.0,1966.0,8940.0,-3249.0,-69.57648400541456,-13.587575199613852,-44.895656021263214
2026-03-11T20:28:35.107,76695,21.0,840.0,16823.0,-155.0,-7.0,-200.0,1966.0,8940.0,-3249.0,-69.64678435911351,-13.385852351201967,-45.15735912781908
2026-03-11T20:28:35.117,76705,-703.0,1108.0,16362.0,-173.0,-8.0,-145.0,1965.0,8931.0,-3251.0,-69.87176798439306,-13.147443130934,-44.83208488986764
2026-03-11T20:28:35.127,76715,-1386.0,1403.0,16396.0,-135.0,-36.0,-214.0,1965.0,8931.0,-3251.0,-69.69951530787964,-13.141006758275749,-45.20742723884633
2026-03-11T20:28:35.137,76725,-432.0,993.0,16437.0,-135.0,-36.0,-214.0,1962.0,8965.0,-3311.0,-69.55938142974794,-13.200931179409455,-45.54240546384944
2026-03-11T20:28:35.147,76735,-1155.0,1449.0,17089.0,-121.0,-35.0,-188.0,1962.0,8965.0,-3311.0,-69.25706188589682,-13.202856448590795,-45.66460587180549
2026-03-11T20:28:35.157,76745,-1600.0,1452.0,16158.0,-142.0,-38.0,-175.0,1955.0,8944.0,-3263.0,-69.16082153496777,-13.19854799099035,-45.712899864564925
2026-03-11T20:28:35.201,76755,-1266.0,993.0,14426.0,-172.0,-50.0,-175.0,1955.0,8944.0,-3263.0,-69.38445131868254,-13.324506090101563,-45.72560188642898
2026-03-11T20:28:35.210,76765,-624.0,1045.0,16451.0,-184.0,7.0,-179.0,1966.0,8963.0,-3340.0,-69.72726913988483,-12.946058574795416,-45.63512763654248
2026-03-11T20:28:35.210,76775,-1121.0,1236.0,16032.0,-149.0,5.0,-207.0,1966.0,8963.0,-3340.0,-69.70475288124261,-12.558378061067959,-45.80484617372821
2026-03-11T20:28:35.210,76785,-323.0,912.0,16353.0,-123.0,-27.0,-170.0,1955.0,8943.0,-3251.0,-69.45221672073247,-12.549214732849045,-45.73948690998017
2026-03-11T20:28:35.210,76795,-729.0,1172.0,16523.0,-164.0,-9.0,-226.0,1955.0,8943.0,-3251.0,-69.58922686225812,-12.336031508556337,-46.17862075171578
2026-03-11T20:28:35.223,76805,-415.0,731.0,15078.0,-164.0,-9.0,-192.0,1969.0,8950.0,-3257.0,-69.74913039172557,-12.146016153256472,-46.23512789521393
2026-03-11T20:28:35.227,76815,-574.0,1034.0,16358.0,-151.0,-47.0,-192.0,1969.0,8950.0,-3257.0,-69.76160994308817,-12.323582292085337,-46.29295081467568
2026-03-11T20:28:35.238,76825,-85.0,1211.0,18329.0,-146.0,-18.0,-164.0,1963.0,8959.0,-3345.0,-69.72157679382664,-12.24820810762477,-46.00031304935089
2026-03-11T20:28:35.248,76835,-744.0,1124.0,16486.0,-136.0,-40.0,-211.0,1963.0,8959.0,-3345.0,-69.58193852795642,-12.343684289588355,-46.196552655389524
2026-03-11T20:28:35.257,76845,-900.0,804.0,14393.0,-81.0,-46.0,-187.0,1969.0,8952.0,-3276.0,-68.92015480951159,-12.47616032035861,-46.33885045899401
2026-03-11T20:28:35.267,76855,-340.0,772.0,15616.0,-153.0,-14.0,-198.0,1969.0,8952.0,-3276.0,-68.9845477680962,-12.33892197873488,-46.56325157017264
2026-03-11T20:28:35.300,76865,-615.0,1043.0,16352.0,-163.0,-73.0,-141.0,1950.0,8949.0,-3326.0,-69.12926433127475,-12.76455314856741,-46.173908039131305
2026-03-11T20:28:35.306,76875,-170.0,714.0,15844.0,-161.0,-39.0,-207.0,1950.0,8949.0,-3326.0,-69.27287398595206,-12.87917978988641,-46.41053527872086
2026-03-11T20:28:35.306,76885,-95.0,1081.0,17888.0,-139.0,-8.0,-157.0,1947.0,8942.0,-3317.0,-69.18045113806394,-12.693921578403643,-46.176110153928754
2026-03-11T20:28:35.307,76895,-739.0,1189.0,16642.0,-139.0,-8.0,-157.0,1947.0,8942.0,-3317.0,-69.07731020620808,-12.467720468799156,-45.96336535821643
2026-03-11T20:28:35.317,76905,-516.0,1129.0,17049.0,-149.0,-44.0,-161.0,1965.0,8944.0,-3278.0,-69.08019107946343,-12.61497042574363,-45.843074249715364
2026-03-11T20:28:35.356,76915,-922.0,850.0,14428.0,-181.0,-75.0,-180.0,1965.0,8944.0,-3278.0,-69.40495561681281,-13.024668646592417,-45.86833445596683
2026-03-11T20:28:35.367,76925,-7.0,807.0,16531.0,-165.0,-26.0,-195.0,1975.0,8946.0,-3295.0,-69.57796028977599,-13.01849061649224,-45.98945763014587
2026-03-11T20:28:35.367,76935,-253.0,1030.0,17086.0,-159.0,-14.0,-227.0,1975.0,8946.0,-3295.0,-69.67560503982938,-12.878384703534183,-46.38705042001822
2026-03-11T20:28:35.367,76945,-333.0,1147.0,17509.0,-167.0,-53.0,-152.0,1962.0,8926.0,-3316.0,-69.84373207144682,-13.118472305255846,-46.00382985536454
2026-03-11T20:28:35.369,76955,-1473.0,1282.0,15316.0,-190.0,-53.0,-192.0,1962.0,8926.0,-3316.0,-70.21316356322936,-13.266014102866846,-45.962299419045365
2026-03-11T20:28:35.377,76965,-867.0,1084.0,15920.0,-149.0,-50.0,-133.0,1962.0,8948.0,-3252.0,-70.19119463093371,-13.428492815993533,-45.443742960048326
2026-03-11T20:28:35.392,76975,-145.0,803.0,16141.0,-149.0,-49.0,-188.0,1962.0,8948.0,-3252.0,-70.19060944641389,-13.629841807904494,-45.48106680593269
2026-03-11T20:28:35.397,76985,-1217.0,1154.0,15546.0,-149.0,-49.0,-188.0,1943.0,8936.0,-3318.0,-70.1620901637119,-13.74816556475054,-45.45490237084594
2026-03-11T20:28:35.407,76995,-704.0,759.0,14593.0,-147.0,-28.0,-188.0,1943.0,8936.0,-3318.0,-70.13990152770842,-13.69243791553232,-45.43172532710372
2026-03-11T20:28:35.417,77005,-564.0,1219.0,17269.0,-126.0,-29.0,-161.0,1967.0,8941.0,-3265.0,-69.89114850793706,-13.665470015146468,-45.24961529733256
2026-03-11T20:28:35.436,77015,-953.0,1307.0,16810.0,-156.0,-21.0,-190.0,1967.0,8941.0,-3265.0,-69.93320795585402,-13.533260178553453,-45.34034283249858
2026-03-11T20:28:35.437,77025,-838.0,1133.0,16151.0,-112.0,-35.0,-158.0,1961.0,8961.0,-3316.0,-69.551888771584,-13.546337398149987,-45.14366068697336
2026-03-11T20:28:35.447,77035,-889.0,1415.0,17448.0,-111.0,-36.0,-214.0,1961.0,8961.0,-3316.0,-69.15592232985475,-13.570065658632592,-45.55565965595896
2026-03-11T20:28:35.458,77045,-1395.0,1350.0,15882.0,-137.0,-52.0,-164.0,1963.0,8944.0,-3306.0,-69.01823247584872,-13.708229078487415,-45.50294030382267
2026-03-11T20:28:35.470,77055,-830.0,1072.0,15877.0,-131.0,-12.0,-226.0,1963.0,8944.0,-3306.0,-68.84441394438429,-13.49194980105265,-46.06339838348544
2026-03-11T20:28:35.477,77065,-491.0,1367.0,18376.0,-131.0,-12.0,-226.0,1959.0,8944.0,-3310.0,-68.66623714856848,-13.309183953359998,-46.61553194434974
2026-03-11T20:28:35.527,77075,-432.0,1008.0,16715.0,-164.0,-48.0,-184.0,1959.0,8944.0,-3310.0,-68.83109142266346,-13.483844291457597,-46.71948301324065
2026-03-11T20:28:35.529,77085,8.0,689.0,16244.0,-165.0,-59.0,-156.0,1957.0,8952.0,-3336.0,-69.02289394347349,-13.792931250043608,-46.508384353483315
2026-03-11T20:28:35.530,77095,-117.0,1136.0,17990.0,-163.0,-69.0,-183.0,1957.0,8952.0,-3336.0,-69.16757180626651,-14.18583495192236,-46.55369788006276
2026-03-11T20:28:35.530,77105,-1111.0,1193.0,15848.0,-189.0,-70.0,-143.0,1964.0,8941.0,-3282.0,-69.55032094049794,-14.508142333632094,-46.213472252910684
2026-03-11T20:28:35.530,77115,-588.0,1330.0,17725.0,-148.0,0.0,-199.0,1964.0,8941.0,-3282.0,-69.52389127517957,-14.180085858429665,-46.415372228061095
2026-03-11T20:28:35.537,77125,-889.0,1088.0,15811.0,-129.0,-15.0,-109.0,1945.0,8927.0,-3286.0,-69.31888384048762,-13.979272414156549,-45.770042996195
2026-03-11T20:28:35.547,77135,-306.0,1020.0,16883.0,-134.0,-13.0,-173.0,1945.0,8927.0,-3286.0,-69.17655880241371,-13.80635760566798,-45.7827338254272
2026-03-11T20:28:35.558,77145,-265.0,1121.0,17434.0,-155.0,-42.0,-188.0,1970.0,8945.0,-3267.0,-69.2384469549323,-13.924449555119905,-45.95581830700666
2026-03-11T20:28:35.567,77155,-1343.0,1105.0,14570.0,-155.0,-42.0,-188.0,1970.0,8945.0,-3267.0,-69.28593694867989,-13.952532541476463,-46.11341740988819
2026-03-11T20:28:35.577,77165,-798.0,1113.0,15974.0,-154.0,-31.0,-195.0,1954.0,8938.0,-3262.0,-69.3297045413128,-13.920221983885835,-46.323839165594386
2026-03-11T20:28:35.604,77175,-262.0,663.0,15332.0,-165.0,-27.0,-189.0,1954.0,8938.0,-3262.0,-69.51058860025898,-13.886855814906461,-46.43577456429169
2026-03-11T20:28:35.615,77185,-1001.0,1138.0,15900.0,-137.0,-71.0,-172.0,1969.0,8949.0,-3284.0,-69.38110059873088,-14.233054896453368,-46.39615442765052
2026-03-11T20:28:35.615,77195,-241.0,823.0,16296.0,-93.0,-33.0,-228.0,1969.0,8949.0,-3284.0,-68.84705532028406,-14.254869762861881,-46.97761874254854
2026-03-11T20:28:35.617,77205,-756.0,1084.0,16225.0,-96.0,-18.0,-133.0,1957.0,8945.0,-3287.0,-68.33446865268529,-14.092935805454598,-46.700687944649324
2026-03-11T20:28:35.653,77215,-66.0,990.0,17392.0,-149.0,-1.0,-170.0,1957.0,8945.0,-3287.0,-68.36282095834922,-13.816535562441821,-46.77641395256171
2026-03-11T20:28:35.668,77225,-93.0,1182.0,18402.0,-196.0,16.0,-147.0,1951.0,8936.0,-3301.0,-68.84286089399009,-13.377625583492643,-46.52150552913917
2026-03-11T20:28:35.668,77235,-241.0,1013.0,17191.0,-196.0,16.0,-212.0,1951.0,8936.0,-3301.0,-69.31935723762315,-12.937237387908297,-46.80249057540506
2026-03-11T20:28:35.668,77245,-630.0,1077.0,16451.0,-175.0,7.0,-212.0,1961.0,8953.0,-3319.0,-69.57305717315508,-12.566124215303384,-47.001537832199354
2026-03-11T20:28:35.668,77255,-32.0,888.0,16963.0,-162.0,-10.0,-189.0,1961.0,8953.0,-3319.0,-69.7092629378875,-12.410642967007432,-46.94303622580771
