plot,file,subject,exercise,set_id,set_start,set_end,iou_threshold,true_reps,predicted_reps,matched_reps,false_positives,false_negatives,precision,recall,f1,mean_matched_iou
artifacts_rep_classification/010_waveform_rep_accuracy_universal_periodic_gyro_valley/sets_all/001_haoyu0512workout_db_bench_press_set_0.png,datasets/workout/haoyu0512workout/haoyu0512workout_whole_session_20260512_165723.csv,haoyu0512workout,db_bench_press,0,359,19021,0.5,13,60,5,55,8,0.0833,0.3846,0.137,0.5837
artifacts_rep_classification/010_waveform_rep_accuracy_universal_periodic_gyro_valley/sets_all/002_haoyu0512workout_db_bench_press_set_1.png,datasets/workout/haoyu0512workout/haoyu0512workout_whole_session_20260512_165723.csv,haoyu0512workout,db_bench_press,1,19964,25106,0.5,12,12,12,0,0,1.0,1.0,1.0,0.7482
artifacts_rep_classification/010_waveform_rep_accuracy_universal_periodic_gyro_valley/sets_all/003_haoyu0512workout_db_bench_press_set_2.png,datasets/workout/haoyu0512workout/haoyu0512workout_whole_session_20260512_165723.csv,haoyu0512workout,db_bench_press,2,33305,38692,0.5,12,5,2,3,10,0.4,0.1667,0.2353,0.5595
artifacts_rep_classification/010_waveform_rep_accuracy_universal_periodic_gyro_valley/sets_all/004_haoyu0512workout_db_biceps_curl_set_0.png,datasets/workout/haoyu0512workout/haoyu0512workout_whole_session_20260512_165723.csv,haoyu0512workout,db_biceps_curl,0,297769,302173,0.5,12,12,10,2,2,0.8333,0.8333,0.8333,0.8158
artifacts_rep_classification/010_waveform_rep_accuracy_universal_periodic_gyro_valley/sets_all/005_haoyu0512workout_db_biceps_curl_set_1.png,datasets/workout/haoyu0512workout/haoyu0512workout_whole_session_20260512_165723.csv,haoyu0512workout,db_biceps_curl,1,313227,317714,0.5,12,11,9,2,3,0.8182,0.75,0.7826,0.88
artifacts_rep_classification/010_waveform_rep_accuracy_universal_periodic_gyro_valley/sets_all/006_haoyu0512workout_db_biceps_curl_set_2.png,datasets/workout/haoyu0512workout/haoyu0512workout_whole_session_20260512_165723.csv,haoyu0512workout,db_biceps_curl,2,336367,337025,0.5,1,16,0,16,1,0.0,0.0,0.0,0.0
artifacts_rep_classification/010_waveform_rep_accuracy_universal_periodic_gyro_valley/sets_all/007_haoyu0512workout_db_biceps_curl_set_3.png,datasets/workout/haoyu0512workout/haoyu0512workout_whole_session_20260512_165723.csv,haoyu0512workout,db_biceps_curl,3,339520,344004,0.5,12,12,8,4,4,0.6667,0.6667,0.6667,0.8237
artifacts_rep_classification/010_waveform_rep_accuracy_universal_periodic_gyro_valley/sets_all/008_haoyu0512workout_db_rdl_set_0.png,datasets/workout/haoyu0512workout/haoyu0512workout_whole_session_20260512_165723.csv,haoyu0512workout,db_rdl,0,123099,128661,0.5,12,12,12,0,0,1.0,1.0,1.0,0.7764
artifacts_rep_classification/010_waveform_rep_accuracy_universal_periodic_gyro_valley/sets_all/009_haoyu0512workout_db_rdl_set_1.png,datasets/workout/haoyu0512workout/haoyu0512workout_whole_session_20260512_165723.csv,haoyu0512workout,db_rdl,1,137920,142914,0.5,12,12,11,1,1,0.9167,0.9167,0.9167,0.771
artifacts_rep_classification/010_waveform_rep_accuracy_universal_periodic_gyro_valley/sets_all/010_haoyu0512workout_db_rdl_set_2.png,datasets/workout/haoyu0512workout/haoyu0512workout_whole_session_20260512_165723.csv,haoyu0512workout,db_rdl,2,156977,162782,0.5,12,13,12,1,0,0.9231,1.0,0.96,0.7823
artifacts_rep_classification/010_waveform_rep_accuracy_universal_periodic_gyro_valley/sets_all/011_haoyu0512workout_db_shoulder_press_set_0.png,datasets/workout/haoyu0512workout/haoyu0512workout_whole_session_20260512_165723.csv,haoyu0512workout,db_shoulder_press,0,246003,250953,0.5,12,13,11,2,1,0.8462,0.9167,0.88,0.7291
artifacts_rep_classification/010_waveform_rep_accuracy_universal_periodic_gyro_valley/sets_all/012_haoyu0512workout_db_shoulder_press_set_1.png,datasets/workout/haoyu0512workout/haoyu0512workout_whole_session_20260512_165723.csv,haoyu0512workout,db_shoulder_press,1,264367,268739,0.5,12,12,10,2,2,0.8333,0.8333,0.8333,0.7634
artifacts_rep_classification/010_waveform_rep_accuracy_universal_periodic_gyro_valley/sets_all/013_haoyu0512workout_db_shoulder_press_set_2.png,datasets/workout/haoyu0512workout/haoyu0512workout_whole_session_20260512_165723.csv,haoyu0512workout,db_shoulder_press,2,279757,284939,0.5,12,12,10,2,2,0.8333,0.8333,0.8333,0.7848
artifacts_rep_classification/010_waveform_rep_accuracy_universal_periodic_gyro_valley/sets_all/014_haoyu0512workout_db_squat_set_0.png,datasets/workout/haoyu0512workout/haoyu0512workout_whole_session_20260512_165723.csv,haoyu0512workout,db_squat,0,422448,426891,0.5,12,12,12,0,0,1.0,1.0,1.0,0.7575
artifacts_rep_classification/010_waveform_rep_accuracy_universal_periodic_gyro_valley/sets_all/015_haoyu0512workout_db_squat_set_1.png,datasets/workout/haoyu0512workout/haoyu0512workout_whole_session_20260512_165723.csv,haoyu0512workout,db_squat,1,438166,441973,0.5,12,12,12,0,0,1.0,1.0,1.0,0.8158
artifacts_rep_classification/010_waveform_rep_accuracy_universal_periodic_gyro_valley/sets_all/016_haoyu0512workout_db_squat_set_2.png,datasets/workout/haoyu0512workout/haoyu0512workout_whole_session_20260512_165723.csv,haoyu0512workout,db_squat,2,452861,456244,0.5,12,12,11,1,1,0.9167,0.9167,0.9167,0.7758
artifacts_rep_classification/010_waveform_rep_accuracy_universal_periodic_gyro_valley/sets_all/017_haoyu0512workout_db_triceps_curl_set_0.png,datasets/workout/haoyu0512workout/haoyu0512workout_whole_session_20260512_165723.csv,haoyu0512workout,db_triceps_curl,0,374608,379459,0.5,12,12,8,4,4,0.6667,0.6667,0.6667,0.854
artifacts_rep_classification/010_waveform_rep_accuracy_universal_periodic_gyro_valley/sets_all/018_haoyu0512workout_db_triceps_curl_set_1.png,datasets/workout/haoyu0512workout/haoyu0512workout_whole_session_20260512_165723.csv,haoyu0512workout,db_triceps_curl,1,386605,391293,0.5,12,12,11,1,1,0.9167,0.9167,0.9167,0.7792
artifacts_rep_classification/010_waveform_rep_accuracy_universal_periodic_gyro_valley/sets_all/019_haoyu0512workout_db_triceps_curl_set_2.png,datasets/workout/haoyu0512workout/haoyu0512workout_whole_session_20260512_165723.csv,haoyu0512workout,db_triceps_curl,2,400511,404826,0.5,12,12,11,1,1,0.9167,0.9167,0.9167,0.7989
artifacts_rep_classification/010_waveform_rep_accuracy_universal_periodic_gyro_valley/sets_all/020_haoyu0512workout_db_weighted_crunch_set_0.png,datasets/workout/haoyu0512workout/haoyu0512workout_whole_session_20260512_165723.csv,haoyu0512workout,db_weighted_crunch,0,180691,184913,0.5,12,12,12,0,0,1.0,1.0,1.0,0.8104
artifacts_rep_classification/010_waveform_rep_accuracy_universal_periodic_gyro_valley/sets_all/021_haoyu0512workout_db_weighted_crunch_set_1.png,datasets/workout/haoyu0512workout/haoyu0512workout_whole_session_20260512_165723.csv,haoyu0512workout,db_weighted_crunch,1,196014,200320,0.5,12,12,12,0,0,1.0,1.0,1.0,0.8993
artifacts_rep_classification/010_waveform_rep_accuracy_universal_periodic_gyro_valley/sets_all/022_haoyu0512workout_db_weighted_crunch_set_2.png,datasets/workout/haoyu0512workout/haoyu0512workout_whole_session_20260512_165723.csv,haoyu0512workout,db_weighted_crunch,2,210453,214473,0.5,12,12,12,0,0,1.0,1.0,1.0,0.8478
artifacts_rep_classification/010_waveform_rep_accuracy_universal_periodic_gyro_valley/sets_all/023_haoyu0512workout_one_arm_db_row_set_0.png,datasets/workout/haoyu0512workout/haoyu0512workout_whole_session_20260512_165723.csv,haoyu0512workout,one_arm_db_row,0,58038,63200,0.5,12,12,12,0,0,1.0,1.0,1.0,0.8042
artifacts_rep_classification/010_waveform_rep_accuracy_universal_periodic_gyro_valley/sets_all/024_haoyu0512workout_one_arm_db_row_set_1.png,datasets/workout/haoyu0512workout/haoyu0512workout_whole_session_20260512_165723.csv,haoyu0512workout,one_arm_db_row,1,73276,77738,0.5,12,12,12,0,0,1.0,1.0,1.0,0.8269
artifacts_rep_classification/010_waveform_rep_accuracy_universal_periodic_gyro_valley/sets_all/025_haoyu0512workout_one_arm_db_row_set_2.png,datasets/workout/haoyu0512workout/haoyu0512workout_whole_session_20260512_165723.csv,haoyu0512workout,one_arm_db_row,2,88648,92850,0.5,12,12,12,0,0,1.0,1.0,1.0,0.9173
artifacts_rep_classification/010_waveform_rep_accuracy_universal_periodic_gyro_valley/sets_all/026_hsianshun0514workout_db_bench_press_set_0.png,datasets/workout/hsianshun0514workout/hsianshun0514workout_whole_session_20260514_145843.csv,hsianshun0514workout,db_bench_press,0,107,5552,0.5,12,12,12,0,0,1.0,1.0,1.0,0.8086
artifacts_rep_classification/010_waveform_rep_accuracy_universal_periodic_gyro_valley/sets_all/027_hsianshun0514workout_db_bench_press_set_1.png,datasets/workout/hsianshun0514workout/hsianshun0514workout_whole_session_20260514_145843.csv,hsianshun0514workout,db_bench_press,1,13367,18859,0.5,12,2,0,2,12,0.0,0.0,0.0,0.0
artifacts_rep_classification/010_waveform_rep_accuracy_universal_periodic_gyro_valley/sets_all/028_hsianshun0514workout_db_bench_press_set_2.png,datasets/workout/hsianshun0514workout/hsianshun0514workout_whole_session_20260514_145843.csv,hsianshun0514workout,db_bench_press,2,25489,30740,0.5,12,11,11,0,1,1.0,0.9167,0.9565,0.8445
artifacts_rep_classification/010_waveform_rep_accuracy_universal_periodic_gyro_valley/sets_all/029_hsianshun0514workout_db_biceps_curl_set_0.png,datasets/workout/hsianshun0514workout/hsianshun0514workout_whole_session_20260514_145843.csv,hsianshun0514workout,db_biceps_curl,0,286569,290778,0.5,11,12,9,3,2,0.75,0.8182,0.7826,0.7426
artifacts_rep_classification/010_waveform_rep_accuracy_universal_periodic_gyro_valley/sets_all/030_hsianshun0514workout_db_biceps_curl_set_1.png,datasets/workout/hsianshun0514workout/hsianshun0514workout_whole_session_20260514_145843.csv,hsianshun0514workout,db_biceps_curl,1,321008,323537,0.5,7,8,6,2,1,0.75,0.8571,0.8,0.8871
artifacts_rep_classification/010_waveform_rep_accuracy_universal_periodic_gyro_valley/sets_all/031_hsianshun0514workout_db_biceps_curl_set_2.png,datasets/workout/hsianshun0514workout/hsianshun0514workout_whole_session_20260514_145843.csv,hsianshun0514workout,db_biceps_curl,2,367807,371139,0.5,11,23,7,16,4,0.3043,0.6364,0.4118,0.5929
artifacts_rep_classification/010_waveform_rep_accuracy_universal_periodic_gyro_valley/sets_all/032_hsianshun0514workout_db_rdl_set_0.png,datasets/workout/hsianshun0514workout/hsianshun0514workout_whole_session_20260514_145843.csv,hsianshun0514workout,db_rdl,0,112110,116226,0.5,12,12,12,0,0,1.0,1.0,1.0,0.8772
artifacts_rep_classification/010_waveform_rep_accuracy_universal_periodic_gyro_valley/sets_all/033_hsianshun0514workout_db_rdl_set_1.png,datasets/workout/hsianshun0514workout/hsianshun0514workout_whole_session_20260514_145843.csv,hsianshun0514workout,db_rdl,1,122863,126634,0.5,12,12,12,0,0,1.0,1.0,1.0,0.8901
artifacts_rep_classification/010_waveform_rep_accuracy_universal_periodic_gyro_valley/sets_all/034_hsianshun0514workout_db_rdl_set_2.png,datasets/workout/hsianshun0514workout/hsianshun0514workout_whole_session_20260514_145843.csv,hsianshun0514workout,db_rdl,2,134286,138028,0.5,12,12,12,0,0,1.0,1.0,1.0,0.9089
artifacts_rep_classification/010_waveform_rep_accuracy_universal_periodic_gyro_valley/sets_all/035_hsianshun0514workout_db_shoulder_press_set_1.png,datasets/workout/hsianshun0514workout/hsianshun0514workout_whole_session_20260514_145843.csv,hsianshun0514workout,db_shoulder_press,1,217070,221313,0.5,12,2,0,2,12,0.0,0.0,0.0,0.0
artifacts_rep_classification/010_waveform_rep_accuracy_universal_periodic_gyro_valley/sets_all/036_hsianshun0514workout_db_shoulder_press_set_2.png,datasets/workout/hsianshun0514workout/hsianshun0514workout_whole_session_20260514_145843.csv,hsianshun0514workout,db_shoulder_press,2,235168,238971,0.5,12,9,5,4,7,0.5556,0.4167,0.4762,0.5848
artifacts_rep_classification/010_waveform_rep_accuracy_universal_periodic_gyro_valley/sets_all/037_hsianshun0514workout_db_shoulder_press_set_3.png,datasets/workout/hsianshun0514workout/hsianshun0514workout_whole_session_20260514_145843.csv,hsianshun0514workout,db_shoulder_press,3,267342,271029,0.5,10,2,0,2,10,0.0,0.0,0.0,0.0
artifacts_rep_classification/010_waveform_rep_accuracy_universal_periodic_gyro_valley/sets_all/038_hsianshun0514workout_db_squat_set_0.png,datasets/workout/hsianshun0514workout/hsianshun0514workout_whole_session_20260514_145843.csv,hsianshun0514workout,db_squat,0,473497,476601,0.5,12,12,12,0,0,1.0,1.0,1.0,0.8301
artifacts_rep_classification/010_waveform_rep_accuracy_universal_periodic_gyro_valley/sets_all/039_hsianshun0514workout_db_squat_set_1.png,datasets/workout/hsianshun0514workout/hsianshun0514workout_whole_session_20260514_145843.csv,hsianshun0514workout,db_squat,1,486271,489324,0.5,12,12,12,0,0,1.0,1.0,1.0,0.8611
artifacts_rep_classification/010_waveform_rep_accuracy_universal_periodic_gyro_valley/sets_all/040_hsianshun0514workout_db_squat_set_2.png,datasets/workout/hsianshun0514workout/hsianshun0514workout_whole_session_20260514_145843.csv,hsianshun0514workout,db_squat,2,502284,505107,0.5,12,12,11,1,1,0.9167,0.9167,0.9167,0.8725
artifacts_rep_classification/010_waveform_rep_accuracy_universal_periodic_gyro_valley/sets_all/041_hsianshun0514workout_db_triceps_curl_set_0.png,datasets/workout/hsianshun0514workout/hsianshun0514workout_whole_session_20260514_145843.csv,hsianshun0514workout,db_triceps_curl,0,407676,410731,0.5,11,10,8,2,3,0.8,0.7273,0.7619,0.6722
artifacts_rep_classification/010_waveform_rep_accuracy_universal_periodic_gyro_valley/sets_all/042_hsianshun0514workout_db_triceps_curl_set_1.png,datasets/workout/hsianshun0514workout/hsianshun0514workout_whole_session_20260514_145843.csv,hsianshun0514workout,db_triceps_curl,1,430978,434589,0.5,12,12,12,0,0,1.0,1.0,1.0,0.8514
artifacts_rep_classification/010_waveform_rep_accuracy_universal_periodic_gyro_valley/sets_all/043_hsianshun0514workout_db_triceps_curl_set_2.png,datasets/workout/hsianshun0514workout/hsianshun0514workout_whole_session_20260514_145843.csv,hsianshun0514workout,db_triceps_curl,2,448600,451823,0.5,12,12,12,0,0,1.0,1.0,1.0,0.7292
artifacts_rep_classification/010_waveform_rep_accuracy_universal_periodic_gyro_valley/sets_all/044_hsianshun0514workout_db_weighted_crunch_set_0.png,datasets/workout/hsianshun0514workout/hsianshun0514workout_whole_session_20260514_145843.csv,hsianshun0514workout,db_weighted_crunch,0,164651,169003,0.5,12,10,10,0,2,1.0,0.8333,0.9091,0.8519
artifacts_rep_classification/010_waveform_rep_accuracy_universal_periodic_gyro_valley/sets_all/045_hsianshun0514workout_db_weighted_crunch_set_1.png,datasets/workout/hsianshun0514workout/hsianshun0514workout_whole_session_20260514_145843.csv,hsianshun0514workout,db_weighted_crunch,1,176284,176675,0.5,1,14,0,14,1,0.0,0.0,0.0,0.0
artifacts_rep_classification/010_waveform_rep_accuracy_universal_periodic_gyro_valley/sets_all/046_hsianshun0514workout_db_weighted_crunch_set_2.png,datasets/workout/hsianshun0514workout/hsianshun0514workout_whole_session_20260514_145843.csv,hsianshun0514workout,db_weighted_crunch,2,177652,182328,0.5,13,12,10,2,3,0.8333,0.7692,0.8,0.8152
artifacts_rep_classification/010_waveform_rep_accuracy_universal_periodic_gyro_valley/sets_all/047_hsianshun0514workout_db_weighted_crunch_set_3.png,datasets/workout/hsianshun0514workout/hsianshun0514workout_whole_session_20260514_145843.csv,hsianshun0514workout,db_weighted_crunch,3,191776,196184,0.5,12,13,10,3,2,0.7692,0.8333,0.8,0.8016
artifacts_rep_classification/010_waveform_rep_accuracy_universal_periodic_gyro_valley/sets_all/048_hsianshun0514workout_one_arm_db_row_set_0.png,datasets/workout/hsianshun0514workout/hsianshun0514workout_whole_session_20260514_145843.csv,hsianshun0514workout,one_arm_db_row,0,43208,46964,0.5,12,12,12,0,0,1.0,1.0,1.0,0.8366
artifacts_rep_classification/010_waveform_rep_accuracy_universal_periodic_gyro_valley/sets_all/049_hsianshun0514workout_one_arm_db_row_set_1.png,datasets/workout/hsianshun0514workout/hsianshun0514workout_whole_session_20260514_145843.csv,hsianshun0514workout,one_arm_db_row,1,55172,58391,0.5,12,12,12,0,0,1.0,1.0,1.0,0.8863
artifacts_rep_classification/010_waveform_rep_accuracy_universal_periodic_gyro_valley/sets_all/050_hsianshun0514workout_one_arm_db_row_set_2.png,datasets/workout/hsianshun0514workout/hsianshun0514workout_whole_session_20260514_145843.csv,hsianshun0514workout,one_arm_db_row,2,64750,67663,0.5,12,12,12,0,0,1.0,1.0,1.0,0.899
artifacts_rep_classification/010_waveform_rep_accuracy_universal_periodic_gyro_valley/sets_all/051_hsianshun0514workout_one_arm_db_row_set_3.png,datasets/workout/hsianshun0514workout/hsianshun0514workout_whole_session_20260514_145843.csv,hsianshun0514workout,one_arm_db_row,3,74827,77617,0.5,12,12,12,0,0,1.0,1.0,1.0,0.8585
artifacts_rep_classification/010_waveform_rep_accuracy_universal_periodic_gyro_valley/sets_all/052_kevin0509workout_db_bench_press_set_0.png,datasets/workout/kevin0509workout/kevin0509workout_whole_session_20260509_173017.csv,kevin0509workout,db_bench_press,0,617,4613,0.5,12,23,6,17,6,0.2609,0.5,0.3429,0.5662
artifacts_rep_classification/010_waveform_rep_accuracy_universal_periodic_gyro_valley/sets_all/053_kevin0509workout_db_bench_press_set_1.png,datasets/workout/kevin0509workout/kevin0509workout_whole_session_20260509_173017.csv,kevin0509workout,db_bench_press,1,11655,14978,0.5,12,25,7,18,5,0.28,0.5833,0.3784,0.5449
artifacts_rep_classification/010_waveform_rep_accuracy_universal_periodic_gyro_valley/sets_all/054_kevin0509workout_db_bench_press_set_2.png,datasets/workout/kevin0509workout/kevin0509workout_whole_session_20260509_173017.csv,kevin0509workout,db_bench_press,2,20890,24245,0.5,12,23,5,18,7,0.2174,0.4167,0.2857,0.6269
artifacts_rep_classification/010_waveform_rep_accuracy_universal_periodic_gyro_valley/sets_all/055_kevin0509workout_db_biceps_curl_set_0.png,datasets/workout/kevin0509workout/kevin0509workout_whole_session_20260509_173017.csv,kevin0509workout,db_biceps_curl,0,226852,230829,0.5,12,12,12,0,0,1.0,1.0,1.0,0.9517
artifacts_rep_classification/010_waveform_rep_accuracy_universal_periodic_gyro_valley/sets_all/056_kevin0509workout_db_biceps_curl_set_1.png,datasets/workout/kevin0509workout/kevin0509workout_whole_session_20260509_173017.csv,kevin0509workout,db_biceps_curl,1,240317,244169,0.5,12,12,12,0,0,1.0,1.0,1.0,0.8663
artifacts_rep_classification/010_waveform_rep_accuracy_universal_periodic_gyro_valley/sets_all/057_kevin0509workout_db_biceps_curl_set_2.png,datasets/workout/kevin0509workout/kevin0509workout_whole_session_20260509_173017.csv,kevin0509workout,db_biceps_curl,2,253518,258055,0.5,12,2,0,2,12,0.0,0.0,0.0,0.0
artifacts_rep_classification/010_waveform_rep_accuracy_universal_periodic_gyro_valley/sets_all/058_kevin0509workout_db_rdl_set_0.png,datasets/workout/kevin0509workout/kevin0509workout_whole_session_20260509_173017.csv,kevin0509workout,db_rdl,0,86297,90269,0.5,12,11,6,5,6,0.5455,0.5,0.5217,0.6489
artifacts_rep_classification/010_waveform_rep_accuracy_universal_periodic_gyro_valley/sets_all/059_kevin0509workout_db_rdl_set_1.png,datasets/workout/kevin0509workout/kevin0509workout_whole_session_20260509_173017.csv,kevin0509workout,db_rdl,1,96504,100510,0.5,12,12,11,1,1,0.9167,0.9167,0.9167,0.588
artifacts_rep_classification/010_waveform_rep_accuracy_universal_periodic_gyro_valley/sets_all/060_kevin0509workout_db_rdl_set_2.png,datasets/workout/kevin0509workout/kevin0509workout_whole_session_20260509_173017.csv,kevin0509workout,db_rdl,2,108375,112103,0.5,12,12,11,1,1,0.9167,0.9167,0.9167,0.6844
artifacts_rep_classification/010_waveform_rep_accuracy_universal_periodic_gyro_valley/sets_all/061_kevin0509workout_db_shoulder_press_set_0.png,datasets/workout/kevin0509workout/kevin0509workout_whole_session_20260509_173017.csv,kevin0509workout,db_shoulder_press,0,180405,181174,0.5,3,7,1,6,2,0.1429,0.3333,0.2,0.5779
artifacts_rep_classification/010_waveform_rep_accuracy_universal_periodic_gyro_valley/sets_all/062_kevin0509workout_db_shoulder_press_set_1.png,datasets/workout/kevin0509workout/kevin0509workout_whole_session_20260509_173017.csv,kevin0509workout,db_shoulder_press,1,188153,190943,0.5,12,12,10,2,2,0.8333,0.8333,0.8333,0.7402
artifacts_rep_classification/010_waveform_rep_accuracy_universal_periodic_gyro_valley/sets_all/063_kevin0509workout_db_shoulder_press_set_2.png,datasets/workout/kevin0509workout/kevin0509workout_whole_session_20260509_173017.csv,kevin0509workout,db_shoulder_press,2,198200,201408,0.5,12,12,10,2,2,0.8333,0.8333,0.8333,0.6581
artifacts_rep_classification/010_waveform_rep_accuracy_universal_periodic_gyro_valley/sets_all/064_kevin0509workout_db_shoulder_press_set_3.png,datasets/workout/kevin0509workout/kevin0509workout_whole_session_20260509_173017.csv,kevin0509workout,db_shoulder_press,3,211264,214474,0.5,12,12,6,6,6,0.5,0.5,0.5,0.6475
artifacts_rep_classification/010_waveform_rep_accuracy_universal_periodic_gyro_valley/sets_all/065_kevin0509workout_db_squat_set_0.png,datasets/workout/kevin0509workout/kevin0509workout_whole_session_20260509_173017.csv,kevin0509workout,db_squat,0,319879,324164,0.5,12,12,12,0,0,1.0,1.0,1.0,0.8456
artifacts_rep_classification/010_waveform_rep_accuracy_universal_periodic_gyro_valley/sets_all/066_kevin0509workout_db_squat_set_1.png,datasets/workout/kevin0509workout/kevin0509workout_whole_session_20260509_173017.csv,kevin0509workout,db_squat,1,330751,334667,0.5,12,11,6,5,6,0.5455,0.5,0.5217,0.7378
artifacts_rep_classification/010_waveform_rep_accuracy_universal_periodic_gyro_valley/sets_all/067_kevin0509workout_db_squat_set_2.png,datasets/workout/kevin0509workout/kevin0509workout_whole_session_20260509_173017.csv,kevin0509workout,db_squat,2,344338,347939,0.5,12,12,12,0,0,1.0,1.0,1.0,0.8375
artifacts_rep_classification/010_waveform_rep_accuracy_universal_periodic_gyro_valley/sets_all/068_kevin0509workout_db_triceps_curl_set_0.png,datasets/workout/kevin0509workout/kevin0509workout_whole_session_20260509_173017.csv,kevin0509workout,db_triceps_curl,0,270488,275619,0.5,12,12,12,0,0,1.0,1.0,1.0,0.942
artifacts_rep_classification/010_waveform_rep_accuracy_universal_periodic_gyro_valley/sets_all/069_kevin0509workout_db_triceps_curl_set_1.png,datasets/workout/kevin0509workout/kevin0509workout_whole_session_20260509_173017.csv,kevin0509workout,db_triceps_curl,1,288843,293134,0.5,12,12,12,0,0,1.0,1.0,1.0,0.8665
artifacts_rep_classification/010_waveform_rep_accuracy_universal_periodic_gyro_valley/sets_all/070_kevin0509workout_db_triceps_curl_set_2.png,datasets/workout/kevin0509workout/kevin0509workout_whole_session_20260509_173017.csv,kevin0509workout,db_triceps_curl,2,302705,307002,0.5,13,13,9,4,4,0.6923,0.6923,0.6923,0.8392
artifacts_rep_classification/010_waveform_rep_accuracy_universal_periodic_gyro_valley/sets_all/071_kevin0509workout_db_weighted_crunch_set_0.png,datasets/workout/kevin0509workout/kevin0509workout_whole_session_20260509_173017.csv,kevin0509workout,db_weighted_crunch,0,133307,136582,0.5,12,12,8,4,4,0.6667,0.6667,0.6667,0.8623
artifacts_rep_classification/010_waveform_rep_accuracy_universal_periodic_gyro_valley/sets_all/072_kevin0509workout_db_weighted_crunch_set_1.png,datasets/workout/kevin0509workout/kevin0509workout_whole_session_20260509_173017.csv,kevin0509workout,db_weighted_crunch,1,145338,148353,0.5,12,12,12,0,0,1.0,1.0,1.0,0.7682
artifacts_rep_classification/010_waveform_rep_accuracy_universal_periodic_gyro_valley/sets_all/073_kevin0509workout_db_weighted_crunch_set_2.png,datasets/workout/kevin0509workout/kevin0509workout_whole_session_20260509_173017.csv,kevin0509workout,db_weighted_crunch,2,159207,162079,0.5,12,13,12,1,0,0.9231,1.0,0.96,0.7641
artifacts_rep_classification/010_waveform_rep_accuracy_universal_periodic_gyro_valley/sets_all/074_kevin0509workout_one_arm_db_row_set_0.png,datasets/workout/kevin0509workout/kevin0509workout_whole_session_20260509_173017.csv,kevin0509workout,one_arm_db_row,0,42995,45075,0.5,8,8,7,1,1,0.875,0.875,0.875,0.6936
artifacts_rep_classification/010_waveform_rep_accuracy_universal_periodic_gyro_valley/sets_all/075_kevin0509workout_one_arm_db_row_set_1.png,datasets/workout/kevin0509workout/kevin0509workout_whole_session_20260509_173017.csv,kevin0509workout,one_arm_db_row,1,46759,50010,0.5,12,12,12,0,0,1.0,1.0,1.0,0.9057
artifacts_rep_classification/010_waveform_rep_accuracy_universal_periodic_gyro_valley/sets_all/076_kevin0509workout_one_arm_db_row_set_2.png,datasets/workout/kevin0509workout/kevin0509workout_whole_session_20260509_173017.csv,kevin0509workout,one_arm_db_row,2,56767,60017,0.5,12,12,10,2,2,0.8333,0.8333,0.8333,0.9048
artifacts_rep_classification/010_waveform_rep_accuracy_universal_periodic_gyro_valley/sets_all/077_kevin0509workout_one_arm_db_row_set_3.png,datasets/workout/kevin0509workout/kevin0509workout_whole_session_20260509_173017.csv,kevin0509workout,one_arm_db_row,3,66229,69230,0.5,12,12,12,0,0,1.0,1.0,1.0,0.8438
artifacts_rep_classification/010_waveform_rep_accuracy_universal_periodic_gyro_valley/sets_all/078_thomas0506_db_bench_press_set_0.png,datasets/workout/thomas0506workout/thomas0506_whole_session_20260506_154720.csv,thomas0506,db_bench_press,0,331,3250,0.5,13,13,11,2,2,0.8462,0.8462,0.8462,0.7754
artifacts_rep_classification/010_waveform_rep_accuracy_universal_periodic_gyro_valley/sets_all/079_thomas0506_db_bench_press_set_1.png,datasets/workout/thomas0506workout/thomas0506_whole_session_20260506_154720.csv,thomas0506,db_bench_press,1,8982,11826,0.5,13,13,13,0,0,1.0,1.0,1.0,0.9128
artifacts_rep_classification/010_waveform_rep_accuracy_universal_periodic_gyro_valley/sets_all/080_thomas0506_db_bench_press_set_2.png,datasets/workout/thomas0506workout/thomas0506_whole_session_20260506_154720.csv,thomas0506,db_bench_press,2,17832,20791,0.5,13,13,11,2,2,0.8462,0.8462,0.8462,0.8893
artifacts_rep_classification/010_waveform_rep_accuracy_universal_periodic_gyro_valley/sets_all/081_thomas0506_db_biceps_curl_set_0.png,datasets/workout/thomas0506workout/thomas0506_whole_session_20260506_154720.csv,thomas0506,db_biceps_curl,0,170759,174439,0.5,12,13,2,11,10,0.1538,0.1667,0.16,0.5625
artifacts_rep_classification/010_waveform_rep_accuracy_universal_periodic_gyro_valley/sets_all/082_thomas0506_db_biceps_curl_set_1.png,datasets/workout/thomas0506workout/thomas0506_whole_session_20260506_154720.csv,thomas0506,db_biceps_curl,1,179591,182945,0.5,12,11,5,6,7,0.4545,0.4167,0.4348,0.7151
artifacts_rep_classification/010_waveform_rep_accuracy_universal_periodic_gyro_valley/sets_all/083_thomas0506_db_biceps_curl_set_2.png,datasets/workout/thomas0506workout/thomas0506_whole_session_20260506_154720.csv,thomas0506,db_biceps_curl,2,188012,191311,0.5,12,13,3,10,9,0.2308,0.25,0.24,0.8335
artifacts_rep_classification/010_waveform_rep_accuracy_universal_periodic_gyro_valley/sets_all/084_thomas0506_db_rdl_set_0.png,datasets/workout/thomas0506workout/thomas0506_whole_session_20260506_154720.csv,thomas0506,db_rdl,0,72001,75392,0.5,12,12,12,0,0,1.0,1.0,1.0,0.7635
artifacts_rep_classification/010_waveform_rep_accuracy_universal_periodic_gyro_valley/sets_all/085_thomas0506_db_rdl_set_1.png,datasets/workout/thomas0506workout/thomas0506_whole_session_20260506_154720.csv,thomas0506,db_rdl,1,81129,84171,0.5,12,12,12,0,0,1.0,1.0,1.0,0.7679
artifacts_rep_classification/010_waveform_rep_accuracy_universal_periodic_gyro_valley/sets_all/086_thomas0506_db_rdl_set_2.png,datasets/workout/thomas0506workout/thomas0506_whole_session_20260506_154720.csv,thomas0506,db_rdl,2,91062,93890,0.5,12,12,10,2,2,0.8333,0.8333,0.8333,0.6875
artifacts_rep_classification/010_waveform_rep_accuracy_universal_periodic_gyro_valley/sets_all/087_thomas0506_db_shoulder_press_set_0.png,datasets/workout/thomas0506workout/thomas0506_whole_session_20260506_154720.csv,thomas0506,db_shoulder_press,0,145533,148423,0.5,12,12,8,4,4,0.6667,0.6667,0.6667,0.7469
artifacts_rep_classification/010_waveform_rep_accuracy_universal_periodic_gyro_valley/sets_all/088_thomas0506_db_shoulder_press_set_1.png,datasets/workout/thomas0506workout/thomas0506_whole_session_20260506_154720.csv,thomas0506,db_shoulder_press,1,153865,156590,0.5,12,13,6,7,6,0.4615,0.5,0.48,0.7836
artifacts_rep_classification/010_waveform_rep_accuracy_universal_periodic_gyro_valley/sets_all/089_thomas0506_db_shoulder_press_set_2.png,datasets/workout/thomas0506workout/thomas0506_whole_session_20260506_154720.csv,thomas0506,db_shoulder_press,2,162461,165141,0.5,12,11,6,5,6,0.5455,0.5,0.5217,0.8141
artifacts_rep_classification/010_waveform_rep_accuracy_universal_periodic_gyro_valley/sets_all/090_thomas0506_db_squat_set_0.png,datasets/workout/thomas0506workout/thomas0506_whole_session_20260506_154720.csv,thomas0506,db_squat,0,239165,263525,0.5,24,36,24,12,0,0.6667,1.0,0.8,0.8481
artifacts_rep_classification/010_waveform_rep_accuracy_universal_periodic_gyro_valley/sets_all/091_thomas0506_db_squat_set_1.png,datasets/workout/thomas0506workout/thomas0506_whole_session_20260506_154720.csv,thomas0506,db_squat,1,249886,273221,0.5,24,12,12,0,12,1.0,0.5,0.6667,0.8048
artifacts_rep_classification/010_waveform_rep_accuracy_universal_periodic_gyro_valley/sets_all/092_thomas0506_db_squat_set_2.png,datasets/workout/thomas0506workout/thomas0506_whole_session_20260506_154720.csv,thomas0506,db_squat,2,278667,281342,0.5,12,12,12,0,0,1.0,1.0,1.0,0.8267
artifacts_rep_classification/010_waveform_rep_accuracy_universal_periodic_gyro_valley/sets_all/093_thomas0506_db_triceps_curl_set_0.png,datasets/workout/thomas0506workout/thomas0506_whole_session_20260506_154720.csv,thomas0506,db_triceps_curl,0,199904,203350,0.5,12,12,12,0,0,1.0,1.0,1.0,0.9202
artifacts_rep_classification/010_waveform_rep_accuracy_universal_periodic_gyro_valley/sets_all/094_thomas0506_db_triceps_curl_set_1.png,datasets/workout/thomas0506workout/thomas0506_whole_session_20260506_154720.csv,thomas0506,db_triceps_curl,1,210786,213763,0.5,12,12,12,0,0,1.0,1.0,1.0,0.9442
artifacts_rep_classification/010_waveform_rep_accuracy_universal_periodic_gyro_valley/sets_all/095_thomas0506_db_triceps_curl_set_2.png,datasets/workout/thomas0506workout/thomas0506_whole_session_20260506_154720.csv,thomas0506,db_triceps_curl,2,219440,222568,0.5,12,11,8,3,4,0.7273,0.6667,0.6957,0.8275
artifacts_rep_classification/010_waveform_rep_accuracy_universal_periodic_gyro_valley/sets_all/096_thomas0506_db_weighted_crunch_set_0.png,datasets/workout/thomas0506workout/thomas0506_whole_session_20260506_154720.csv,thomas0506,db_weighted_crunch,0,105224,108641,0.5,12,6,4,2,8,0.6667,0.3333,0.4444,0.5564
artifacts_rep_classification/010_waveform_rep_accuracy_universal_periodic_gyro_valley/sets_all/097_thomas0506_db_weighted_crunch_set_1.png,datasets/workout/thomas0506workout/thomas0506_whole_session_20260506_154720.csv,thomas0506,db_weighted_crunch,1,114252,118818,0.5,17,17,13,4,4,0.7647,0.7647,0.7647,0.7952
artifacts_rep_classification/010_waveform_rep_accuracy_universal_periodic_gyro_valley/sets_all/098_thomas0506_db_weighted_crunch_set_2.png,datasets/workout/thomas0506workout/thomas0506_whole_session_20260506_154720.csv,thomas0506,db_weighted_crunch,2,125153,128244,0.5,12,13,6,7,6,0.4615,0.5,0.48,0.7424
artifacts_rep_classification/010_waveform_rep_accuracy_universal_periodic_gyro_valley/sets_all/099_thomas0506_one_arm_db_row_set_0.png,datasets/workout/thomas0506workout/thomas0506_whole_session_20260506_154720.csv,thomas0506,one_arm_db_row,0,34027,37006,0.5,13,6,1,5,12,0.1667,0.0769,0.1053,0.5023
artifacts_rep_classification/010_waveform_rep_accuracy_universal_periodic_gyro_valley/sets_all/100_thomas0506_one_arm_db_row_set_1.png,datasets/workout/thomas0506workout/thomas0506_whole_session_20260506_154720.csv,thomas0506,one_arm_db_row,1,42399,45435,0.5,13,13,13,0,0,1.0,1.0,1.0,0.839
artifacts_rep_classification/010_waveform_rep_accuracy_universal_periodic_gyro_valley/sets_all/101_thomas0506_one_arm_db_row_set_2.png,datasets/workout/thomas0506workout/thomas0506_whole_session_20260506_154720.csv,thomas0506,one_arm_db_row,2,54832,57623,0.5,12,11,6,5,6,0.5455,0.5,0.5217,0.7255
artifacts_rep_classification/010_waveform_rep_accuracy_universal_periodic_gyro_valley/sets_all/102_yentsen0515workout_db_bench_press_set_0.png,datasets/workout/tsenyu0515workout/tsenyu0515workout_whole_session_20260515_200226.csv,yentsen0515workout,db_bench_press,0,125,4678,0.5,12,12,12,0,0,1.0,1.0,1.0,0.8258
artifacts_rep_classification/010_waveform_rep_accuracy_universal_periodic_gyro_valley/sets_all/103_yentsen0515workout_db_bench_press_set_1.png,datasets/workout/tsenyu0515workout/tsenyu0515workout_whole_session_20260515_200226.csv,yentsen0515workout,db_bench_press,1,27570,33238,0.5,12,6,3,3,9,0.5,0.25,0.3333,0.6761
artifacts_rep_classification/010_waveform_rep_accuracy_universal_periodic_gyro_valley/sets_all/104_yentsen0515workout_db_bench_press_set_2.png,datasets/workout/tsenyu0515workout/tsenyu0515workout_whole_session_20260515_200226.csv,yentsen0515workout,db_bench_press,2,42227,48087,0.5,12,4,0,4,12,0.0,0.0,0.0,0.0
artifacts_rep_classification/010_waveform_rep_accuracy_universal_periodic_gyro_valley/sets_all/105_yentsen0515workout_db_biceps_curl_set_0.png,datasets/workout/tsenyu0515workout/tsenyu0515workout_whole_session_20260515_200226.csv,yentsen0515workout,db_biceps_curl,0,351600,358175,0.5,12,12,4,8,8,0.3333,0.3333,0.3333,0.7757
artifacts_rep_classification/010_waveform_rep_accuracy_universal_periodic_gyro_valley/sets_all/106_yentsen0515workout_db_biceps_curl_set_1.png,datasets/workout/tsenyu0515workout/tsenyu0515workout_whole_session_20260515_200226.csv,yentsen0515workout,db_biceps_curl,1,366571,372130,0.5,11,11,2,9,9,0.1818,0.1818,0.1818,0.753
artifacts_rep_classification/010_waveform_rep_accuracy_universal_periodic_gyro_valley/sets_all/107_yentsen0515workout_db_biceps_curl_set_2.png,datasets/workout/tsenyu0515workout/tsenyu0515workout_whole_session_20260515_200226.csv,yentsen0515workout,db_biceps_curl,2,399016,405182,0.5,12,12,9,3,3,0.75,0.75,0.75,0.8279
artifacts_rep_classification/010_waveform_rep_accuracy_universal_periodic_gyro_valley/sets_all/108_yentsen0515workout_db_rdl_set_0.png,datasets/workout/tsenyu0515workout/tsenyu0515workout_whole_session_20260515_200226.csv,yentsen0515workout,db_rdl,0,141125,148948,0.5,12,12,6,6,6,0.5,0.5,0.5,0.6248
artifacts_rep_classification/010_waveform_rep_accuracy_universal_periodic_gyro_valley/sets_all/109_yentsen0515workout_db_rdl_set_1.png,datasets/workout/tsenyu0515workout/tsenyu0515workout_whole_session_20260515_200226.csv,yentsen0515workout,db_rdl,1,163722,172447,0.5,12,12,8,4,4,0.6667,0.6667,0.6667,0.7195
artifacts_rep_classification/010_waveform_rep_accuracy_universal_periodic_gyro_valley/sets_all/110_yentsen0515workout_db_rdl_set_2.png,datasets/workout/tsenyu0515workout/tsenyu0515workout_whole_session_20260515_200226.csv,yentsen0515workout,db_rdl,2,187841,192894,0.5,7,12,5,7,2,0.4167,0.7143,0.5263,0.6851
artifacts_rep_classification/010_waveform_rep_accuracy_universal_periodic_gyro_valley/sets_all/111_yentsen0515workout_db_rdl_set_3.png,datasets/workout/tsenyu0515workout/tsenyu0515workout_whole_session_20260515_200226.csv,yentsen0515workout,db_rdl,3,212309,220066,0.5,12,12,7,5,5,0.5833,0.5833,0.5833,0.6935
artifacts_rep_classification/010_waveform_rep_accuracy_universal_periodic_gyro_valley/sets_all/112_yentsen0515workout_db_shoulder_press_set_0.png,datasets/workout/tsenyu0515workout/tsenyu0515workout_whole_session_20260515_200226.csv,yentsen0515workout,db_shoulder_press,0,294985,300580,0.5,12,12,11,1,1,0.9167,0.9167,0.9167,0.6943
artifacts_rep_classification/010_waveform_rep_accuracy_universal_periodic_gyro_valley/sets_all/113_yentsen0515workout_db_shoulder_press_set_1.png,datasets/workout/tsenyu0515workout/tsenyu0515workout_whole_session_20260515_200226.csv,yentsen0515workout,db_shoulder_press,1,307673,313393,0.5,12,11,11,0,1,1.0,0.9167,0.9565,0.7566
artifacts_rep_classification/010_waveform_rep_accuracy_universal_periodic_gyro_valley/sets_all/114_yentsen0515workout_db_shoulder_press_set_2.png,datasets/workout/tsenyu0515workout/tsenyu0515workout_whole_session_20260515_200226.csv,yentsen0515workout,db_shoulder_press,2,324765,330324,0.5,12,11,8,3,4,0.7273,0.6667,0.6957,0.833
artifacts_rep_classification/010_waveform_rep_accuracy_universal_periodic_gyro_valley/sets_all/115_yentsen0515workout_db_squat_set_0.png,datasets/workout/tsenyu0515workout/tsenyu0515workout_whole_session_20260515_200226.csv,yentsen0515workout,db_squat,0,469391,470005,0.5,2,6,0,6,2,0.0,0.0,0.0,0.0
artifacts_rep_classification/010_waveform_rep_accuracy_universal_periodic_gyro_valley/sets_all/116_yentsen0515workout_db_squat_set_1.png,datasets/workout/tsenyu0515workout/tsenyu0515workout_whole_session_20260515_200226.csv,yentsen0515workout,db_squat,1,470717,475703,0.5,12,5,2,3,10,0.4,0.1667,0.2353,0.5418
artifacts_rep_classification/010_waveform_rep_accuracy_universal_periodic_gyro_valley/sets_all/117_yentsen0515workout_db_squat_set_2.png,datasets/workout/tsenyu0515workout/tsenyu0515workout_whole_session_20260515_200226.csv,yentsen0515workout,db_squat,2,493921,498984,0.5,12,6,4,2,8,0.6667,0.3333,0.4444,0.5473
artifacts_rep_classification/010_waveform_rep_accuracy_universal_periodic_gyro_valley/sets_all/118_yentsen0515workout_db_squat_set_3.png,datasets/workout/tsenyu0515workout/tsenyu0515workout_whole_session_20260515_200226.csv,yentsen0515workout,db_squat,3,509317,513573,0.5,12,12,12,0,0,1.0,1.0,1.0,0.7623
artifacts_rep_classification/010_waveform_rep_accuracy_universal_periodic_gyro_valley/sets_all/119_yentsen0515workout_db_triceps_curl_set_0.png,datasets/workout/tsenyu0515workout/tsenyu0515workout_whole_session_20260515_200226.csv,yentsen0515workout,db_triceps_curl,0,420658,425210,0.5,12,12,8,4,4,0.6667,0.6667,0.6667,0.7419
artifacts_rep_classification/010_waveform_rep_accuracy_universal_periodic_gyro_valley/sets_all/120_yentsen0515workout_db_triceps_curl_set_1.png,datasets/workout/tsenyu0515workout/tsenyu0515workout_whole_session_20260515_200226.csv,yentsen0515workout,db_triceps_curl,1,433521,438120,0.5,12,12,3,9,9,0.25,0.25,0.25,0.7053
artifacts_rep_classification/010_waveform_rep_accuracy_universal_periodic_gyro_valley/sets_all/121_yentsen0515workout_db_triceps_curl_set_2.png,datasets/workout/tsenyu0515workout/tsenyu0515workout_whole_session_20260515_200226.csv,yentsen0515workout,db_triceps_curl,2,445503,450279,0.5,12,12,7,5,5,0.5833,0.5833,0.5833,0.7311
artifacts_rep_classification/010_waveform_rep_accuracy_universal_periodic_gyro_valley/sets_all/122_yentsen0515workout_db_weighted_crunch_set_0.png,datasets/workout/tsenyu0515workout/tsenyu0515workout_whole_session_20260515_200226.csv,yentsen0515workout,db_weighted_crunch,0,231859,235773,0.5,12,12,9,3,3,0.75,0.75,0.75,0.8839
artifacts_rep_classification/010_waveform_rep_accuracy_universal_periodic_gyro_valley/sets_all/123_yentsen0515workout_db_weighted_crunch_set_1.png,datasets/workout/tsenyu0515workout/tsenyu0515workout_whole_session_20260515_200226.csv,yentsen0515workout,db_weighted_crunch,1,249585,253530,0.5,12,12,12,0,0,1.0,1.0,1.0,0.8469
artifacts_rep_classification/010_waveform_rep_accuracy_universal_periodic_gyro_valley/sets_all/124_yentsen0515workout_db_weighted_crunch_set_2.png,datasets/workout/tsenyu0515workout/tsenyu0515workout_whole_session_20260515_200226.csv,yentsen0515workout,db_weighted_crunch,2,260097,264024,0.5,12,12,12,0,0,1.0,1.0,1.0,0.9019
artifacts_rep_classification/010_waveform_rep_accuracy_universal_periodic_gyro_valley/sets_all/125_yentsen0515workout_one_arm_db_row_set_0.png,datasets/workout/tsenyu0515workout/tsenyu0515workout_whole_session_20260515_200226.csv,yentsen0515workout,one_arm_db_row,0,73026,78313,0.5,12,13,12,1,0,0.9231,1.0,0.96,0.8526
artifacts_rep_classification/010_waveform_rep_accuracy_universal_periodic_gyro_valley/sets_all/126_yentsen0515workout_one_arm_db_row_set_1.png,datasets/workout/tsenyu0515workout/tsenyu0515workout_whole_session_20260515_200226.csv,yentsen0515workout,one_arm_db_row,1,89676,95111,0.5,12,11,10,1,2,0.9091,0.8333,0.8696,0.819
artifacts_rep_classification/010_waveform_rep_accuracy_universal_periodic_gyro_valley/sets_all/127_yentsen0515workout_one_arm_db_row_set_2.png,datasets/workout/tsenyu0515workout/tsenyu0515workout_whole_session_20260515_200226.csv,yentsen0515workout,one_arm_db_row,2,103564,108933,0.5,12,12,12,0,0,1.0,1.0,1.0,0.7789
artifacts_rep_classification/010_waveform_rep_accuracy_universal_periodic_gyro_valley/sets_all/128_yanz0510workout_db_bench_press_set_0.png,datasets/workout/yanz0510workout/yanz0510workout_whole_session_20260510_222208.csv,yanz0510workout,db_bench_press,0,0,4434,0.5,12,27,7,20,5,0.2593,0.5833,0.359,0.5416
artifacts_rep_classification/010_waveform_rep_accuracy_universal_periodic_gyro_valley/sets_all/129_yanz0510workout_db_bench_press_set_1.png,datasets/workout/yanz0510workout/yanz0510workout_whole_session_20260510_222208.csv,yanz0510workout,db_bench_press,1,12580,17270,0.5,12,13,10,3,2,0.7692,0.8333,0.8,0.6467
artifacts_rep_classification/010_waveform_rep_accuracy_universal_periodic_gyro_valley/sets_all/130_yanz0510workout_db_bench_press_set_2.png,datasets/workout/yanz0510workout/yanz0510workout_whole_session_20260510_222208.csv,yanz0510workout,db_bench_press,2,33899,38010,0.5,12,12,11,1,1,0.9167,0.9167,0.9167,0.6196
artifacts_rep_classification/010_waveform_rep_accuracy_universal_periodic_gyro_valley/sets_all/131_yanz0510workout_db_bench_press_set_3.png,datasets/workout/yanz0510workout/yanz0510workout_whole_session_20260510_222208.csv,yanz0510workout,db_bench_press,3,44668,48985,0.5,12,12,12,0,0,1.0,1.0,1.0,0.6787
artifacts_rep_classification/010_waveform_rep_accuracy_universal_periodic_gyro_valley/sets_all/132_yanz0510workout_db_bench_press_set_4.png,datasets/workout/yanz0510workout/yanz0510workout_whole_session_20260510_222208.csv,yanz0510workout,db_bench_press,4,55642,59116,0.5,12,11,6,5,6,0.5455,0.5,0.5217,0.6231
artifacts_rep_classification/010_waveform_rep_accuracy_universal_periodic_gyro_valley/sets_all/133_yanz0510workout_db_biceps_curl_set_0.png,datasets/workout/yanz0510workout/yanz0510workout_whole_session_20260510_222208.csv,yanz0510workout,db_biceps_curl,0,269699,273022,0.5,12,12,6,6,6,0.5,0.5,0.5,0.657
artifacts_rep_classification/010_waveform_rep_accuracy_universal_periodic_gyro_valley/sets_all/134_yanz0510workout_db_biceps_curl_set_1.png,datasets/workout/yanz0510workout/yanz0510workout_whole_session_20260510_222208.csv,yanz0510workout,db_biceps_curl,1,279828,283061,0.5,12,12,12,0,0,1.0,1.0,1.0,0.7308
artifacts_rep_classification/010_waveform_rep_accuracy_universal_periodic_gyro_valley/sets_all/135_yanz0510workout_db_biceps_curl_set_2.png,datasets/workout/yanz0510workout/yanz0510workout_whole_session_20260510_222208.csv,yanz0510workout,db_biceps_curl,2,289832,292172,0.5,9,8,5,3,4,0.625,0.5556,0.5882,0.6458
artifacts_rep_classification/010_waveform_rep_accuracy_universal_periodic_gyro_valley/sets_all/136_yanz0510workout_db_rdl_set_0.png,datasets/workout/yanz0510workout/yanz0510workout_whole_session_20260510_222208.csv,yanz0510workout,db_rdl,0,131402,137005,0.5,14,13,7,6,7,0.5385,0.5,0.5185,0.5734
artifacts_rep_classification/010_waveform_rep_accuracy_universal_periodic_gyro_valley/sets_all/137_yanz0510workout_db_rdl_set_1.png,datasets/workout/yanz0510workout/yanz0510workout_whole_session_20260510_222208.csv,yanz0510workout,db_rdl,1,144891,149678,0.5,13,12,10,2,3,0.8333,0.7692,0.8,0.6314
artifacts_rep_classification/010_waveform_rep_accuracy_universal_periodic_gyro_valley/sets_all/138_yanz0510workout_db_rdl_set_2.png,datasets/workout/yanz0510workout/yanz0510workout_whole_session_20260510_222208.csv,yanz0510workout,db_rdl,2,156473,161046,0.5,12,12,11,1,1,0.9167,0.9167,0.9167,0.5966
artifacts_rep_classification/010_waveform_rep_accuracy_universal_periodic_gyro_valley/sets_all/139_yanz0510workout_db_shoulder_press_set_0.png,datasets/workout/yanz0510workout/yanz0510workout_whole_session_20260510_222208.csv,yanz0510workout,db_shoulder_press,0,212222,214230,0.5,6,6,6,0,0,1.0,1.0,1.0,0.6745
artifacts_rep_classification/010_waveform_rep_accuracy_universal_periodic_gyro_valley/sets_all/140_yanz0510workout_db_shoulder_press_set_1.png,datasets/workout/yanz0510workout/yanz0510workout_whole_session_20260510_222208.csv,yanz0510workout,db_shoulder_press,1,234605,238634,0.5,12,12,11,1,1,0.9167,0.9167,0.9167,0.6566
artifacts_rep_classification/010_waveform_rep_accuracy_universal_periodic_gyro_valley/sets_all/141_yanz0510workout_db_shoulder_press_set_2.png,datasets/workout/yanz0510workout/yanz0510workout_whole_session_20260510_222208.csv,yanz0510workout,db_shoulder_press,2,245521,247857,0.5,7,7,7,0,0,1.0,1.0,1.0,0.6369
artifacts_rep_classification/010_waveform_rep_accuracy_universal_periodic_gyro_valley/sets_all/142_yanz0510workout_db_shoulder_press_set_3.png,datasets/workout/yanz0510workout/yanz0510workout_whole_session_20260510_222208.csv,yanz0510workout,db_shoulder_press,3,254158,255899,0.5,7,6,4,2,3,0.6667,0.5714,0.6154,0.6451
artifacts_rep_classification/010_waveform_rep_accuracy_universal_periodic_gyro_valley/sets_all/143_yanz0510workout_db_squat_set_0.png,datasets/workout/yanz0510workout/yanz0510workout_whole_session_20260510_222208.csv,yanz0510workout,db_squat,0,351039,354640,0.5,12,13,12,1,0,0.9231,1.0,0.96,0.6798
artifacts_rep_classification/010_waveform_rep_accuracy_universal_periodic_gyro_valley/sets_all/144_yanz0510workout_db_squat_set_1.png,datasets/workout/yanz0510workout/yanz0510workout_whole_session_20260510_222208.csv,yanz0510workout,db_squat,1,360490,363423,0.5,12,13,10,3,2,0.7692,0.8333,0.8,0.6346
artifacts_rep_classification/010_waveform_rep_accuracy_universal_periodic_gyro_valley/sets_all/145_yanz0510workout_db_squat_set_2.png,datasets/workout/yanz0510workout/yanz0510workout_whole_session_20260510_222208.csv,yanz0510workout,db_squat,2,370576,373499,0.5,12,12,8,4,4,0.6667,0.6667,0.6667,0.6474
artifacts_rep_classification/010_waveform_rep_accuracy_universal_periodic_gyro_valley/sets_all/146_yanz0510workout_db_triceps_curl_set_0.png,datasets/workout/yanz0510workout/yanz0510workout_whole_session_20260510_222208.csv,yanz0510workout,db_triceps_curl,0,301498,305146,0.5,12,11,8,3,4,0.7273,0.6667,0.6957,0.6036
artifacts_rep_classification/010_waveform_rep_accuracy_universal_periodic_gyro_valley/sets_all/147_yanz0510workout_db_triceps_curl_set_1.png,datasets/workout/yanz0510workout/yanz0510workout_whole_session_20260510_222208.csv,yanz0510workout,db_triceps_curl,1,311875,315393,0.5,12,13,12,1,0,0.9231,1.0,0.96,0.6907
artifacts_rep_classification/010_waveform_rep_accuracy_universal_periodic_gyro_valley/sets_all/148_yanz0510workout_db_triceps_curl_set_2.png,datasets/workout/yanz0510workout/yanz0510workout_whole_session_20260510_222208.csv,yanz0510workout,db_triceps_curl,2,323574,326637,0.5,12,12,12,0,0,1.0,1.0,1.0,0.6348
artifacts_rep_classification/010_waveform_rep_accuracy_universal_periodic_gyro_valley/sets_all/149_yanz0510workout_db_triceps_curl_set_3.png,datasets/workout/yanz0510workout/yanz0510workout_whole_session_20260510_222208.csv,yanz0510workout,db_triceps_curl,3,333857,335615,0.5,2,6,1,5,1,0.1667,0.5,0.25,0.8125
artifacts_rep_classification/010_waveform_rep_accuracy_universal_periodic_gyro_valley/sets_all/150_yanz0510workout_db_triceps_curl_set_4.png,datasets/workout/yanz0510workout/yanz0510workout_whole_session_20260510_222208.csv,yanz0510workout,db_triceps_curl,4,336898,340079,0.5,12,12,10,2,2,0.8333,0.8333,0.8333,0.6158
artifacts_rep_classification/010_waveform_rep_accuracy_universal_periodic_gyro_valley/sets_all/151_yanz0510workout_db_weighted_crunch_set_0.png,datasets/workout/yanz0510workout/yanz0510workout_whole_session_20260510_222208.csv,yanz0510workout,db_weighted_crunch,0,171206,175493,0.5,12,13,4,9,8,0.3077,0.3333,0.32,0.6625
artifacts_rep_classification/010_waveform_rep_accuracy_universal_periodic_gyro_valley/sets_all/152_yanz0510workout_db_weighted_crunch_set_1.png,datasets/workout/yanz0510workout/yanz0510workout_whole_session_20260510_222208.csv,yanz0510workout,db_weighted_crunch,1,180643,181786,0.5,4,4,2,2,2,0.5,0.5,0.5,0.7063
artifacts_rep_classification/010_waveform_rep_accuracy_universal_periodic_gyro_valley/sets_all/153_yanz0510workout_db_weighted_crunch_set_2.png,datasets/workout/yanz0510workout/yanz0510workout_whole_session_20260510_222208.csv,yanz0510workout,db_weighted_crunch,2,186438,190303,0.5,12,12,3,9,9,0.25,0.25,0.25,0.7304
artifacts_rep_classification/010_waveform_rep_accuracy_universal_periodic_gyro_valley/sets_all/154_yanz0510workout_db_weighted_crunch_set_3.png,datasets/workout/yanz0510workout/yanz0510workout_whole_session_20260510_222208.csv,yanz0510workout,db_weighted_crunch,3,198741,202234,0.5,12,12,5,7,7,0.4167,0.4167,0.4167,0.6155
artifacts_rep_classification/010_waveform_rep_accuracy_universal_periodic_gyro_valley/sets_all/155_yanz0510workout_one_arm_db_row_set_0.png,datasets/workout/yanz0510workout/yanz0510workout_whole_session_20260510_222208.csv,yanz0510workout,one_arm_db_row,0,78667,82415,0.5,12,12,11,1,1,0.9167,0.9167,0.9167,0.66
artifacts_rep_classification/010_waveform_rep_accuracy_universal_periodic_gyro_valley/sets_all/156_yanz0510workout_one_arm_db_row_set_1.png,datasets/workout/yanz0510workout/yanz0510workout_whole_session_20260510_222208.csv,yanz0510workout,one_arm_db_row,1,88561,91793,0.5,12,12,12,0,0,1.0,1.0,1.0,0.7538
artifacts_rep_classification/010_waveform_rep_accuracy_universal_periodic_gyro_valley/sets_all/157_yanz0510workout_one_arm_db_row_set_2.png,datasets/workout/yanz0510workout/yanz0510workout_whole_session_20260510_222208.csv,yanz0510workout,one_arm_db_row,2,98645,101842,0.5,12,12,12,0,0,1.0,1.0,1.0,0.7207
artifacts_rep_classification/010_waveform_rep_accuracy_universal_periodic_gyro_valley/sets_all/158_yoru0511workout_db_bench_press_set_0.png,datasets/workout/yoru0511workout/yoru0511workout_whole_session_20260511_180608.csv,yoru0511workout,db_bench_press,0,66,3903,0.5,12,12,5,7,7,0.4167,0.4167,0.4167,0.6964
artifacts_rep_classification/010_waveform_rep_accuracy_universal_periodic_gyro_valley/sets_all/159_yoru0511workout_db_bench_press_set_1.png,datasets/workout/yoru0511workout/yoru0511workout_whole_session_20260511_180608.csv,yoru0511workout,db_bench_press,1,9344,13331,0.5,13,6,3,3,10,0.5,0.2308,0.3158,0.5981
artifacts_rep_classification/010_waveform_rep_accuracy_universal_periodic_gyro_valley/sets_all/160_yoru0511workout_db_bench_press_set_2.png,datasets/workout/yoru0511workout/yoru0511workout_whole_session_20260511_180608.csv,yoru0511workout,db_bench_press,2,30134,30906,0.5,3,2,2,0,1,1.0,0.6667,0.8,0.8051
artifacts_rep_classification/010_waveform_rep_accuracy_universal_periodic_gyro_valley/sets_all/161_yoru0511workout_db_bench_press_set_3.png,datasets/workout/yoru0511workout/yoru0511workout_whole_session_20260511_180608.csv,yoru0511workout,db_bench_press,3,32190,32425,0.5,2,5,0,5,2,0.0,0.0,0.0,0.0
artifacts_rep_classification/010_waveform_rep_accuracy_universal_periodic_gyro_valley/sets_all/162_yoru0511workout_db_bench_press_set_4.png,datasets/workout/yoru0511workout/yoru0511workout_whole_session_20260511_180608.csv,yoru0511workout,db_bench_press,4,52261,56100,0.5,12,11,5,6,7,0.4545,0.4167,0.4348,0.7506
artifacts_rep_classification/010_waveform_rep_accuracy_universal_periodic_gyro_valley/sets_all/163_yoru0511workout_db_bench_press_set_5.png,datasets/workout/yoru0511workout/yoru0511workout_whole_session_20260511_180608.csv,yoru0511workout,db_bench_press,5,62104,65870,0.5,12,11,4,7,8,0.3636,0.3333,0.3478,0.6232
artifacts_rep_classification/010_waveform_rep_accuracy_universal_periodic_gyro_valley/sets_all/164_yoru0511workout_db_biceps_curl_set_0.png,datasets/workout/yoru0511workout/yoru0511workout_whole_session_20260511_180608.csv,yoru0511workout,db_biceps_curl,0,320083,322620,0.5,9,8,6,2,3,0.75,0.6667,0.7059,0.6651
artifacts_rep_classification/010_waveform_rep_accuracy_universal_periodic_gyro_valley/sets_all/165_yoru0511workout_db_biceps_curl_set_1.png,datasets/workout/yoru0511workout/yoru0511workout_whole_session_20260511_180608.csv,yoru0511workout,db_biceps_curl,1,335419,338520,0.5,12,11,8,3,4,0.7273,0.6667,0.6957,0.7658
artifacts_rep_classification/010_waveform_rep_accuracy_universal_periodic_gyro_valley/sets_all/166_yoru0511workout_db_biceps_curl_set_2.png,datasets/workout/yoru0511workout/yoru0511workout_whole_session_20260511_180608.csv,yoru0511workout,db_biceps_curl,2,344459,347672,0.5,12,11,7,4,5,0.6364,0.5833,0.6087,0.6675
artifacts_rep_classification/010_waveform_rep_accuracy_universal_periodic_gyro_valley/sets_all/167_yoru0511workout_db_biceps_curl_set_3.png,datasets/workout/yoru0511workout/yoru0511workout_whole_session_20260511_180608.csv,yoru0511workout,db_biceps_curl,3,354328,358042,0.5,12,12,2,10,10,0.1667,0.1667,0.1667,0.9754
artifacts_rep_classification/010_waveform_rep_accuracy_universal_periodic_gyro_valley/sets_all/168_yoru0511workout_db_rdl_set_0.png,datasets/workout/yoru0511workout/yoru0511workout_whole_session_20260511_180608.csv,yoru0511workout,db_rdl,0,200102,204324,0.5,12,11,6,5,6,0.5455,0.5,0.5217,0.7115
artifacts_rep_classification/010_waveform_rep_accuracy_universal_periodic_gyro_valley/sets_all/169_yoru0511workout_db_rdl_set_1.png,datasets/workout/yoru0511workout/yoru0511workout_whole_session_20260511_180608.csv,yoru0511workout,db_rdl,1,211601,215750,0.5,12,12,10,2,2,0.8333,0.8333,0.8333,0.7528
artifacts_rep_classification/010_waveform_rep_accuracy_universal_periodic_gyro_valley/sets_all/170_yoru0511workout_db_rdl_set_2.png,datasets/workout/yoru0511workout/yoru0511workout_whole_session_20260511_180608.csv,yoru0511workout,db_rdl,2,226213,230024,0.5,12,12,11,1,1,0.9167,0.9167,0.9167,0.7723
artifacts_rep_classification/010_waveform_rep_accuracy_universal_periodic_gyro_valley/sets_all/171_yoru0511workout_db_shoulder_press_set_0.png,datasets/workout/yoru0511workout/yoru0511workout_whole_session_20260511_180608.csv,yoru0511workout,db_shoulder_press,0,284796,287865,0.5,12,11,4,7,8,0.3636,0.3333,0.3478,0.5378
artifacts_rep_classification/010_waveform_rep_accuracy_universal_periodic_gyro_valley/sets_all/172_yoru0511workout_db_shoulder_press_set_1.png,datasets/workout/yoru0511workout/yoru0511workout_whole_session_20260511_180608.csv,yoru0511workout,db_shoulder_press,1,293266,296348,0.5,12,11,10,1,2,0.9091,0.8333,0.8696,0.6783
artifacts_rep_classification/010_waveform_rep_accuracy_universal_periodic_gyro_valley/sets_all/173_yoru0511workout_db_shoulder_press_set_2.png,datasets/workout/yoru0511workout/yoru0511workout_whole_session_20260511_180608.csv,yoru0511workout,db_shoulder_press,2,302729,305689,0.5,12,11,5,6,7,0.4545,0.4167,0.4348,0.5925
artifacts_rep_classification/010_waveform_rep_accuracy_universal_periodic_gyro_valley/sets_all/174_yoru0511workout_db_squat_set_0.png,datasets/workout/yoru0511workout/yoru0511workout_whole_session_20260511_180608.csv,yoru0511workout,db_squat,0,411680,414941,0.5,12,10,8,2,4,0.8,0.6667,0.7273,0.7863
artifacts_rep_classification/010_waveform_rep_accuracy_universal_periodic_gyro_valley/sets_all/175_yoru0511workout_db_squat_set_1.png,datasets/workout/yoru0511workout/yoru0511workout_whole_session_20260511_180608.csv,yoru0511workout,db_squat,1,425030,428503,0.5,12,11,7,4,5,0.6364,0.5833,0.6087,0.7357
artifacts_rep_classification/010_waveform_rep_accuracy_universal_periodic_gyro_valley/sets_all/176_yoru0511workout_db_squat_set_2.png,datasets/workout/yoru0511workout/yoru0511workout_whole_session_20260511_180608.csv,yoru0511workout,db_squat,2,438220,441663,0.5,12,11,6,5,6,0.5455,0.5,0.5217,0.8858
artifacts_rep_classification/010_waveform_rep_accuracy_universal_periodic_gyro_valley/sets_all/177_yoru0511workout_db_triceps_curl_set_0.png,datasets/workout/yoru0511workout/yoru0511workout_whole_session_20260511_180608.csv,yoru0511workout,db_triceps_curl,0,376635,380626,0.5,14,4,0,4,14,0.0,0.0,0.0,0.0
artifacts_rep_classification/010_waveform_rep_accuracy_universal_periodic_gyro_valley/sets_all/178_yoru0511workout_db_triceps_curl_set_1.png,datasets/workout/yoru0511workout/yoru0511workout_whole_session_20260511_180608.csv,yoru0511workout,db_triceps_curl,1,388073,390945,0.5,12,11,10,1,2,0.9091,0.8333,0.8696,0.7826
artifacts_rep_classification/010_waveform_rep_accuracy_universal_periodic_gyro_valley/sets_all/179_yoru0511workout_db_triceps_curl_set_2.png,datasets/workout/yoru0511workout/yoru0511workout_whole_session_20260511_180608.csv,yoru0511workout,db_triceps_curl,2,397307,400140,0.5,12,11,8,3,4,0.7273,0.6667,0.6957,0.8725
artifacts_rep_classification/010_waveform_rep_accuracy_universal_periodic_gyro_valley/sets_all/180_yoru0511workout_db_weighted_crunch_set_0.png,datasets/workout/yoru0511workout/yoru0511workout_whole_session_20260511_180608.csv,yoru0511workout,db_weighted_crunch,0,247770,251306,0.5,12,12,12,0,0,1.0,1.0,1.0,0.8426
artifacts_rep_classification/010_waveform_rep_accuracy_universal_periodic_gyro_valley/sets_all/181_yoru0511workout_db_weighted_crunch_set_1.png,datasets/workout/yoru0511workout/yoru0511workout_whole_session_20260511_180608.csv,yoru0511workout,db_weighted_crunch,1,256958,260263,0.5,12,10,10,0,2,1.0,0.8333,0.9091,0.8483
artifacts_rep_classification/010_waveform_rep_accuracy_universal_periodic_gyro_valley/sets_all/182_yoru0511workout_db_weighted_crunch_set_2.png,datasets/workout/yoru0511workout/yoru0511workout_whole_session_20260511_180608.csv,yoru0511workout,db_weighted_crunch,2,266896,269943,0.5,12,10,10,0,2,1.0,0.8333,0.9091,0.7315
artifacts_rep_classification/010_waveform_rep_accuracy_universal_periodic_gyro_valley/sets_all/183_yoru0511workout_one_arm_db_row_set_0.png,datasets/workout/yoru0511workout/yoru0511workout_whole_session_20260511_180608.csv,yoru0511workout,one_arm_db_row,0,121979,125125,0.5,12,11,4,7,8,0.3636,0.3333,0.3478,0.527
artifacts_rep_classification/010_waveform_rep_accuracy_universal_periodic_gyro_valley/sets_all/184_yoru0511workout_one_arm_db_row_set_2.png,datasets/workout/yoru0511workout/yoru0511workout_whole_session_20260511_180608.csv,yoru0511workout,one_arm_db_row,2,131997,135016,0.5,12,11,3,8,9,0.2727,0.25,0.2609,0.5687
artifacts_rep_classification/010_waveform_rep_accuracy_universal_periodic_gyro_valley/sets_all/185_yoru0511workout_one_arm_db_row_set_3.png,datasets/workout/yoru0511workout/yoru0511workout_whole_session_20260511_180608.csv,yoru0511workout,one_arm_db_row,3,140956,144071,0.5,12,10,5,5,7,0.5,0.4167,0.4545,0.605
artifacts_rep_classification/010_waveform_rep_accuracy_universal_periodic_gyro_valley/sets_all/186_yushuan0513workout_db_bench_press_set_0.png,datasets/workout/yushuan0513workout/yushuan0513workout_whole_session_20260513_144737.csv,yushuan0513workout,db_bench_press,0,189,5220,0.5,12,12,9,3,3,0.75,0.75,0.75,0.6765
artifacts_rep_classification/010_waveform_rep_accuracy_universal_periodic_gyro_valley/sets_all/187_yushuan0513workout_db_bench_press_set_1.png,datasets/workout/yushuan0513workout/yushuan0513workout_whole_session_20260513_144737.csv,yushuan0513workout,db_bench_press,1,11562,16023,0.5,12,4,0,4,12,0.0,0.0,0.0,0.0
artifacts_rep_classification/010_waveform_rep_accuracy_universal_periodic_gyro_valley/sets_all/188_yushuan0513workout_db_bench_press_set_2.png,datasets/workout/yushuan0513workout/yushuan0513workout_whole_session_20260513_144737.csv,yushuan0513workout,db_bench_press,2,28488,28679,0.5,1,2,1,1,0,0.5,1.0,0.6667,0.6021
artifacts_rep_classification/010_waveform_rep_accuracy_universal_periodic_gyro_valley/sets_all/189_yushuan0513workout_db_bench_press_set_3.png,datasets/workout/yushuan0513workout/yushuan0513workout_whole_session_20260513_144737.csv,yushuan0513workout,db_bench_press,3,29239,32500,0.5,8,7,3,4,5,0.4286,0.375,0.4,0.6014
artifacts_rep_classification/010_waveform_rep_accuracy_universal_periodic_gyro_valley/sets_all/190_yushuan0513workout_db_biceps_curl_set_0.png,datasets/workout/yushuan0513workout/yushuan0513workout_whole_session_20260513_144737.csv,yushuan0513workout,db_biceps_curl,0,442354,445725,0.5,12,12,12,0,0,1.0,1.0,1.0,0.8985
artifacts_rep_classification/010_waveform_rep_accuracy_universal_periodic_gyro_valley/sets_all/191_yushuan0513workout_db_biceps_curl_set_1.png,datasets/workout/yushuan0513workout/yushuan0513workout_whole_session_20260513_144737.csv,yushuan0513workout,db_biceps_curl,1,457530,460792,0.5,12,13,8,5,4,0.6154,0.6667,0.64,0.9173
artifacts_rep_classification/010_waveform_rep_accuracy_universal_periodic_gyro_valley/sets_all/192_yushuan0513workout_db_biceps_curl_set_2.png,datasets/workout/yushuan0513workout/yushuan0513workout_whole_session_20260513_144737.csv,yushuan0513workout,db_biceps_curl,2,473693,477150,0.5,12,12,6,6,6,0.5,0.5,0.5,0.6368
artifacts_rep_classification/010_waveform_rep_accuracy_universal_periodic_gyro_valley/sets_all/193_yushuan0513workout_db_rdl_set_0.png,datasets/workout/yushuan0513workout/yushuan0513workout_whole_session_20260513_144737.csv,yushuan0513workout,db_rdl,0,172761,178310,0.5,12,13,7,6,5,0.5385,0.5833,0.56,0.8326
artifacts_rep_classification/010_waveform_rep_accuracy_universal_periodic_gyro_valley/sets_all/194_yushuan0513workout_db_rdl_set_1.png,datasets/workout/yushuan0513workout/yushuan0513workout_whole_session_20260513_144737.csv,yushuan0513workout,db_rdl,1,214256,219061,0.5,12,6,4,2,8,0.6667,0.3333,0.4444,0.5831
artifacts_rep_classification/010_waveform_rep_accuracy_universal_periodic_gyro_valley/sets_all/195_yushuan0513workout_db_rdl_set_2.png,datasets/workout/yushuan0513workout/yushuan0513workout_whole_session_20260513_144737.csv,yushuan0513workout,db_rdl,2,232954,237917,0.5,12,15,8,7,4,0.5333,0.6667,0.5926,0.7028
artifacts_rep_classification/010_waveform_rep_accuracy_universal_periodic_gyro_valley/sets_all/196_yushuan0513workout_db_shoulder_press_set_0.png,datasets/workout/yushuan0513workout/yushuan0513workout_whole_session_20260513_144737.csv,yushuan0513workout,db_shoulder_press,0,351703,356928,0.5,12,11,9,2,3,0.8182,0.75,0.7826,0.7749
artifacts_rep_classification/010_waveform_rep_accuracy_universal_periodic_gyro_valley/sets_all/197_yushuan0513workout_db_shoulder_press_set_1.png,datasets/workout/yushuan0513workout/yushuan0513workout_whole_session_20260513_144737.csv,yushuan0513workout,db_shoulder_press,1,373716,379317,0.5,12,12,10,2,2,0.8333,0.8333,0.8333,0.7218
artifacts_rep_classification/010_waveform_rep_accuracy_universal_periodic_gyro_valley/sets_all/198_yushuan0513workout_db_shoulder_press_set_2.png,datasets/workout/yushuan0513workout/yushuan0513workout_whole_session_20260513_144737.csv,yushuan0513workout,db_shoulder_press,2,404439,409211,0.5,9,9,3,6,6,0.3333,0.3333,0.3333,0.7561
artifacts_rep_classification/010_waveform_rep_accuracy_universal_periodic_gyro_valley/sets_all/199_yushuan0513workout_db_squat_set_0.png,datasets/workout/yushuan0513workout/yushuan0513workout_whole_session_20260513_144737.csv,yushuan0513workout,db_squat,0,537595,541473,0.5,12,11,7,4,5,0.6364,0.5833,0.6087,0.7242
artifacts_rep_classification/010_waveform_rep_accuracy_universal_periodic_gyro_valley/sets_all/200_yushuan0513workout_db_squat_set_1.png,datasets/workout/yushuan0513workout/yushuan0513workout_whole_session_20260513_144737.csv,yushuan0513workout,db_squat,1,548391,552435,0.5,12,12,10,2,2,0.8333,0.8333,0.8333,0.7268
artifacts_rep_classification/010_waveform_rep_accuracy_universal_periodic_gyro_valley/sets_all/201_yushuan0513workout_db_squat_set_2.png,datasets/workout/yushuan0513workout/yushuan0513workout_whole_session_20260513_144737.csv,yushuan0513workout,db_squat,2,558610,562683,0.5,12,12,10,2,2,0.8333,0.8333,0.8333,0.7386
artifacts_rep_classification/010_waveform_rep_accuracy_universal_periodic_gyro_valley/sets_all/202_yushuan0513workout_db_triceps_curl_set_0.png,datasets/workout/yushuan0513workout/yushuan0513workout_whole_session_20260513_144737.csv,yushuan0513workout,db_triceps_curl,0,492672,496348,0.5,12,12,12,0,0,1.0,1.0,1.0,0.9024
artifacts_rep_classification/010_waveform_rep_accuracy_universal_periodic_gyro_valley/sets_all/203_yushuan0513workout_db_triceps_curl_set_1.png,datasets/workout/yushuan0513workout/yushuan0513workout_whole_session_20260513_144737.csv,yushuan0513workout,db_triceps_curl,1,503870,507262,0.5,13,13,11,2,2,0.8462,0.8462,0.8462,0.695
artifacts_rep_classification/010_waveform_rep_accuracy_universal_periodic_gyro_valley/sets_all/204_yushuan0513workout_db_triceps_curl_set_2.png,datasets/workout/yushuan0513workout/yushuan0513workout_whole_session_20260513_144737.csv,yushuan0513workout,db_triceps_curl,2,514473,517882,0.5,12,12,12,0,0,1.0,1.0,1.0,0.7518
artifacts_rep_classification/010_waveform_rep_accuracy_universal_periodic_gyro_valley/sets_all/205_yushuan0513workout_db_weighted_crunch_set_0.png,datasets/workout/yushuan0513workout/yushuan0513workout_whole_session_20260513_144737.csv,yushuan0513workout,db_weighted_crunch,0,272075,276473,0.5,12,12,12,0,0,1.0,1.0,1.0,0.8616
artifacts_rep_classification/010_waveform_rep_accuracy_universal_periodic_gyro_valley/sets_all/206_yushuan0513workout_db_weighted_crunch_set_1.png,datasets/workout/yushuan0513workout/yushuan0513workout_whole_session_20260513_144737.csv,yushuan0513workout,db_weighted_crunch,1,283217,287833,0.5,12,11,11,0,1,1.0,0.9167,0.9565,0.8539
artifacts_rep_classification/010_waveform_rep_accuracy_universal_periodic_gyro_valley/sets_all/207_yushuan0513workout_db_weighted_crunch_set_2.png,datasets/workout/yushuan0513workout/yushuan0513workout_whole_session_20260513_144737.csv,yushuan0513workout,db_weighted_crunch,2,296430,300883,0.5,12,12,10,2,2,0.8333,0.8333,0.8333,0.7871
artifacts_rep_classification/010_waveform_rep_accuracy_universal_periodic_gyro_valley/sets_all/208_yushuan0513workout_one_arm_db_row_set_0.png,datasets/workout/yushuan0513workout/yushuan0513workout_whole_session_20260513_144737.csv,yushuan0513workout,one_arm_db_row,0,83302,87981,0.5,12,12,9,3,3,0.75,0.75,0.75,0.8083
artifacts_rep_classification/010_waveform_rep_accuracy_universal_periodic_gyro_valley/sets_all/209_yushuan0513workout_one_arm_db_row_set_1.png,datasets/workout/yushuan0513workout/yushuan0513workout_whole_session_20260513_144737.csv,yushuan0513workout,one_arm_db_row,1,124830,129017,0.5,12,11,9,2,3,0.8182,0.75,0.7826,0.8659
artifacts_rep_classification/010_waveform_rep_accuracy_universal_periodic_gyro_valley/sets_all/210_yushuan0513workout_one_arm_db_row_set_2.png,datasets/workout/yushuan0513workout/yushuan0513workout_whole_session_20260513_144737.csv,yushuan0513workout,one_arm_db_row,2,144426,148023,0.5,12,11,5,6,7,0.4545,0.4167,0.4348,0.6855
artifacts_rep_classification/010_waveform_rep_accuracy_universal_periodic_gyro_valley/sets_all/211_ziho0512workout_db_bench_press_set_0.png,datasets/workout/ziho0512workout/ziho0512workout_whole_session_20260512_204157.csv,ziho0512workout,db_bench_press,0,118,3724,0.5,10,30,3,27,7,0.1,0.3,0.15,0.5408
artifacts_rep_classification/010_waveform_rep_accuracy_universal_periodic_gyro_valley/sets_all/212_ziho0512workout_db_bench_press_set_1.png,datasets/workout/ziho0512workout/ziho0512workout_whole_session_20260512_204157.csv,ziho0512workout,db_bench_press,1,9210,13420,0.5,14,14,14,0,0,1.0,1.0,1.0,0.6614
artifacts_rep_classification/010_waveform_rep_accuracy_universal_periodic_gyro_valley/sets_all/213_ziho0512workout_db_bench_press_set_2.png,datasets/workout/ziho0512workout/ziho0512workout_whole_session_20260512_204157.csv,ziho0512workout,db_bench_press,2,21762,25686,0.5,12,12,12,0,0,1.0,1.0,1.0,0.6705
artifacts_rep_classification/010_waveform_rep_accuracy_universal_periodic_gyro_valley/sets_all/214_ziho0512workout_db_bench_press_set_3.png,datasets/workout/ziho0512workout/ziho0512workout_whole_session_20260512_204157.csv,ziho0512workout,db_bench_press,3,33400,36571,0.5,9,9,9,0,0,1.0,1.0,1.0,0.6322
artifacts_rep_classification/010_waveform_rep_accuracy_universal_periodic_gyro_valley/sets_all/215_ziho0512workout_db_biceps_curl_set_0.png,datasets/workout/ziho0512workout/ziho0512workout_whole_session_20260512_204157.csv,ziho0512workout,db_biceps_curl,0,339943,344330,0.5,12,12,10,2,2,0.8333,0.8333,0.8333,0.8625
artifacts_rep_classification/010_waveform_rep_accuracy_universal_periodic_gyro_valley/sets_all/216_ziho0512workout_db_biceps_curl_set_1.png,datasets/workout/ziho0512workout/ziho0512workout_whole_session_20260512_204157.csv,ziho0512workout,db_biceps_curl,1,352875,357443,0.5,12,12,12,0,0,1.0,1.0,1.0,0.9319
artifacts_rep_classification/010_waveform_rep_accuracy_universal_periodic_gyro_valley/sets_all/217_ziho0512workout_db_biceps_curl_set_2.png,datasets/workout/ziho0512workout/ziho0512workout_whole_session_20260512_204157.csv,ziho0512workout,db_biceps_curl,2,366969,371251,0.5,12,12,11,1,1,0.9167,0.9167,0.9167,0.7896
artifacts_rep_classification/010_waveform_rep_accuracy_universal_periodic_gyro_valley/sets_all/218_ziho0512workout_db_rdl_set_0.png,datasets/workout/ziho0512workout/ziho0512workout_whole_session_20260512_204157.csv,ziho0512workout,db_rdl,0,165362,169505,0.5,12,6,3,3,9,0.5,0.25,0.3333,0.5499
artifacts_rep_classification/010_waveform_rep_accuracy_universal_periodic_gyro_valley/sets_all/219_ziho0512workout_db_rdl_set_1.png,datasets/workout/ziho0512workout/ziho0512workout_whole_session_20260512_204157.csv,ziho0512workout,db_rdl,1,182230,182870,0.5,2,2,2,0,0,1.0,1.0,1.0,0.801
artifacts_rep_classification/010_waveform_rep_accuracy_universal_periodic_gyro_valley/sets_all/220_ziho0512workout_db_rdl_set_2.png,datasets/workout/ziho0512workout/ziho0512workout_whole_session_20260512_204157.csv,ziho0512workout,db_rdl,2,184572,187948,0.5,12,12,10,2,2,0.8333,0.8333,0.8333,0.6875
artifacts_rep_classification/010_waveform_rep_accuracy_universal_periodic_gyro_valley/sets_all/221_ziho0512workout_db_rdl_set_5.png,datasets/workout/ziho0512workout/ziho0512workout_whole_session_20260512_204157.csv,ziho0512workout,db_rdl,5,195795,199442,0.5,12,12,11,1,1,0.9167,0.9167,0.9167,0.7046
artifacts_rep_classification/010_waveform_rep_accuracy_universal_periodic_gyro_valley/sets_all/222_ziho0512workout_db_shoulder_press_set_0.png,datasets/workout/ziho0512workout/ziho0512workout_whole_session_20260512_204157.csv,ziho0512workout,db_shoulder_press,0,281528,285247,0.5,11,11,6,5,5,0.5455,0.5455,0.5455,0.6234
artifacts_rep_classification/010_waveform_rep_accuracy_universal_periodic_gyro_valley/sets_all/223_ziho0512workout_db_shoulder_press_set_1.png,datasets/workout/ziho0512workout/ziho0512workout_whole_session_20260512_204157.csv,ziho0512workout,db_shoulder_press,1,301737,304898,0.5,11,10,6,4,5,0.6,0.5455,0.5714,0.673
artifacts_rep_classification/010_waveform_rep_accuracy_universal_periodic_gyro_valley/sets_all/224_ziho0512workout_db_shoulder_press_set_2.png,datasets/workout/ziho0512workout/ziho0512workout_whole_session_20260512_204157.csv,ziho0512workout,db_shoulder_press,2,317667,320323,0.5,9,8,4,4,5,0.5,0.4444,0.4706,0.6631
artifacts_rep_classification/010_waveform_rep_accuracy_universal_periodic_gyro_valley/sets_all/225_ziho0512workout_db_squat_set_0.png,datasets/workout/ziho0512workout/ziho0512workout_whole_session_20260512_204157.csv,ziho0512workout,db_squat,0,466586,470440,0.5,12,12,10,2,2,0.8333,0.8333,0.8333,0.6624
artifacts_rep_classification/010_waveform_rep_accuracy_universal_periodic_gyro_valley/sets_all/226_ziho0512workout_db_squat_set_1.png,datasets/workout/ziho0512workout/ziho0512workout_whole_session_20260512_204157.csv,ziho0512workout,db_squat,1,479026,482799,0.5,12,12,11,1,1,0.9167,0.9167,0.9167,0.651
artifacts_rep_classification/010_waveform_rep_accuracy_universal_periodic_gyro_valley/sets_all/227_ziho0512workout_db_squat_set_2.png,datasets/workout/ziho0512workout/ziho0512workout_whole_session_20260512_204157.csv,ziho0512workout,db_squat,2,492489,496324,0.5,12,12,12,0,0,1.0,1.0,1.0,0.714
artifacts_rep_classification/010_waveform_rep_accuracy_universal_periodic_gyro_valley/sets_all/228_ziho0512workout_db_triceps_curl_set_0.png,datasets/workout/ziho0512workout/ziho0512workout_whole_session_20260512_204157.csv,ziho0512workout,db_triceps_curl,0,399360,403366,0.5,12,11,6,5,6,0.5455,0.5,0.5217,0.6377
artifacts_rep_classification/010_waveform_rep_accuracy_universal_periodic_gyro_valley/sets_all/229_ziho0512workout_db_triceps_curl_set_1.png,datasets/workout/ziho0512workout/ziho0512workout_whole_session_20260512_204157.csv,ziho0512workout,db_triceps_curl,1,415560,419850,0.5,12,12,6,6,6,0.5,0.5,0.5,0.68
artifacts_rep_classification/010_waveform_rep_accuracy_universal_periodic_gyro_valley/sets_all/230_ziho0512workout_db_triceps_curl_set_2.png,datasets/workout/ziho0512workout/ziho0512workout_whole_session_20260512_204157.csv,ziho0512workout,db_triceps_curl,2,427625,431357,0.5,12,12,6,6,6,0.5,0.5,0.5,0.6762
artifacts_rep_classification/010_waveform_rep_accuracy_universal_periodic_gyro_valley/sets_all/231_ziho0512workout_db_weighted_crunch_set_0.png,datasets/workout/ziho0512workout/ziho0512workout_whole_session_20260512_204157.csv,ziho0512workout,db_weighted_crunch,0,218748,223451,0.5,12,12,12,0,0,1.0,1.0,1.0,0.6156
artifacts_rep_classification/010_waveform_rep_accuracy_universal_periodic_gyro_valley/sets_all/232_ziho0512workout_db_weighted_crunch_set_1.png,datasets/workout/ziho0512workout/ziho0512workout_whole_session_20260512_204157.csv,ziho0512workout,db_weighted_crunch,1,230471,235067,0.5,12,12,12,0,0,1.0,1.0,1.0,0.6392
artifacts_rep_classification/010_waveform_rep_accuracy_universal_periodic_gyro_valley/sets_all/233_ziho0512workout_db_weighted_crunch_set_2.png,datasets/workout/ziho0512workout/ziho0512workout_whole_session_20260512_204157.csv,ziho0512workout,db_weighted_crunch,2,243909,248527,0.5,12,12,11,1,1,0.9167,0.9167,0.9167,0.6227
artifacts_rep_classification/010_waveform_rep_accuracy_universal_periodic_gyro_valley/sets_all/234_ziho0512workout_one_arm_db_row_set_0.png,datasets/workout/ziho0512workout/ziho0512workout_whole_session_20260512_204157.csv,ziho0512workout,one_arm_db_row,0,62963,66776,0.5,12,12,12,0,0,1.0,1.0,1.0,0.6767
artifacts_rep_classification/010_waveform_rep_accuracy_universal_periodic_gyro_valley/sets_all/235_ziho0512workout_one_arm_db_row_set_1.png,datasets/workout/ziho0512workout/ziho0512workout_whole_session_20260512_204157.csv,ziho0512workout,one_arm_db_row,1,76930,80408,0.5,12,12,12,0,0,1.0,1.0,1.0,0.7107
artifacts_rep_classification/010_waveform_rep_accuracy_universal_periodic_gyro_valley/sets_all/236_ziho0512workout_one_arm_db_row_set_2.png,datasets/workout/ziho0512workout/ziho0512workout_whole_session_20260512_204157.csv,ziho0512workout,one_arm_db_row,2,89099,92606,0.5,12,12,12,0,0,1.0,1.0,1.0,0.6948
