dataset,model_stage,fold,val_subject,n_features,added_feature_coef,n,mae,rmse,r2,spearman,rounded_exact_acc,rounded_pm1_acc
rpe_only_143_sets,M0_exercise_mean,1,haoyu0512workout,0,,24,1.4625000000000004,1.7200209947039082,-1.9791608391608388,0.4277602959934155,0.3333333333333333,0.5416666666666666
rpe_only_143_sets,M0_exercise_mean,2,hsianshun0514workout,0,,23,1.2463768115942029,1.5681614823680017,0.37033881897386267,0.664207080209077,0.17391304347826086,0.6521739130434783
rpe_only_143_sets,M0_exercise_mean,3,tsenyu0515workout,0,,24,1.6031746031746035,2.039980214211995,-0.0875839845920221,0.5184194063072334,0.25,0.5833333333333334
rpe_only_143_sets,M0_exercise_mean,4,yanz0510workout,0,,24,1.307936507936508,1.491593982191451,-0.11339279065231667,0.2992256351927236,0.20833333333333334,0.5416666666666666
rpe_only_143_sets,M0_exercise_mean,5,yoru0511workout,0,,24,1.3583333333333334,1.7241745206845445,-0.38987012987013014,0.5084340675271551,0.25,0.625
rpe_only_143_sets,M0_exercise_mean,6,yushuan0513workout,0,,24,1.2674603174603174,1.5855069219484617,-0.18394713568174637,0.2984817122455866,0.25,0.75
rpe_only_143_sets,M1_exercise_plus_set_index,1,haoyu0512workout,9,,24,1.6331795441551906,1.8637614033679468,-2.4978975237098213,0.5618994673025994,0.08333333333333333,0.5416666666666666
rpe_only_143_sets,M1_exercise_plus_set_index,2,hsianshun0514workout,9,,23,0.9071094562596419,1.1663363954888897,0.6516843316762699,0.8997144913848533,0.34782608695652173,0.782608695652174
rpe_only_143_sets,M1_exercise_plus_set_index,3,tsenyu0515workout,9,,24,1.428016095987629,1.757762269358481,0.1925211249300185,0.6924401247324645,0.20833333333333334,0.5416666666666666
rpe_only_143_sets,M1_exercise_plus_set_index,4,yanz0510workout,9,,24,0.9460229766149774,1.1301321434753948,0.3608458478292065,0.6826595252832514,0.25,0.8333333333333334
rpe_only_143_sets,M1_exercise_plus_set_index,5,yoru0511workout,9,,24,1.4462236736797898,1.7542623840235736,-0.4388014861299039,0.6509771661334762,0.125,0.5416666666666666
rpe_only_143_sets,M1_exercise_plus_set_index,6,yushuan0513workout,9,,24,1.0864040422731784,1.5582785230465086,-0.14363173041986332,0.5312126393368164,0.2916666666666667,0.7916666666666666
rpe_only_143_sets,M2_exercise_plus_cumulative_tut,1,haoyu0512workout,9,,24,1.176444198004681,1.4076098063335782,-0.9952210687527923,0.6014927695353116,0.16666666666666666,0.6666666666666666
rpe_only_143_sets,M2_exercise_plus_cumulative_tut,2,hsianshun0514workout,9,,23,1.0649566793812268,1.2470373567312036,0.601815562708139,0.8490051366806846,0.30434782608695654,0.6956521739130435
rpe_only_143_sets,M2_exercise_plus_cumulative_tut,3,tsenyu0515workout,9,,24,1.9552200827627004,2.171349877743624,-0.2321696587788098,0.8515559013259845,0.0,0.375
rpe_only_143_sets,M2_exercise_plus_cumulative_tut,4,yanz0510workout,9,,24,1.1517252846201338,1.297970321116234,0.15690466916491586,0.7213006304879637,0.041666666666666664,0.7083333333333334
rpe_only_143_sets,M2_exercise_plus_cumulative_tut,5,yoru0511workout,9,,24,0.9870266764060781,1.2349698266403673,0.28694263613458426,0.7628777431223138,0.3333333333333333,0.75
rpe_only_143_sets,M2_exercise_plus_cumulative_tut,6,yushuan0513workout,9,,24,0.9818179710573954,1.4594462018172967,-0.0031646217623759743,0.5188073400028457,0.375,0.7916666666666666
rpe_only_143_sets,M3_progression_control,1,haoyu0512workout,10,,24,1.4302986256253245,1.6505718893069374,-1.7434392230413938,0.6248148516723885,0.16666666666666666,0.6666666666666666
rpe_only_143_sets,M3_progression_control,2,hsianshun0514workout,10,,23,0.9662114492493898,1.1624087014756346,0.6540263212382105,0.8695901222536639,0.30434782608695654,0.782608695652174
rpe_only_143_sets,M3_progression_control,3,tsenyu0515workout,10,,24,1.9242896827094114,2.141193704253508,-0.198182048993502,0.8471482620851668,0.0,0.3333333333333333
rpe_only_143_sets,M3_progression_control,4,yanz0510workout,10,,24,1.0508312563796511,1.2038177733887638,0.27478185459655224,0.7403991077730515,0.08333333333333333,0.8333333333333334
rpe_only_143_sets,M3_progression_control,5,yoru0511workout,10,,24,1.2212215614510478,1.4802049282959442,-0.024366735987761734,0.6993786061802353,0.2916666666666667,0.6666666666666666
rpe_only_143_sets,M3_progression_control,6,yushuan0513workout,10,,24,1.0048704400228283,1.509874038512367,-0.07368642404907555,0.5117185975262911,0.4583333333333333,0.7916666666666666
rpe_only_143_sets,M4_add_one__kg,1,haoyu0512workout,11,-0.220312897334639,24,1.474009020951133,1.6933210755024084,-1.8873875672912668,0.5987808995193724,0.125,0.6666666666666666
rpe_only_143_sets,M4_add_one__kg,2,hsianshun0514workout,11,-0.23095496255222028,23,1.0371023781919069,1.2256576592509507,0.6153517845726066,0.8555320833257756,0.21739130434782608,0.6956521739130435
rpe_only_143_sets,M4_add_one__kg,3,tsenyu0515workout,11,-0.15679414510498535,24,1.9041927102730132,2.1350705816918363,-0.19133901994201796,0.8334845804386318,0.0,0.375
rpe_only_143_sets,M4_add_one__kg,4,yanz0510workout,11,-0.15990281437512993,24,1.0431977871852753,1.2079980940952562,0.2697363929499944,0.7506145723674007,0.08333333333333333,0.8333333333333334
rpe_only_143_sets,M4_add_one__kg,5,yoru0511workout,11,-0.1684811384690575,24,1.2248408067739405,1.4981433950421992,-0.049345594232576895,0.7135882032581828,0.25,0.6666666666666666
rpe_only_143_sets,M4_add_one__kg,6,yushuan0513workout,11,0.3655481940244671,24,1.4577587526878115,1.9553263152142926,-0.8006716070371496,0.5405166138372944,0.20833333333333334,0.625
rpe_only_143_sets,M4_add_one__n_reps,1,haoyu0512workout,11,-0.13921752825715777,24,1.4430636823785736,1.6663689356393312,-1.7962035095914755,0.6248148516723885,0.125,0.6666666666666666
rpe_only_143_sets,M4_add_one__n_reps,2,hsianshun0514workout,11,-0.07656225070632729,23,0.9569385786736394,1.1489829787439012,0.6619721019363712,0.8796315786307272,0.30434782608695654,0.8260869565217391
rpe_only_143_sets,M4_add_one__n_reps,3,tsenyu0515workout,11,-0.21914661898024138,24,1.9334282544173842,2.207786757880581,-0.27387009261577133,0.8383329836035314,0.0,0.375
rpe_only_143_sets,M4_add_one__n_reps,4,yanz0510workout,11,0.006419260577476351,24,1.0538450468805285,1.2081695026608716,0.26952913712940474,0.7368459026967561,0.08333333333333333,0.8333333333333334
rpe_only_143_sets,M4_add_one__n_reps,5,yoru0511workout,11,-0.09973016481909608,24,1.2015444796594401,1.4675437744669282,-0.006917536092973853,0.6838368593762301,0.2916666666666667,0.6666666666666666
rpe_only_143_sets,M4_add_one__n_reps,6,yushuan0513workout,11,-0.03014757472471759,24,0.9993524952697949,1.5005449534332425,-0.06045940358937685,0.5298835001224624,0.4166666666666667,0.7916666666666666
rpe_only_143_sets,M4_add_one__total_tut_sec,1,haoyu0512workout,11,-0.294588272701535,24,1.451908440986277,1.7165497658797115,-1.967148295236389,0.6139673716086318,0.16666666666666666,0.5833333333333334
rpe_only_143_sets,M4_add_one__total_tut_sec,2,hsianshun0514workout,11,-0.22289242354157474,23,0.9855362619365089,1.1966542200100658,0.6333406972508622,0.8610548843331604,0.43478260869565216,0.6521739130434783
rpe_only_143_sets,M4_add_one__total_tut_sec,3,tsenyu0515workout,11,0.18097034923661143,24,2.061864699103808,2.2726913374917292,-0.34986956775577527,0.8370106918312858,0.0,0.3333333333333333
rpe_only_143_sets,M4_add_one__total_tut_sec,4,yanz0510workout,11,-0.07061695210493853,24,1.045237407855791,1.189785712650833,0.29159003978439846,0.7324043963513868,0.08333333333333333,0.7916666666666666
rpe_only_143_sets,M4_add_one__total_tut_sec,5,yoru0511workout,11,-0.27294589322442214,24,1.2937714249254373,1.5198664472235626,-0.07999720293837798,0.7553288946746541,0.20833333333333334,0.625
rpe_only_143_sets,M4_add_one__total_tut_sec,6,yushuan0513workout,11,-0.05841417505718658,24,0.9961529127552388,1.49781061371315,-0.05659812060655378,0.5152629687645683,0.4166666666666667,0.7916666666666666
rpe_only_143_sets,M4_add_one__rep_duration_cv,1,haoyu0512workout,11,-0.19320927635066348,24,1.4701632670378093,1.7646056843095128,-2.1356082785876356,0.5906452894715548,0.16666666666666666,0.5833333333333334
rpe_only_143_sets,M4_add_one__rep_duration_cv,2,hsianshun0514workout,11,-0.13154365787441602,23,0.9967158916116222,1.2099782242273367,0.6251301919931291,0.8615569571520134,0.34782608695652173,0.6956521739130435
rpe_only_143_sets,M4_add_one__rep_duration_cv,3,tsenyu0515workout,11,-0.12910344250582867,24,1.9433863128878397,2.156243293326815,-0.21508431971402797,0.8427406228443489,0.0,0.3333333333333333
rpe_only_143_sets,M4_add_one__rep_duration_cv,4,yanz0510workout,11,-0.03820495148720642,24,1.037859764102498,1.1937634001131414,0.28684541447522116,0.7457289153874945,0.125,0.8333333333333334
rpe_only_143_sets,M4_add_one__rep_duration_cv,5,yoru0511workout,11,0.17481782698085765,24,1.4485733949880852,1.6911828253852264,-0.33718930596891505,0.6705153621156541,0.125,0.5416666666666666
rpe_only_143_sets,M4_add_one__rep_duration_cv,6,yushuan0513workout,11,-0.030058488446389975,24,0.998319841490885,1.5045466908185152,-0.06612313085469856,0.502414623025813,0.4583333333333333,0.7916666666666666
rpe_only_143_sets,M4_add_one__movement_rate_cv,1,haoyu0512workout,11,-0.16189451052276463,24,1.3777663966417713,1.609063686859588,-1.6071914445126185,0.6248148516723885,0.16666666666666666,0.6666666666666666
rpe_only_143_sets,M4_add_one__movement_rate_cv,2,hsianshun0514workout,11,-0.2271595910674267,23,0.9620987921227607,1.1890514370526946,0.6379849388880473,0.860050738695454,0.34782608695652173,0.7391304347826086
rpe_only_143_sets,M4_add_one__movement_rate_cv,3,tsenyu0515workout,11,-0.29911865174120766,24,1.9045154440771441,2.1725790281779895,-0.23356505852949128,0.7933750633471904,0.08333333333333333,0.375
rpe_only_143_sets,M4_add_one__movement_rate_cv,4,yanz0510workout,11,-0.2080861845296716,24,1.0156461888992705,1.1737697833421121,0.31053375285029916,0.7506145723674007,0.16666666666666666,0.8333333333333334
rpe_only_143_sets,M4_add_one__movement_rate_cv,5,yoru0511workout,11,-0.10814246107123629,24,1.143061302769191,1.4138914083191778,0.06536102697822876,0.7095917540800101,0.2916666666666667,0.7083333333333334
rpe_only_143_sets,M4_add_one__movement_rate_cv,6,yushuan0513workout,11,-0.21462575549873694,24,0.9782673600480588,1.4939948312990499,-0.05122145562240976,0.5068450870736597,0.4166666666666667,0.8333333333333334
rpe_only_143_sets,M4_add_one__gyro_diff_gain_last2_vs_first2,1,haoyu0512workout,11,0.0572610299786485,24,1.4358340727991241,1.658144346286724,-1.7686695449626457,0.6248148516723885,0.16666666666666666,0.6666666666666666
rpe_only_143_sets,M4_add_one__gyro_diff_gain_last2_vs_first2,2,hsianshun0514workout,11,0.0758546859298451,23,0.9644183883693721,1.1836689727662202,0.6412549789833915,0.8791295058118739,0.34782608695652173,0.7391304347826086
rpe_only_143_sets,M4_add_one__gyro_diff_gain_last2_vs_first2,3,tsenyu0515workout,11,0.03462544019143747,24,1.9253230297897639,2.1439834445474797,-0.20130628223428215,0.8471482620851668,0.0,0.3333333333333333
rpe_only_143_sets,M4_add_one__gyro_diff_gain_last2_vs_first2,4,yanz0510workout,11,0.03227180689772629,24,1.055002395258319,1.2080054734870673,0.2697274708866766,0.7403991077730515,0.08333333333333333,0.8333333333333334
rpe_only_143_sets,M4_add_one__gyro_diff_gain_last2_vs_first2,5,yoru0511workout,11,-0.07959195391144461,24,1.247392116101123,1.5081085200708486,-0.06335178050870494,0.6816166098328007,0.25,0.625
rpe_only_143_sets,M4_add_one__gyro_diff_gain_last2_vs_first2,6,yushuan0513workout,11,-0.033655381274140146,24,1.001008395488798,1.5158587156185284,-0.08221481924185858,0.502414623025813,0.4166666666666667,0.7916666666666666
rpe_only_143_sets,M4_add_one__gyro_mag_diff_rms_slope,1,haoyu0512workout,11,-0.024798121048315164,24,1.4292567491895258,1.648000449676479,-1.7348978281627851,0.6117978755958804,0.125,0.6666666666666666
rpe_only_143_sets,M4_add_one__gyro_mag_diff_rms_slope,2,hsianshun0514workout,11,0.01888222387641508,23,0.9665413350667901,1.1690187913180026,0.6500803435012172,0.8695901222536639,0.30434782608695654,0.782608695652174
rpe_only_143_sets,M4_add_one__gyro_mag_diff_rms_slope,3,tsenyu0515workout,11,0.0002305433364572735,24,1.9242905716125893,2.1412177397968484,-0.1982089490522403,0.8471482620851668,0.0,0.3333333333333333
rpe_only_143_sets,M4_add_one__gyro_mag_diff_rms_slope,4,yanz0510workout,11,0.00841853464933949,24,1.0555389327325144,1.2070529159966372,0.2708787112065967,0.7403991077730515,0.08333333333333333,0.8333333333333334
rpe_only_143_sets,M4_add_one__gyro_mag_diff_rms_slope,5,yoru0511workout,11,-0.19840624537239934,24,1.3370832361763119,1.5862974039912061,-0.17647039403548903,0.6793963602893714,0.25,0.5833333333333334
rpe_only_143_sets,M4_add_one__gyro_mag_diff_rms_slope,6,yushuan0513workout,11,-0.1393402216963568,24,1.0014986592375579,1.5499849962096421,-0.13149076807980586,0.5174782007884917,0.4166666666666667,0.7916666666666666
rpe_only_143_sets,M4_add_one__sim_to_first_slope,1,haoyu0512workout,11,-0.12912405974718794,24,1.370886654972721,1.6095781062822767,-1.6088587549101159,0.5911876634747426,0.125,0.625
rpe_only_143_sets,M4_add_one__sim_to_first_slope,2,hsianshun0514workout,11,-0.26838363492801,23,1.047905755318391,1.2659815860068966,0.5896257212190629,0.8761170688987552,0.391304347826087,0.6956521739130435
rpe_only_143_sets,M4_add_one__sim_to_first_slope,3,tsenyu0515workout,11,-0.14453575175273237,24,1.8884309342418077,2.1058084337232286,-0.15890707617739097,0.8383329836035314,0.0,0.4166666666666667
rpe_only_143_sets,M4_add_one__sim_to_first_slope,4,yanz0510workout,11,-0.17428990329782365,24,1.0437268365720598,1.185817314398817,0.29630780451629757,0.7266304381024067,0.125,0.75
rpe_only_143_sets,M4_add_one__sim_to_first_slope,5,yoru0511workout,11,-0.14476225756185768,24,1.2010599349281699,1.4567913726614141,0.007783380200179546,0.7171406025276698,0.20833333333333334,0.6666666666666666
rpe_only_143_sets,M4_add_one__sim_to_first_slope,6,yushuan0513workout,11,-0.17746784378985364,24,0.9654877597571979,1.499113960787719,-0.05843775669574702,0.5360861497894478,0.4166666666666667,0.7916666666666666
rpe_only_143_sets,M4_add_one__pca_diff_rms_mean,1,haoyu0512workout,11,-0.14416354687621177,24,1.3760981405207666,1.6009659041839523,-1.5810155454249917,0.5987808995193724,0.125,0.6666666666666666
rpe_only_143_sets,M4_add_one__pca_diff_rms_mean,2,hsianshun0514workout,11,-0.22741478875581192,23,0.9595695247610351,1.1319404897460534,0.6719254476956742,0.8736067048044892,0.30434782608695654,0.7391304347826086
rpe_only_143_sets,M4_add_one__pca_diff_rms_mean,3,tsenyu0515workout,11,-0.22779496651484807,24,1.9043301281561387,2.1084605973498203,-0.1618280890073569,0.8281954133496505,0.0,0.4166666666666667
rpe_only_143_sets,M4_add_one__pca_diff_rms_mean,4,yanz0510workout,11,-0.2546233046338729,24,1.0374633582283492,1.187706661447953,0.29406365120664013,0.7594975850581391,0.08333333333333333,0.8333333333333334
rpe_only_143_sets,M4_add_one__pca_diff_rms_mean,5,yoru0511workout,11,-0.28665538016487474,24,1.2224553555605562,1.4791724914509945,-0.0229382511786016,0.7375668983272197,0.3333333333333333,0.5833333333333334
rpe_only_143_sets,M4_add_one__pca_diff_rms_mean,6,yushuan0513workout,11,-0.3249258486790409,24,1.119237081222582,1.5413286976493772,-0.11888784367765703,0.6362146372707825,0.4166666666666667,0.75
vo2_lag45_96_sets,M0_exercise_mean,1,haoyu0512workout,0,,24,1.3055555555555554,1.4979409736347515,-1.2595182595182592,0.40636303325058964,0.16666666666666666,0.5833333333333334
vo2_lag45_96_sets,M0_exercise_mean,2,yanz0510workout,0,,24,1.212962962962963,1.4304881321759702,-0.02403706921517501,0.28347438782872936,0.25,0.6666666666666666
vo2_lag45_96_sets,M0_exercise_mean,3,yoru0511workout,0,,24,1.7870370370370372,2.213176031893566,-1.290043290043291,0.4399194459951265,0.20833333333333334,0.4583333333333333
vo2_lag45_96_sets,M0_exercise_mean,4,yushuan0513workout,0,,24,1.1851851851851851,1.4624940645653537,-0.007358953393295176,0.20478790122679258,0.2916666666666667,0.7083333333333334
vo2_lag45_96_sets,M1_exercise_plus_set_index,1,haoyu0512workout,9,,24,1.376199380264601,1.6117934532129028,-1.6160451157907425,0.5152553030284454,0.16666666666666666,0.5416666666666666
vo2_lag45_96_sets,M1_exercise_plus_set_index,2,yanz0510workout,9,,24,0.9799773610296102,1.1709485992476047,0.31384406749084404,0.5889437413959605,0.25,0.8333333333333334
vo2_lag45_96_sets,M1_exercise_plus_set_index,3,yoru0511workout,9,,24,1.8136856404402886,2.187790500612486,-1.237810154344524,0.5506218867704709,0.20833333333333334,0.4583333333333333
vo2_lag45_96_sets,M1_exercise_plus_set_index,4,yushuan0513workout,9,,24,1.050572580388434,1.4649982498174146,-0.010811648612934377,0.45190733288036095,0.375,0.8333333333333334
vo2_lag45_96_sets,M2_exercise_plus_cumulative_tut,1,haoyu0512workout,9,,24,0.9505661516406202,1.2327811843963818,-0.5303770671234367,0.5863062974460521,0.375,0.7916666666666666
vo2_lag45_96_sets,M2_exercise_plus_cumulative_tut,2,yanz0510workout,9,,24,0.9466707543542004,1.09151956857801,0.4037749592466501,0.7399549571385146,0.2916666666666667,0.8333333333333334
vo2_lag45_96_sets,M2_exercise_plus_cumulative_tut,3,yoru0511workout,9,,24,1.425596376773773,1.779815277609285,-0.4810224312572857,0.6638546134853662,0.25,0.5
vo2_lag45_96_sets,M2_exercise_plus_cumulative_tut,4,yushuan0513workout,9,,24,0.9089016025906017,1.3431768963377229,0.15030619401738976,0.497098066168397,0.5,0.7916666666666666
vo2_lag45_96_sets,M3_progression_control,1,haoyu0512workout,10,,24,0.9470320955856976,1.2273761924556383,-0.5169869493999553,0.5863062974460521,0.3333333333333333,0.7916666666666666
vo2_lag45_96_sets,M3_progression_control,2,yanz0510workout,10,,24,1.148265572656631,1.3564296007830212,0.07925010699991086,0.5733984691871682,0.125,0.75
vo2_lag45_96_sets,M3_progression_control,3,yoru0511workout,10,,24,1.4683121172432785,1.8126276388839007,-0.5361335384525934,0.661190314033251,0.25,0.5
vo2_lag45_96_sets,M3_progression_control,4,yushuan0513workout,10,,24,0.9113444399991936,1.3360141338466374,0.15934435885308496,0.497098066168397,0.5,0.7916666666666666
vo2_lag45_96_sets,M4_add_one__kg,1,haoyu0512workout,11,-0.28940440218876096,24,1.0431323937008812,1.3115476345593422,-0.7321862690309202,0.5651537113217264,0.3333333333333333,0.7083333333333334
vo2_lag45_96_sets,M4_add_one__kg,2,yanz0510workout,11,-0.22474343526715038,24,1.208962857938651,1.413427122941759,0.00024404035131797563,0.5822814818779067,0.08333333333333333,0.7083333333333334
vo2_lag45_96_sets,M4_add_one__kg,3,yoru0511workout,11,0.1077176760720039,24,1.5041979749809375,1.8466748251476146,-0.5943829188834162,0.6536414655855913,0.2916666666666667,0.5
vo2_lag45_96_sets,M4_add_one__kg,4,yushuan0513workout,11,0.22815783389740252,24,1.0195201913822804,1.4828578990163725,-0.035607283758744224,0.5205795256219844,0.3333333333333333,0.8333333333333334
vo2_lag45_96_sets,M4_add_one__n_reps,1,haoyu0512workout,11,-0.2386659606370039,24,0.8938925500863469,1.1875395756941538,-0.4201121336569127,0.6096283795831291,0.375,0.8333333333333334
vo2_lag45_96_sets,M4_add_one__n_reps,2,yanz0510workout,11,-0.0351729304847466,24,1.1263820396382134,1.3170631760726916,0.1319187523669756,0.620922587082619,0.125,0.75
vo2_lag45_96_sets,M4_add_one__n_reps,3,yoru0511workout,11,-0.3347455987251426,24,1.414572055322564,1.7955469481257205,-0.5073194590292105,0.5661636335744761,0.2916666666666667,0.5416666666666666
vo2_lag45_96_sets,M4_add_one__n_reps,4,yushuan0513workout,11,-0.22403180168918177,24,0.8989108259934079,1.2846336610409934,0.2227609334310371,0.5431748922660025,0.5,0.8333333333333334
vo2_lag45_96_sets,M4_add_one__total_tut_sec,1,haoyu0512workout,11,-0.006369619373590579,24,0.948454963121273,1.2296784235943816,-0.5226832144427491,0.5863062974460521,0.3333333333333333,0.7916666666666666
vo2_lag45_96_sets,M4_add_one__total_tut_sec,2,yanz0510workout,11,0.3370203975837723,24,1.1819593801630546,1.4348900151237811,-0.030349077992275264,0.4810151372034882,0.08333333333333333,0.7083333333333334
vo2_lag45_96_sets,M4_add_one__total_tut_sec,3,yoru0511workout,11,-0.18242427397284194,24,1.53511233243911,1.8810599376416282,-0.6543105662858666,0.6771761107459421,0.20833333333333334,0.4583333333333333
vo2_lag45_96_sets,M4_add_one__total_tut_sec,4,yushuan0513workout,11,0.41072782902329813,24,1.0610687698992056,1.4780967286718543,-0.028967690141301627,0.41734971330715676,0.4166666666666667,0.75
vo2_lag45_96_sets,M4_add_one__rep_duration_cv,1,haoyu0512workout,11,-0.430463377047958,24,1.0907320174749038,1.4972417587714146,-1.2574093379446456,0.5803401834109859,0.2916666666666667,0.75
vo2_lag45_96_sets,M4_add_one__rep_duration_cv,2,yanz0510workout,11,-0.24828089560571917,24,1.0754608928462552,1.2775899509868947,0.18317290727288194,0.586278837588739,0.25,0.7083333333333334
vo2_lag45_96_sets,M4_add_one__rep_duration_cv,3,yoru0511workout,11,0.11808329951370067,24,1.6246395174811943,1.9430626242249758,-0.7651652599969065,0.6709594120243401,0.20833333333333334,0.4583333333333333
vo2_lag45_96_sets,M4_add_one__rep_duration_cv,4,yushuan0513workout,11,-0.23718092821458686,24,0.9489119841377064,1.294754230569641,0.21046624192565977,0.49665501976361237,0.4166666666666667,0.7916666666666666
vo2_lag45_96_sets,M4_add_one__movement_rate_cv,1,haoyu0512workout,11,-0.40850089895482433,24,0.9385017549536894,1.1749618443659129,-0.3901894289725014,0.6226453556596372,0.2916666666666667,0.75
vo2_lag45_96_sets,M4_add_one__movement_rate_cv,2,yanz0510workout,11,-0.43521665872230664,24,1.0107443688324893,1.2572554019639453,0.20896776719192645,0.591608645203182,0.2916666666666667,0.7083333333333334
vo2_lag45_96_sets,M4_add_one__movement_rate_cv,3,yoru0511workout,11,-0.032451491614100846,24,1.4117610938875498,1.7640527556392558,-0.45490592842109456,0.6563057650377065,0.25,0.5416666666666666
vo2_lag45_96_sets,M4_add_one__movement_rate_cv,4,yushuan0513workout,11,-0.4721465006581617,24,0.9540809943826813,1.3392810566665885,0.15522806273288559,0.44969210085643757,0.5,0.8333333333333334
vo2_lag45_96_sets,M4_add_one__gyro_diff_gain_last2_vs_first2,1,haoyu0512workout,11,0.25889442990398576,24,1.0817607790912653,1.304079218259241,-0.7125150732823153,0.6020351435384994,0.20833333333333334,0.7083333333333334
vo2_lag45_96_sets,M4_add_one__gyro_diff_gain_last2_vs_first2,2,yanz0510workout,11,0.16752466488262682,24,1.1560437502756333,1.3713036986880538,0.058946195999592166,0.5987150553557729,0.16666666666666666,0.7916666666666666
vo2_lag45_96_sets,M4_add_one__gyro_diff_gain_last2_vs_first2,3,yoru0511workout,11,0.04848097459930129,24,1.4651607823673498,1.8028853058624175,-0.5196653940182652,0.6767320608372562,0.2916666666666667,0.5
vo2_lag45_96_sets,M4_add_one__gyro_diff_gain_last2_vs_first2,4,yushuan0513workout,11,0.10200154708071639,24,0.9128929689283521,1.314776010265674,0.18585910766149516,0.5086172726927983,0.5,0.7916666666666666
vo2_lag45_96_sets,M4_add_one__gyro_mag_diff_rms_slope,1,haoyu0512workout,11,0.18082121167425078,24,0.9984520405218893,1.2445255887924633,-0.5596750176708303,0.6253572256755764,0.3333333333333333,0.7916666666666666
vo2_lag45_96_sets,M4_add_one__gyro_mag_diff_rms_slope,2,yanz0510workout,11,0.29522620477904127,24,1.2855848393841047,1.506775443226998,-0.13617237890153255,0.4747970283199712,0.16666666666666666,0.75
vo2_lag45_96_sets,M4_add_one__gyro_mag_diff_rms_slope,3,yoru0511workout,11,-0.029639961526849983,24,1.4747928063632225,1.8220489572261833,-0.5521434609226596,0.6496450164074187,0.25,0.5
vo2_lag45_96_sets,M4_add_one__gyro_mag_diff_rms_slope,4,yushuan0513workout,11,0.09103243454713396,24,0.9182745030631718,1.3163185714590881,0.1839476050832196,0.5134907831454297,0.5,0.7916666666666666
vo2_lag45_96_sets,M4_add_one__sim_to_first_slope,1,haoyu0512workout,11,-0.2737962004139907,24,0.8944775474747644,1.1588034502390319,-0.3522158239522193,0.5890181674619913,0.3333333333333333,0.8333333333333334
vo2_lag45_96_sets,M4_add_one__sim_to_first_slope,2,yanz0510workout,11,-0.30613311812989163,24,1.1775995844450942,1.3644710741907653,0.0683005769880961,0.6329146542151158,0.08333333333333333,0.75
vo2_lag45_96_sets,M4_add_one__sim_to_first_slope,3,yoru0511workout,11,-0.18419102518537006,24,1.433426311330215,1.767301758465279,-0.4602701064555954,0.6394318685076437,0.25,0.5416666666666666
vo2_lag45_96_sets,M4_add_one__sim_to_first_slope,4,yushuan0513workout,11,-0.2511347637224722,24,0.8831252255959955,1.2984511673350743,0.20595106299476806,0.521022572026769,0.5,0.8333333333333334
vo2_lag45_96_sets,M4_add_one__pca_diff_rms_mean,1,haoyu0512workout,11,-0.15440197644674195,24,0.9156890771162732,1.199509198655418,-0.4488840121880464,0.5890181674619913,0.375,0.7916666666666666
vo2_lag45_96_sets,M4_add_one__pca_diff_rms_mean,2,yanz0510workout,11,-0.18003620625884942,24,1.130797017499084,1.3313288679274506,0.11301176764870136,0.580504879339759,0.16666666666666666,0.75
vo2_lag45_96_sets,M4_add_one__pca_diff_rms_mean,3,yoru0511workout,11,-0.3097143103047384,24,1.5065711938499078,1.831840135547121,-0.5688698462239818,0.6922738076412615,0.20833333333333334,0.5
vo2_lag45_96_sets,M4_add_one__pca_diff_rms_mean,4,yushuan0513workout,11,-0.11900139595549163,24,0.893354130014357,1.2939177401077993,0.2114860866202548,0.5263391288841851,0.4583333333333333,0.8333333333333334
vo2_lag45_96_sets,M4_add_one__vo2_mean,1,haoyu0512workout,11,-0.24839831434168763,24,0.9816287987077544,1.2852944613002368,-0.6635341728941644,0.5521367352452183,0.375,0.7916666666666666
vo2_lag45_96_sets,M4_add_one__vo2_mean,2,yanz0510workout,11,-0.2601070224989262,24,1.2032055227817386,1.419907870936619,-0.008945001287498755,0.5831697831469805,0.125,0.75
vo2_lag45_96_sets,M4_add_one__vo2_mean,3,yoru0511workout,11,0.29676880894264074,24,1.5531294234196238,1.9007776434452106,-0.6891740700462419,0.641652118051073,0.25,0.4583333333333333
vo2_lag45_96_sets,M4_add_one__vo2_mean,4,yushuan0513workout,11,-0.07544813675866607,24,0.931447202145761,1.3355930238979288,0.15987422250265537,0.49931329819232034,0.4583333333333333,0.7916666666666666
vo2_lag45_96_sets,M4_add_one__vo2_peak,1,haoyu0512workout,11,-0.08412130810087043,24,0.9512447552010679,1.2333269194403096,-0.5317323202176354,0.5863062974460521,0.375,0.7916666666666666
vo2_lag45_96_sets,M4_add_one__vo2_peak,2,yanz0510workout,11,-0.39344100521306163,24,1.3504436583293178,1.5554054391098777,-0.21069398965008923,0.5578531969783759,0.08333333333333333,0.75
vo2_lag45_96_sets,M4_add_one__vo2_peak,3,yoru0511workout,11,0.11439460773623282,24,1.4754795335316935,1.8229158381648054,-0.5536207468721486,0.6496450164074187,0.25,0.5
vo2_lag45_96_sets,M4_add_one__vo2_peak,4,yushuan0513workout,11,0.011485926061791652,24,0.9098737113715245,1.3368161244508336,0.15833478827404224,0.497098066168397,0.5,0.7916666666666666
vo2_lag45_96_sets,M4_add_one__vo2_slope,1,haoyu0512workout,11,0.0876334428121146,24,0.9327509825345984,1.1975824577374992,-0.44423313988534807,0.5938995334906818,0.3333333333333333,0.7916666666666666
vo2_lag45_96_sets,M4_add_one__vo2_slope,2,yanz0510workout,11,0.4201237576392764,24,1.2942084847352617,1.7090828944663723,-0.4617510511996099,0.4938955056050589,0.125,0.7916666666666666
vo2_lag45_96_sets,M4_add_one__vo2_slope,3,yoru0511workout,11,0.035536487671190976,24,1.4576551825666977,1.8001333670301862,-0.5150296754212424,0.6647427133027378,0.2916666666666667,0.5416666666666666
vo2_lag45_96_sets,M4_add_one__vo2_slope,4,yushuan0513workout,11,0.22295539384469784,24,0.9216579522837339,1.3503752879272084,0.14117438355778666,0.506402040668875,0.4583333333333333,0.7916666666666666
