stage,model_type,fold,train_subjects,val_subject,test_subject,selected_alpha,val_selection_mae,n_features,val_n,val_mae,val_rmse,val_r2,val_spearman,val_rounded_exact_acc,val_rounded_pm1_acc,test_n,test_mae,test_rmse,test_r2,test_spearman,test_rounded_exact_acc,test_rounded_pm1_acc
M0_exercise_mean,exercise_mean,1,tsenyu0515workout|yanz0510workout|yoru0511workout|yushuan0513workout|ziho0512workout,hsianshun0514workout,haoyu0512workout,,1.6809731726018107,0,266,1.6809731726018107,2.059616882909059,0.06973681085643768,0.3527985369226956,0.18796992481203006,0.5037593984962406,289,1.7485538515026953,2.152371895647774,0.0018003547378594442,0.18184536966510265,0.19377162629757785,0.4740484429065744
M0_exercise_mean,exercise_mean,2,haoyu0512workout|yanz0510workout|yoru0511workout|yushuan0513workout|ziho0512workout,tsenyu0515workout,hsianshun0514workout,,1.8372828879578176,0,281,1.8372828879578176,2.328794621930762,-0.3051910380141887,0.31974496907330663,0.20284697508896798,0.5266903914590747,266,1.7702128085219435,2.165359382477123,-0.028236276878937927,0.33136108831896566,0.16165413533834586,0.4849624060150376
M0_exercise_mean,exercise_mean,3,haoyu0512workout|hsianshun0514workout|yoru0511workout|yushuan0513workout|ziho0512workout,yanz0510workout,tsenyu0515workout,,1.9832512113162106,0,275,1.9832512113162106,2.3131195597694134,-0.11983160633985657,0.01839271605275735,0.12363636363636364,0.3490909090909091,281,1.7086694940091347,2.2048798916321393,-0.1699884584610969,0.33691594269333086,0.2206405693950178,0.5765124555160143
M0_exercise_mean,exercise_mean,4,haoyu0512workout|hsianshun0514workout|tsenyu0515workout|yushuan0513workout|ziho0512workout,yoru0511workout,yanz0510workout,,1.3850333497235705,0,285,1.3850333497235705,1.8739870309888864,-0.02501807471719264,0.2724645179998417,0.2736842105263158,0.6526315789473685,275,2.023033720419541,2.3443346667491305,-0.1502593663278513,0.01839271605275735,0.11272727272727273,0.31272727272727274
M0_exercise_mean,exercise_mean,5,haoyu0512workout|hsianshun0514workout|tsenyu0515workout|yanz0510workout|ziho0512workout,yushuan0513workout,yoru0511workout,,1.5811454688176283,0,281,1.5811454688176283,2.051098730144358,0.03267406065882539,0.2138161874521332,0.21352313167259787,0.594306049822064,285,1.4149817220165768,1.894695248764453,-0.04779686261694249,0.27369132836309523,0.2596491228070175,0.6280701754385964
M0_exercise_mean,exercise_mean,6,haoyu0512workout|hsianshun0514workout|tsenyu0515workout|yanz0510workout|yoru0511workout,ziho0512workout,yushuan0513workout,,1.8533592136559056,0,268,1.8533592136559056,2.247571957805522,-0.32350135247982603,0.04252283250989921,0.15671641791044777,0.4925373134328358,281,1.6198499252461795,2.0932013185659053,-0.007445825296280795,0.09402483005664432,0.23843416370106763,0.5800711743772242
M0_exercise_mean,exercise_mean,7,hsianshun0514workout|tsenyu0515workout|yanz0510workout|yoru0511workout|yushuan0513workout,haoyu0512workout,ziho0512workout,,1.8174694538184215,0,289,1.8174694538184215,2.2280918630354405,-0.06966791958168028,0.1280517457239168,0.19377162629757785,0.4740484429065744,268,1.8678067888648595,2.265486889347064,-0.34468415068573033,0.06857835052247606,0.15671641791044777,0.4925373134328358
M1_exercise_plus_rep_progress,ridge,1,tsenyu0515workout|yanz0510workout|yoru0511workout|yushuan0513workout|ziho0512workout,hsianshun0514workout,haoyu0512workout,0.01,1.377798178662698,9,266,1.377798178662698,1.6667913550793267,0.39075015350347886,0.6347618876897478,0.21052631578947367,0.5902255639097744,289,1.1777150870407906,1.397396931539381,0.5792517130716492,0.8397214896150621,0.1972318339100346,0.7231833910034602
M1_exercise_plus_rep_progress,ridge,2,haoyu0512workout|yanz0510workout|yoru0511workout|yushuan0513workout|ziho0512workout,tsenyu0515workout,hsianshun0514workout,100.0,1.6305007792408184,9,281,1.6305007792408184,2.091936559713477,-0.05319484320192247,0.5583217693196769,0.2846975088967972,0.5195729537366548,266,1.466253600942606,1.799883998785375,0.28956887225089356,0.6078037519964758,0.20300751879699247,0.5902255639097744
M1_exercise_plus_rep_progress,ridge,3,haoyu0512workout|hsianshun0514workout|yoru0511workout|yushuan0513workout|ziho0512workout,yanz0510workout,tsenyu0515workout,100.0,1.8792821084838844,9,275,1.8792821084838844,2.1484703511285193,0.03391511245296153,0.3562776274119397,0.10545454545454545,0.36,281,1.5306358858088962,1.9578274893007392,0.07751237655920007,0.5763930727464602,0.26334519572953735,0.5693950177935944
M1_exercise_plus_rep_progress,ridge,4,haoyu0512workout|hsianshun0514workout|tsenyu0515workout|yushuan0513workout|ziho0512workout,yoru0511workout,yanz0510workout,100.0,1.313704419109944,9,285,1.313704419109944,1.6327037080757476,0.22193994458168953,0.5580772745094317,0.22456140350877193,0.631578947368421,275,1.9030493674496871,2.183559150321726,0.0021012447669569445,0.35845646749479987,0.10545454545454545,0.3563636363636364
M1_exercise_plus_rep_progress,ridge,5,haoyu0512workout|hsianshun0514workout|tsenyu0515workout|yanz0510workout|ziho0512workout,yushuan0513workout,yoru0511workout,0.01,1.147250529176262,9,281,1.147250529176262,1.4409658031143504,0.5225729177995115,0.7439119387501311,0.3096085409252669,0.6832740213523132,285,1.3298799088540925,1.6545772960603642,0.20095270988782699,0.5568996683613426,0.23157894736842105,0.6350877192982456
M1_exercise_plus_rep_progress,ridge,6,haoyu0512workout|hsianshun0514workout|tsenyu0515workout|yanz0510workout|yoru0511workout,ziho0512workout,yushuan0513workout,0.01,1.5312512409407488,9,268,1.5312512409407488,1.760485838808652,0.18798836596594382,0.7124271009003169,0.1417910447761194,0.5149253731343284,281,1.2281860260785715,1.5151541566820073,0.4721465729893466,0.7129121709495285,0.2669039145907473,0.6548042704626335
M1_exercise_plus_rep_progress,ridge,7,hsianshun0514workout|tsenyu0515workout|yanz0510workout|yoru0511workout|yushuan0513workout,haoyu0512workout,ziho0512workout,0.01,1.3056006753089475,9,289,1.3056006753089475,1.527133417161067,0.4974992120521117,0.8047611586235082,0.18339100346020762,0.6228373702422145,268,1.5701529121886952,1.791726393314832,0.15891369431088442,0.7129953432958158,0.11940298507462686,0.48134328358208955
M2_exercise_plus_cumulative_tut,ridge,1,tsenyu0515workout|yanz0510workout|yoru0511workout|yushuan0513workout|ziho0512workout,hsianshun0514workout,haoyu0512workout,0.01,1.4721301083843494,9,266,1.4721301083843494,1.7742660495569313,0.30964824266069135,0.5914694756251313,0.21804511278195488,0.5338345864661654,289,1.2302995208321246,1.5061151498100611,0.5112360792247406,0.7999804935081788,0.2041522491349481,0.6920415224913494
M2_exercise_plus_cumulative_tut,ridge,2,haoyu0512workout|yanz0510workout|yoru0511workout|yushuan0513workout|ziho0512workout,tsenyu0515workout,hsianshun0514workout,100.0,2.0163210847074287,9,281,2.0163210847074287,2.508682553431433,-0.5146180328910053,0.5959551293123211,0.18149466192170818,0.498220640569395,266,1.5402052983180128,1.8834491173205639,0.22206961700141736,0.5459985171576996,0.20300751879699247,0.5526315789473685
M2_exercise_plus_cumulative_tut,ridge,3,haoyu0512workout|hsianshun0514workout|yoru0511workout|yushuan0513workout|ziho0512workout,yanz0510workout,tsenyu0515workout,100.0,2.0664839987486094,9,275,2.0664839987486094,2.336440434645805,-0.1425257214626794,0.20712691623920934,0.09454545454545454,0.3018181818181818,281,1.895978972481801,2.3811984292356967,-0.36459218234831603,0.608772572273421,0.18149466192170818,0.505338078291815
M2_exercise_plus_cumulative_tut,ridge,4,haoyu0512workout|hsianshun0514workout|tsenyu0515workout|yushuan0513workout|ziho0512workout,yoru0511workout,yanz0510workout,100.0,1.2793342983336635,9,285,1.2793342983336635,1.5744598507893794,0.2764616710094717,0.5177215024212577,0.22456140350877193,0.656140350877193,275,2.1076393759547645,2.3939716676369,-0.19948430987540644,0.20843684975945548,0.10909090909090909,0.3236363636363636
M2_exercise_plus_cumulative_tut,ridge,5,haoyu0512workout|hsianshun0514workout|tsenyu0515workout|yanz0510workout|ziho0512workout,yushuan0513workout,yoru0511workout,0.01,1.2429943197282194,9,281,1.2429943197282194,1.5998518876467485,0.41148266674322687,0.681276864748733,0.2918149466192171,0.6654804270462633,285,1.265094155208606,1.5772621713328907,0.27388378281017056,0.5352299290098098,0.22807017543859648,0.6877192982456141
M2_exercise_plus_cumulative_tut,ridge,6,haoyu0512workout|hsianshun0514workout|tsenyu0515workout|yanz0510workout|yoru0511workout,ziho0512workout,yushuan0513workout,0.01,1.6784795872085936,9,268,1.6784795872085936,1.9706638822569438,-0.017471594848698757,0.5720320150975144,0.1417910447761194,0.458955223880597,281,1.3137193993311518,1.6646470536500813,0.36284655571436475,0.6365519832968308,0.2526690391459075,0.6441281138790036
M2_exercise_plus_cumulative_tut,ridge,7,hsianshun0514workout|tsenyu0515workout|yanz0510workout|yoru0511workout|yushuan0513workout,haoyu0512workout,ziho0512workout,0.01,1.3221779603463664,9,289,1.3221779603463664,1.5893956734606922,0.4556893412210662,0.7503527870512788,0.18685121107266436,0.643598615916955,268,1.6881553475069793,1.9786268609420872,-0.025710923760628335,0.568802101227375,0.13805970149253732,0.458955223880597
M3_progression_control,ridge,1,tsenyu0515workout|yanz0510workout|yoru0511workout|yushuan0513workout|ziho0512workout,hsianshun0514workout,haoyu0512workout,100.0,0.8315756959703153,11,266,0.8315756959703153,1.0645322102456474,0.7514861696193648,0.917673435200072,0.38721804511278196,0.8458646616541353,289,1.0347866225724751,1.3154516113439794,0.6271513796519547,0.8358492803507229,0.328719723183391,0.7301038062283737
M3_progression_control,ridge,2,haoyu0512workout|yanz0510workout|yoru0511workout|yushuan0513workout|ziho0512workout,tsenyu0515workout,hsianshun0514workout,100.0,1.5961550421151578,11,281,1.5961550421151578,1.918054130345504,0.11461242510219594,0.7997429755588699,0.17793594306049823,0.5088967971530249,266,1.0266033972864004,1.2471088418450231,0.658931456570766,0.8879625245736702,0.2894736842105263,0.7593984962406015
M3_progression_control,ridge,3,haoyu0512workout|hsianshun0514workout|yoru0511workout|yushuan0513workout|ziho0512workout,yanz0510workout,tsenyu0515workout,0.01,1.2923712897790247,11,275,1.2923712897790247,1.5566207199403668,0.49286664838579475,0.6917766400089951,0.21454545454545454,0.64,281,1.5929411563150266,1.8953510958805577,0.13544814785762305,0.8069570122213009,0.1601423487544484,0.5409252669039146
M3_progression_control,ridge,4,haoyu0512workout|hsianshun0514workout|tsenyu0515workout|yushuan0513workout|ziho0512workout,yoru0511workout,yanz0510workout,100.0,1.2062187044957893,11,285,1.2062187044957893,1.6612910974831754,0.1944549428228336,0.6945373051008106,0.2912280701754386,0.7368421052631579,275,1.2730287130911488,1.5655350698994763,0.4870415829514656,0.7002504265463498,0.21454545454545454,0.6545454545454545
M3_progression_control,ridge,5,haoyu0512workout|hsianshun0514workout|tsenyu0515workout|yanz0510workout|ziho0512workout,yushuan0513workout,yoru0511workout,1.0,0.7871264886579864,11,281,0.7871264886579864,1.0794098948060558,0.7321001366987181,0.863886585330911,0.4875444839857651,0.8327402135231317,285,1.2075437015800872,1.6420038886553763,0.21305075292166897,0.7233154850280517,0.2982456140350877,0.7052631578947368
M3_progression_control,ridge,6,haoyu0512workout|hsianshun0514workout|tsenyu0515workout|yanz0510workout|yoru0511workout,ziho0512workout,yushuan0513workout,0.01,1.4107919249103247,11,268,1.4107919249103247,1.624365811683409,0.30870270089415763,0.853764591616485,0.13805970149253732,0.5410447761194029,281,0.9539089338589489,1.289276694146071,0.617798870184267,0.824100661628481,0.37722419928825623,0.7900355871886121
M3_progression_control,ridge,7,hsianshun0514workout|tsenyu0515workout|yanz0510workout|yoru0511workout|yushuan0513workout,haoyu0512workout,ziho0512workout,100.0,1.1875062732138906,11,289,1.1875062732138906,1.4655540550687163,0.5372073331049187,0.8202527905744688,0.23529411764705882,0.7093425605536332,268,1.4498664978689524,1.6515728076031624,0.28535126843003367,0.8552667591809159,0.11940298507462686,0.5447761194029851
M4_add_one__kg,ridge,1,tsenyu0515workout|yanz0510workout|yoru0511workout|yushuan0513workout|ziho0512workout,hsianshun0514workout,haoyu0512workout,100.0,0.8411089447650496,12,266,0.8411089447650496,1.0679080661650011,0.7499074909924378,0.896713309422576,0.3684210526315789,0.8458646616541353,289,1.1641986508397466,1.4627145276252518,0.538998927785304,0.8041818379721035,0.28719723183391005,0.6920415224913494
M4_add_one__kg,ridge,2,haoyu0512workout|yanz0510workout|yoru0511workout|yushuan0513workout|ziho0512workout,tsenyu0515workout,hsianshun0514workout,0.01,1.5084962681900245,12,281,1.5084962681900245,1.8372951621787361,0.18760065030582496,0.8035608674151965,0.19572953736654805,0.5480427046263345,266,0.8330828232522552,1.0482619347610405,0.7590246713852139,0.8862654671047212,0.38345864661654133,0.8383458646616542
M4_add_one__kg,ridge,3,haoyu0512workout|hsianshun0514workout|yoru0511workout|yushuan0513workout|ziho0512workout,yanz0510workout,tsenyu0515workout,0.01,1.3024121778030209,12,275,1.3024121778030209,1.589762129207955,0.47104240999476765,0.6975934339000596,0.22181818181818183,0.6218181818181818,281,1.4843895300419148,1.7951906720402273,0.22440880505392025,0.8032327202943552,0.19217081850533807,0.5587188612099644
M4_add_one__kg,ridge,4,haoyu0512workout|hsianshun0514workout|tsenyu0515workout|yushuan0513workout|ziho0512workout,yoru0511workout,yanz0510workout,100.0,1.1696347284975666,12,285,1.1696347284975666,1.6271538566913215,0.2272204846184015,0.6970210472724309,0.30526315789473685,0.7543859649122807,275,1.296960656633302,1.6119801458862633,0.45615400350072355,0.7042267071024993,0.24363636363636362,0.6363636363636364
M4_add_one__kg,ridge,5,haoyu0512workout|hsianshun0514workout|tsenyu0515workout|yanz0510workout|ziho0512workout,yushuan0513workout,yoru0511workout,100.0,0.8295724373495256,12,281,0.8295724373495256,1.0794931666033971,0.7320588004765209,0.8716563294142186,0.40213523131672596,0.8505338078291815,285,1.1308709911545103,1.540384398886534,0.3074413077745548,0.7231163207616045,0.312280701754386,0.7614035087719299
M4_add_one__kg,ridge,6,haoyu0512workout|hsianshun0514workout|tsenyu0515workout|yanz0510workout|yoru0511workout,ziho0512workout,yushuan0513workout,100.0,1.4761123335694313,12,268,1.4761123335694313,1.6784909655312132,0.2618660249490333,0.8548592630092674,0.12313432835820895,0.5223880597014925,281,0.9904133872706423,1.3154598627120775,0.6021174385406776,0.8288990328378313,0.36298932384341637,0.7793594306049823
M4_add_one__kg,ridge,7,hsianshun0514workout|tsenyu0515workout|yanz0510workout|yoru0511workout|yushuan0513workout,haoyu0512workout,ziho0512workout,100.0,1.2053246927465648,12,289,1.2053246927465648,1.4888096200401024,0.5224035185714337,0.8086175253776701,0.23875432525951557,0.6885813148788927,268,1.287848308514878,1.4957797920069669,0.41381796695143325,0.8493431948782957,0.17537313432835822,0.5970149253731343
M4_add_one__n_reps,ridge,1,tsenyu0515workout|yanz0510workout|yoru0511workout|yushuan0513workout|ziho0512workout,hsianshun0514workout,haoyu0512workout,100.0,0.8488489338023781,12,266,0.8488489338023781,1.080586855868235,0.7439337680024154,0.912160173314523,0.39473684210526316,0.8157894736842105,289,1.039311073465486,1.3294892385815367,0.6191513341753672,0.8369582022021145,0.33217993079584773,0.7093425605536332
M4_add_one__n_reps,ridge,2,haoyu0512workout|yanz0510workout|yoru0511workout|yushuan0513workout|ziho0512workout,tsenyu0515workout,hsianshun0514workout,100.0,1.651133430802643,12,281,1.651133430802643,1.9730818358585183,0.06308131302032927,0.8019324475911718,0.18149466192170818,0.4875444839857651,266,1.0514423249043003,1.2781164736325776,0.6417602156138171,0.8802492421075282,0.2744360902255639,0.7368421052631579
M4_add_one__n_reps,ridge,3,haoyu0512workout|hsianshun0514workout|yoru0511workout|yushuan0513workout|ziho0512workout,yanz0510workout,tsenyu0515workout,0.01,1.2440720319306464,12,275,1.2440720319306464,1.5052244127213747,0.5258027122223806,0.7184769459108078,0.2109090909090909,0.6581818181818182,281,1.639146206516283,1.938186985579714,0.09592793477602912,0.8136658282122783,0.1423487544483986,0.5373665480427047
M4_add_one__n_reps,ridge,4,haoyu0512workout|hsianshun0514workout|tsenyu0515workout|yushuan0513workout|ziho0512workout,yoru0511workout,yanz0510workout,100.0,1.2091759572464618,12,285,1.2091759572464618,1.6492413170614648,0.2060982227580922,0.690266367402956,0.2807017543859649,0.7333333333333333,275,1.2491418853457368,1.5402013810086186,0.5035087765381829,0.7128729686823574,0.22181818181818183,0.6690909090909091
M4_add_one__n_reps,ridge,5,haoyu0512workout|hsianshun0514workout|tsenyu0515workout|yanz0510workout|ziho0512workout,yushuan0513workout,yoru0511workout,0.01,0.7893719647745996,12,281,0.7893719647745996,1.076580561121813,0.7335027265957181,0.864073203879944,0.46619217081850534,0.8398576512455516,285,1.2032624728482426,1.6259022011121558,0.2284089177436327,0.7129510188651214,0.2982456140350877,0.7157894736842105
M4_add_one__n_reps,ridge,6,haoyu0512workout|hsianshun0514workout|tsenyu0515workout|yanz0510workout|yoru0511workout,ziho0512workout,yushuan0513workout,0.01,1.3974324525158413,12,268,1.3974324525158413,1.6053756025310448,0.3247719165780172,0.8593322295269432,0.13432835820895522,0.5447761194029851,281,0.9501390759642891,1.2746667002109726,0.6264119440294599,0.8287885963102832,0.35587188612099646,0.800711743772242
M4_add_one__n_reps,ridge,7,hsianshun0514workout|tsenyu0515workout|yanz0510workout|yoru0511workout|yushuan0513workout,haoyu0512workout,ziho0512workout,100.0,1.1914365771980389,12,289,1.1914365771980389,1.478024930576324,0.5292977166703645,0.8242614865536781,0.2491349480968858,0.698961937716263,268,1.4358869433136654,1.632162873107019,0.30205022908105483,0.861657931668083,0.11940298507462686,0.5559701492537313
M4_add_one__rep_duration_sec,ridge,1,tsenyu0515workout|yanz0510workout|yoru0511workout|yushuan0513workout|ziho0512workout,hsianshun0514workout,haoyu0512workout,0.01,0.8659674736485651,12,266,0.8659674736485651,1.1015529843813743,0.7339006996306207,0.903794424287792,0.3533834586466165,0.8421052631578947,289,1.0842276306455376,1.4058266165021034,0.5741601413835004,0.8079112313241904,0.31833910034602075,0.7439446366782007
M4_add_one__rep_duration_sec,ridge,2,haoyu0512workout|yanz0510workout|yoru0511workout|yushuan0513workout|ziho0512workout,tsenyu0515workout,hsianshun0514workout,100.0,1.5874245406356196,12,281,1.5874245406356196,1.9107231376308196,0.12136756884538391,0.7972201564096498,0.17793594306049823,0.5160142348754448,266,1.0282519568554496,1.2495365219526708,0.657602284316893,0.8872939477276347,0.2857142857142857,0.7593984962406015
M4_add_one__rep_duration_sec,ridge,3,haoyu0512workout|hsianshun0514workout|yoru0511workout|yushuan0513workout|ziho0512workout,yanz0510workout,tsenyu0515workout,0.01,1.2910747240507143,12,275,1.2910747240507143,1.556732171735917,0.49279402575485465,0.6921096045402003,0.2109090909090909,0.6436363636363637,281,1.5993227475704985,1.8998145270220286,0.13137142417041203,0.8095846523440673,0.15302491103202848,0.5409252669039146
M4_add_one__rep_duration_sec,ridge,4,haoyu0512workout|hsianshun0514workout|tsenyu0515workout|yushuan0513workout|ziho0512workout,yoru0511workout,yanz0510workout,100.0,1.2177286945088537,12,285,1.2177286945088537,1.691470008836075,0.16492214850163844,0.6991537426136688,0.28421052631578947,0.7368421052631579,275,1.265541332133508,1.5559441602312276,0.4933073870008827,0.7004041924317002,0.2109090909090909,0.6581818181818182
M4_add_one__rep_duration_sec,ridge,5,haoyu0512workout|hsianshun0514workout|tsenyu0515workout|yanz0510workout|ziho0512workout,yushuan0513workout,yoru0511workout,1.0,0.786513388786184,12,281,0.786513388786184,1.0770951647534002,0.733247895241508,0.865151261694769,0.47686832740213525,0.8327402135231317,285,1.2068492137443356,1.648665489964788,0.20665250228587595,0.7249846083698008,0.2982456140350877,0.7052631578947368
M4_add_one__rep_duration_sec,ridge,6,haoyu0512workout|hsianshun0514workout|tsenyu0515workout|yanz0510workout|yoru0511workout,ziho0512workout,yushuan0513workout,0.01,1.410013524910973,12,268,1.410013524910973,1.6235082250524995,0.30943245132361075,0.8529828190697897,0.1417910447761194,0.5335820895522388,281,0.9535677277617902,1.2888972056368662,0.6180238328967648,0.8245446000270615,0.3807829181494662,0.7900355871886121
M4_add_one__rep_duration_sec,ridge,7,hsianshun0514workout|tsenyu0515workout|yanz0510workout|yoru0511workout|yushuan0513workout,haoyu0512workout,ziho0512workout,100.0,1.2060976213091525,12,289,1.2060976213091525,1.4948728276297583,0.5185055545788985,0.8107896558806904,0.23529411764705882,0.698961937716263,268,1.4393837820154243,1.6402726860222556,0.29509711878786726,0.8555600425280573,0.13805970149253732,0.5373134328358209
M4_add_one__concentric_sec,ridge,1,tsenyu0515workout|yanz0510workout|yoru0511workout|yushuan0513workout|ziho0512workout,hsianshun0514workout,haoyu0512workout,0.01,0.8682246439259903,12,266,0.8682246439259903,1.1011807768512594,0.7340804956668953,0.9042970651937271,0.36466165413533835,0.8458646616541353,289,1.0946588449070387,1.4456617113580432,0.5496852800604345,0.8041873637435034,0.31141868512110726,0.7439446366782007
M4_add_one__concentric_sec,ridge,2,haoyu0512workout|yanz0510workout|yoru0511workout|yushuan0513workout|ziho0512workout,tsenyu0515workout,hsianshun0514workout,100.0,1.6006646522963237,12,281,1.6006646522963237,1.9224936800741685,0.11050902556557429,0.79987516493282,0.18149466192170818,0.5088967971530249,266,1.0220947447020279,1.2413847941748481,0.6620551810876626,0.8892059164044419,0.2744360902255639,0.7593984962406015
M4_add_one__concentric_sec,ridge,3,haoyu0512workout|hsianshun0514workout|yoru0511workout|yushuan0513workout|ziho0512workout,yanz0510workout,tsenyu0515workout,0.01,1.2846333615623642,12,275,1.2846333615623642,1.549996662715746,0.4971735842288161,0.6939279007509963,0.2109090909090909,0.6581818181818182,281,1.5837061739962743,1.886637223816977,0.14337942392318948,0.8079170957074654,0.16370106761565836,0.5444839857651246
M4_add_one__concentric_sec,ridge,4,haoyu0512workout|hsianshun0514workout|tsenyu0515workout|yushuan0513workout|ziho0512workout,yoru0511workout,yanz0510workout,100.0,1.2100748870256934,12,285,1.2100748870256934,1.667433565380318,0.18848707589359215,0.695465505674146,0.28771929824561404,0.7403508771929824,275,1.274766317343597,1.5671135183095246,0.4860066823709448,0.6998978758662502,0.2109090909090909,0.6545454545454545
M4_add_one__concentric_sec,ridge,5,haoyu0512workout|hsianshun0514workout|tsenyu0515workout|yanz0510workout|ziho0512workout,yushuan0513workout,yoru0511workout,1.0,0.7871180994136175,12,281,0.7871180994136175,1.082413604040752,0.730607074757321,0.8625761449469523,0.49466192170818507,0.8291814946619217,285,1.2041829243866344,1.6369583313362417,0.21787960518606309,0.7227753113876217,0.2982456140350877,0.7087719298245614
M4_add_one__concentric_sec,ridge,6,haoyu0512workout|hsianshun0514workout|tsenyu0515workout|yanz0510workout|yoru0511workout,ziho0512workout,yushuan0513workout,0.01,1.4158851113311672,12,268,1.4158851113311672,1.6331197795227326,0.3012315995126138,0.8510605001731002,0.1455223880597015,0.5410447761194029,281,0.9528861845153423,1.2927635225863354,0.6157287608468922,0.8226616983377727,0.3914590747330961,0.7935943060498221
M4_add_one__concentric_sec,ridge,7,hsianshun0514workout|tsenyu0515workout|yanz0510workout|yoru0511workout|yushuan0513workout,haoyu0512workout,ziho0512workout,100.0,1.2001133302868434,12,289,1.2001133302868434,1.4898991832496682,0.521704218995084,0.8117526471328389,0.23529411764705882,0.698961937716263,268,1.446125254336691,1.6467703054909355,0.28950138767749756,0.8554955012089454,0.11940298507462686,0.5410447761194029
M4_add_one__eccentric_sec,ridge,1,tsenyu0515workout|yanz0510workout|yoru0511workout|yushuan0513workout|ziho0512workout,hsianshun0514workout,haoyu0512workout,10.0,0.831082655031534,12,266,0.831082655031534,1.060891324398165,0.7531831839029997,0.9094156250858336,0.37218045112781956,0.849624060150376,289,1.0740261969961031,1.403551120449022,0.5755375697068916,0.8069813947004412,0.314878892733564,0.7197231833910035
M4_add_one__eccentric_sec,ridge,2,haoyu0512workout|yanz0510workout|yoru0511workout|yushuan0513workout|ziho0512workout,tsenyu0515workout,hsianshun0514workout,100.0,1.5897112735932615,12,281,1.5897112735932615,1.913531099170221,0.11878322904758432,0.7974817983175099,0.17793594306049823,0.5160142348754448,266,1.0256977514809364,1.2464758212117009,0.659277615017982,0.8880479090865374,0.2819548872180451,0.7593984962406015
M4_add_one__eccentric_sec,ridge,3,haoyu0512workout|hsianshun0514workout|yoru0511workout|yushuan0513workout|ziho0512workout,yanz0510workout,tsenyu0515workout,0.01,1.2917166176834325,12,275,1.2917166176834325,1.5553122340000405,0.4937188764881423,0.6919213436463494,0.21454545454545454,0.6436363636363637,281,1.5922811015176097,1.8969658857697358,0.1339743688833167,0.8047489296767244,0.16370106761565836,0.5409252669039146
M4_add_one__eccentric_sec,ridge,4,haoyu0512workout|hsianshun0514workout|tsenyu0515workout|yushuan0513workout|ziho0512workout,yoru0511workout,yanz0510workout,100.0,1.2043210337817216,12,285,1.2043210337817216,1.6680429360203946,0.1878938258582813,0.6974899021437087,0.2982456140350877,0.743859649122807,275,1.267442160206615,1.5582590777256036,0.49179856145729417,0.7007918227814616,0.20363636363636364,0.6618181818181819
M4_add_one__eccentric_sec,ridge,5,haoyu0512workout|hsianshun0514workout|tsenyu0515workout|yanz0510workout|ziho0512workout,yushuan0513workout,yoru0511workout,10.0,0.7859561085263216,12,281,0.7859561085263216,1.076550179597143,0.7335177676981386,0.8651386560365377,0.4875444839857651,0.8291814946619217,285,1.194634123393102,1.6286279038922395,0.22581972040508125,0.7223711716957595,0.3017543859649123,0.7052631578947368
M4_add_one__eccentric_sec,ridge,6,haoyu0512workout|hsianshun0514workout|tsenyu0515workout|yanz0510workout|yoru0511workout,ziho0512workout,yushuan0513workout,0.01,1.4109124283958983,12,268,1.4109124283958983,1.625728009120151,0.30754276727430074,0.8519286441909599,0.13805970149253732,0.5373134328358209,281,0.9512720777528522,1.2867919606823057,0.6192706300119407,0.8250828068263285,0.3701067615658363,0.7900355871886121
M4_add_one__eccentric_sec,ridge,7,hsianshun0514workout|tsenyu0515workout|yanz0510workout|yoru0511workout|yushuan0513workout,haoyu0512workout,ziho0512workout,100.0,1.2033434719259253,12,289,1.2033434719259253,1.510279479540884,0.5085295292262557,0.8024944683237121,0.2560553633217993,0.7058823529411765,268,1.4446372142147819,1.6491494747594522,0.28744692075254363,0.8519786320753702,0.12686567164179105,0.5335820895522388
M4_add_one__movement_rate,ridge,1,tsenyu0515workout|yanz0510workout|yoru0511workout|yushuan0513workout|ziho0512workout,hsianshun0514workout,haoyu0512workout,10.0,0.8029692929143436,12,266,0.8029692929143436,1.0156053035648813,0.773805068020339,0.9171865823738746,0.39849624060150374,0.8646616541353384,289,1.0549887893284218,1.3566217581034796,0.6034478194955264,0.8165444956222725,0.3217993079584775,0.7335640138408305
M4_add_one__movement_rate,ridge,2,haoyu0512workout|yanz0510workout|yoru0511workout|yushuan0513workout|ziho0512workout,tsenyu0515workout,hsianshun0514workout,0.01,1.5990380230076073,12,281,1.5990380230076073,1.9186928484706818,0.11402265316429827,0.8078910957270818,0.17793594306049823,0.5088967971530249,266,0.9584958101179192,1.1585413171678403,0.7056554471064846,0.9045274422756141,0.2932330827067669,0.8045112781954887
M4_add_one__movement_rate,ridge,3,haoyu0512workout|hsianshun0514workout|yoru0511workout|yushuan0513workout|ziho0512workout,yanz0510workout,tsenyu0515workout,0.01,1.2865746604309767,12,275,1.2865746604309767,1.5649598472236765,0.48741846509374853,0.690666660794784,0.22545454545454546,0.6509090909090909,281,1.551422943245365,1.8520331505482737,0.17451494250825095,0.814489617064432,0.1708185053380783,0.5302491103202847
M4_add_one__movement_rate,ridge,4,haoyu0512workout|hsianshun0514workout|tsenyu0515workout|yushuan0513workout|ziho0512workout,yoru0511workout,yanz0510workout,100.0,1.191987947267293,12,285,1.191987947267293,1.6173474431777413,0.2365070798479646,0.6922852168571401,0.2771929824561403,0.7543859649122807,275,1.2831191110848559,1.5809971855513965,0.47685900685499105,0.6971017338636352,0.21454545454545454,0.6509090909090909
M4_add_one__movement_rate,ridge,5,haoyu0512workout|hsianshun0514workout|tsenyu0515workout|yanz0510workout|ziho0512workout,yushuan0513workout,yoru0511workout,0.1,0.7814283809557157,12,281,0.7814283809557157,1.0701468109190893,0.7366784362627077,0.865852793978946,0.49110320284697506,0.8362989323843416,285,1.1947402293164024,1.6056317302921306,0.2475281706554041,0.7203034556775267,0.28771929824561404,0.7087719298245614
M4_add_one__movement_rate,ridge,6,haoyu0512workout|hsianshun0514workout|tsenyu0515workout|yanz0510workout|yoru0511workout,ziho0512workout,yushuan0513workout,0.01,1.3843039793903544,12,268,1.3843039793903544,1.5976744855860237,0.3312346259788005,0.8526177176861853,0.14925373134328357,0.5485074626865671,281,0.9417216240329741,1.2689912505568097,0.6297313371415405,0.8283942584364822,0.3736654804270463,0.800711743772242
M4_add_one__movement_rate,ridge,7,hsianshun0514workout|tsenyu0515workout|yanz0510workout|yoru0511workout|yushuan0513workout,haoyu0512workout,ziho0512workout,100.0,1.1735434193706984,12,289,1.1735434193706984,1.4516663351589034,0.5459367045837128,0.8167348835641421,0.2422145328719723,0.7162629757785467,268,1.4319655900096748,1.6347562663318231,0.2998304797346284,0.8511380130318376,0.11940298507462686,0.5410447761194029
M4_add_one__velocity_loss_proxy,ridge,1,tsenyu0515workout|yanz0510workout|yoru0511workout|yushuan0513workout|ziho0512workout,hsianshun0514workout,haoyu0512workout,100.0,0.8729312965579912,12,266,0.8729312965579912,1.1329474057209015,0.7185168202098178,0.9032283088571971,0.37593984962406013,0.8270676691729323,289,1.0485292652859874,1.3331820781731551,0.6170326765078721,0.8243677320674128,0.33217993079584773,0.7335640138408305
M4_add_one__velocity_loss_proxy,ridge,2,haoyu0512workout|yanz0510workout|yoru0511workout|yushuan0513workout|ziho0512workout,tsenyu0515workout,hsianshun0514workout,100.0,1.5960091831702923,12,281,1.5960091831702923,1.9191196517094697,0.11362844722472953,0.7982341556446099,0.17437722419928825,0.505338078291815,266,1.0508291666569944,1.2885047312005147,0.6359131571422001,0.8757464173251923,0.2669172932330827,0.7593984962406015
M4_add_one__velocity_loss_proxy,ridge,3,haoyu0512workout|hsianshun0514workout|yoru0511workout|yushuan0513workout|ziho0512workout,yanz0510workout,tsenyu0515workout,0.01,1.2922572141037854,12,275,1.2922572141037854,1.5568557205953133,0.4927135145308901,0.6923542852360904,0.21454545454545454,0.64,281,1.5941314659370174,1.8963824189213978,0.13450702952834948,0.8064405705056817,0.1601423487544484,0.5409252669039146
M4_add_one__velocity_loss_proxy,ridge,4,haoyu0512workout|hsianshun0514workout|tsenyu0515workout|yushuan0513workout|ziho0512workout,yoru0511workout,yanz0510workout,100.0,1.2307545857451794,12,285,1.2307545857451794,1.6874186167061902,0.1689176980306636,0.6933679414303051,0.28771929824561404,0.7368421052631579,275,1.2715947370213014,1.562787519096118,0.4888405111147953,0.7023791778336518,0.21818181818181817,0.6545454545454545
M4_add_one__velocity_loss_proxy,ridge,5,haoyu0512workout|hsianshun0514workout|tsenyu0515workout|yanz0510workout|ziho0512workout,yushuan0513workout,yoru0511workout,10.0,0.7833559087410077,12,281,0.7833559087410077,1.0728871979092145,0.7353281039430322,0.8665291149466601,0.49110320284697506,0.8327402135231317,285,1.2347167213481527,1.662022676020992,0.19374531495023783,0.7208718926820282,0.28771929824561404,0.7017543859649122
M4_add_one__velocity_loss_proxy,ridge,6,haoyu0512workout|hsianshun0514workout|tsenyu0515workout|yanz0510workout|yoru0511workout,ziho0512workout,yushuan0513workout,0.01,1.4141010172463178,12,268,1.4141010172463178,1.6279749333973221,0.30562734948603787,0.8541382352335011,0.1455223880597015,0.5410447761194029,281,0.953773747958404,1.2886940519746797,0.6181442362016996,0.824294953186872,0.36298932384341637,0.7935943060498221
M4_add_one__velocity_loss_proxy,ridge,7,hsianshun0514workout|tsenyu0515workout|yanz0510workout|yoru0511workout|yushuan0513workout,haoyu0512workout,ziho0512workout,100.0,1.186352982098501,12,289,1.186352982098501,1.4639198491482437,0.5382388567774288,0.8214111931970322,0.23529411764705882,0.7093425605536332,268,1.4520122194737668,1.6534267033136039,0.28374597703119975,0.8549953059858271,0.11567164179104478,0.5447761194029851
M4_add_one__duration_gain_from_first2,ridge,1,tsenyu0515workout|yanz0510workout|yoru0511workout|yushuan0513workout|ziho0512workout,hsianshun0514workout,haoyu0512workout,100.0,0.8842887938336851,12,266,0.8842887938336851,1.1309847489975389,0.7194912279027197,0.8995239098215969,0.37969924812030076,0.8270676691729323,289,1.0600695297280744,1.3915954771897485,0.5827380310642623,0.7974916358353725,0.328719723183391,0.740484429065744
M4_add_one__duration_gain_from_first2,ridge,2,haoyu0512workout|yanz0510workout|yoru0511workout|yushuan0513workout|ziho0512workout,tsenyu0515workout,hsianshun0514workout,100.0,1.5818678982670225,12,281,1.5818678982670225,1.9032502933563034,0.12822679780241075,0.8012318165408352,0.18505338078291814,0.505338078291815,266,1.0413382731231513,1.2686861950267059,0.6470270876846014,0.8814510694018474,0.2706766917293233,0.7593984962406015
M4_add_one__duration_gain_from_first2,ridge,3,haoyu0512workout|hsianshun0514workout|yoru0511workout|yushuan0513workout|ziho0512workout,yanz0510workout,tsenyu0515workout,0.01,1.2907175453524484,12,275,1.2907175453524484,1.5535821351628658,0.4948446044131568,0.6921607623917901,0.2,0.6545454545454545,281,1.5811073796417703,1.8829115305181359,0.1467593575311641,0.8084628216115166,0.16725978647686832,0.5338078291814946
M4_add_one__duration_gain_from_first2,ridge,4,haoyu0512workout|hsianshun0514workout|tsenyu0515workout|yushuan0513workout|ziho0512workout,yoru0511workout,yanz0510workout,100.0,1.2029474250923375,12,285,1.2029474250923375,1.6576145012168833,0.1980164941139717,0.6950927990694287,0.2912280701754386,0.7333333333333333,275,1.2731609750450659,1.5657710279022787,0.4868869447484925,0.7000229933547101,0.21454545454545454,0.6545454545454545
M4_add_one__duration_gain_from_first2,ridge,5,haoyu0512workout|hsianshun0514workout|tsenyu0515workout|yanz0510workout|ziho0512workout,yushuan0513workout,yoru0511workout,1.0,0.7876429811603199,12,281,0.7876429811603199,1.0800767865368173,0.7317690013345206,0.8638172542106388,0.4875444839857651,0.8327402135231317,285,1.2012259677631163,1.6361402237660216,0.2186611751399784,0.7225880335827,0.2982456140350877,0.7017543859649122
M4_add_one__duration_gain_from_first2,ridge,6,haoyu0512workout|hsianshun0514workout|tsenyu0515workout|yanz0510workout|yoru0511workout,ziho0512workout,yushuan0513workout,0.01,1.395563305451161,12,268,1.395563305451161,1.607565832427374,0.3229282189722533,0.8528445614401233,0.1417910447761194,0.5447761194029851,281,0.9499109743061371,1.2887456002762152,0.6181136868099186,0.8234564028784418,0.3736654804270463,0.7864768683274022
M4_add_one__duration_gain_from_first2,ridge,7,hsianshun0514workout|tsenyu0515workout|yanz0510workout|yoru0511workout|yushuan0513workout,haoyu0512workout,ziho0512workout,100.0,1.1904268706870131,12,289,1.1904268706870131,1.4833776284399984,0.525882227101875,0.8028973472930512,0.2422145328719723,0.7024221453287197,268,1.4229564502791583,1.6275626541802868,0.3059790000645156,0.8529527630633406,0.12686567164179105,0.5485074626865671
M4_add_one__movement_rate_change_from_first2,ridge,1,tsenyu0515workout|yanz0510workout|yoru0511workout|yushuan0513workout|ziho0512workout,hsianshun0514workout,haoyu0512workout,100.0,0.8729312965579912,12,266,0.8729312965579912,1.1329474057209015,0.7185168202098178,0.9032283088571971,0.37593984962406013,0.8270676691729323,289,1.0485292652859874,1.3331820781731551,0.6170326765078721,0.8243677320674128,0.33217993079584773,0.7335640138408305
M4_add_one__movement_rate_change_from_first2,ridge,2,haoyu0512workout|yanz0510workout|yoru0511workout|yushuan0513workout|ziho0512workout,tsenyu0515workout,hsianshun0514workout,100.0,1.5960091831702923,12,281,1.5960091831702923,1.9191196517094697,0.11362844722472953,0.7982341556446099,0.17437722419928825,0.505338078291815,266,1.0508291666569944,1.2885047312005147,0.6359131571422001,0.8757464173251923,0.2669172932330827,0.7593984962406015
M4_add_one__movement_rate_change_from_first2,ridge,3,haoyu0512workout|hsianshun0514workout|yoru0511workout|yushuan0513workout|ziho0512workout,yanz0510workout,tsenyu0515workout,0.01,1.2922572141037854,12,275,1.2922572141037854,1.5568557205953133,0.4927135145308901,0.6923542852360904,0.21454545454545454,0.64,281,1.5941314659370174,1.8963824189213978,0.13450702952834948,0.8064405705056817,0.1601423487544484,0.5409252669039146
M4_add_one__movement_rate_change_from_first2,ridge,4,haoyu0512workout|hsianshun0514workout|tsenyu0515workout|yushuan0513workout|ziho0512workout,yoru0511workout,yanz0510workout,100.0,1.2307545857451794,12,285,1.2307545857451794,1.6874186167061902,0.1689176980306636,0.6933679414303051,0.28771929824561404,0.7368421052631579,275,1.2715947370213014,1.562787519096118,0.4888405111147953,0.7023791778336518,0.21818181818181817,0.6545454545454545
M4_add_one__movement_rate_change_from_first2,ridge,5,haoyu0512workout|hsianshun0514workout|tsenyu0515workout|yanz0510workout|ziho0512workout,yushuan0513workout,yoru0511workout,10.0,0.7833559087410077,12,281,0.7833559087410077,1.0728871979092145,0.7353281039430322,0.8665291149466601,0.49110320284697506,0.8327402135231317,285,1.2347167213481527,1.662022676020992,0.19374531495023783,0.7208718926820282,0.28771929824561404,0.7017543859649122
M4_add_one__movement_rate_change_from_first2,ridge,6,haoyu0512workout|hsianshun0514workout|tsenyu0515workout|yanz0510workout|yoru0511workout,ziho0512workout,yushuan0513workout,0.01,1.4141010172463178,12,268,1.4141010172463178,1.6279749333973221,0.30562734948603787,0.8541382352335011,0.1455223880597015,0.5410447761194029,281,0.953773747958404,1.2886940519746797,0.6181442362016996,0.824294953186872,0.36298932384341637,0.7935943060498221
M4_add_one__movement_rate_change_from_first2,ridge,7,hsianshun0514workout|tsenyu0515workout|yanz0510workout|yoru0511workout|yushuan0513workout,haoyu0512workout,ziho0512workout,100.0,1.186352982098501,12,289,1.186352982098501,1.4639198491482437,0.5382388567774288,0.8214111931970322,0.23529411764705882,0.7093425605536332,268,1.4520122194737668,1.6534267033136039,0.28374597703119975,0.8549953059858271,0.11567164179104478,0.5447761194029851
M4_add_one__pca_diff_rms,ridge,1,tsenyu0515workout|yanz0510workout|yoru0511workout|yushuan0513workout|ziho0512workout,hsianshun0514workout,haoyu0512workout,100.0,0.8148874118695442,12,266,0.8148874118695442,1.041163307514087,0.7622772976056339,0.9215321707702512,0.39849624060150374,0.849624060150376,289,1.0250114497867775,1.305701470917602,0.6326580114994536,0.832444902825522,0.34256055363321797,0.7231833910034602
M4_add_one__pca_diff_rms,ridge,2,haoyu0512workout|yanz0510workout|yoru0511workout|yushuan0513workout|ziho0512workout,tsenyu0515workout,hsianshun0514workout,100.0,1.5928668164712732,12,281,1.5928668164712732,1.9154646119231211,0.11700149194031018,0.7981331662471198,0.18861209964412812,0.505338078291815,266,0.9996356605837255,1.214999701268943,0.6762682520724979,0.8917039772657979,0.2669172932330827,0.7744360902255639
M4_add_one__pca_diff_rms,ridge,3,haoyu0512workout|hsianshun0514workout|yoru0511workout|yushuan0513workout|ziho0512workout,yanz0510workout,tsenyu0515workout,0.01,1.2831577965257939,12,275,1.2831577965257939,1.553776444001219,0.49471823543123905,0.698256439656665,0.22181818181818183,0.6509090909090909,281,1.5735641241344958,1.875833398203171,0.15316220618121734,0.807494527605231,0.16370106761565836,0.5338078291814946
M4_add_one__pca_diff_rms,ridge,4,haoyu0512workout|hsianshun0514workout|tsenyu0515workout|yushuan0513workout|ziho0512workout,yoru0511workout,yanz0510workout,100.0,1.2004968374487053,12,285,1.2004968374487053,1.6344238889723277,0.2202995868196479,0.7005679673915964,0.26666666666666666,0.743859649122807,275,1.2702032495332745,1.5656867572373705,0.4869421753204701,0.7045257612863648,0.2290909090909091,0.6545454545454545
M4_add_one__pca_diff_rms,ridge,5,haoyu0512workout|hsianshun0514workout|tsenyu0515workout|yanz0510workout|ziho0512workout,yushuan0513workout,yoru0511workout,10.0,0.8196347669976873,12,281,0.8196347669976873,1.0943940307265658,0.7246106548113913,0.8696544960798778,0.44483985765124556,0.8256227758007118,285,1.1940190393988237,1.6006351918005066,0.25220409282347445,0.7329112933456756,0.2982456140350877,0.7157894736842105
M4_add_one__pca_diff_rms,ridge,6,haoyu0512workout|hsianshun0514workout|tsenyu0515workout|yanz0510workout|yoru0511workout,ziho0512workout,yushuan0513workout,0.01,1.3975946347050945,12,268,1.3975946347050945,1.6124071075035247,0.3188439986580949,0.8462429969078116,0.16044776119402984,0.5447761194029851,281,1.0291105244426868,1.3216899737948318,0.5983397139033038,0.8313423382463162,0.29537366548042704,0.7864768683274022
M4_add_one__pca_diff_rms,ridge,7,hsianshun0514workout|tsenyu0515workout|yanz0510workout|yoru0511workout|yushuan0513workout,haoyu0512workout,ziho0512workout,100.0,1.1658624370032784,12,289,1.1658624370032784,1.4442183024872095,0.5505840570960936,0.8171812151903988,0.2422145328719723,0.7162629757785467,268,1.430335871943176,1.6339270724698791,0.3005405905178198,0.8504571653910088,0.13059701492537312,0.5410447761194029
M4_add_one__gyro_mag_diff_rms,ridge,1,tsenyu0515workout|yanz0510workout|yoru0511workout|yushuan0513workout|ziho0512workout,hsianshun0514workout,haoyu0512workout,10.0,0.76763515213155,12,266,0.76763515213155,0.9912796892125446,0.7845108711435963,0.9182640382645461,0.42105263157894735,0.8646616541353384,289,1.0842900909186337,1.3861497354679337,0.5859973903301634,0.8132182324109521,0.32525951557093424,0.7335640138408305
M4_add_one__gyro_mag_diff_rms,ridge,2,haoyu0512workout|yanz0510workout|yoru0511workout|yushuan0513workout|ziho0512workout,tsenyu0515workout,hsianshun0514workout,100.0,1.6027122180961413,12,281,1.6027122180961413,1.9229017960171415,0.11013133487887061,0.8019663844076726,0.17793594306049823,0.501779359430605,266,0.9751018816760209,1.1949517409825154,0.6868635076047418,0.8934065122317988,0.30451127819548873,0.7857142857142857
M4_add_one__gyro_mag_diff_rms,ridge,3,haoyu0512workout|hsianshun0514workout|yoru0511workout|yushuan0513workout|ziho0512workout,yanz0510workout,tsenyu0515workout,0.01,1.3429360374415906,12,275,1.3429360374415906,1.598561262633968,0.46517077800998763,0.6984233604181384,0.18181818181818182,0.6363636363636364,281,1.5942955908039664,1.9033560775387373,0.12812988739749986,0.8098958310566583,0.16725978647686832,0.5266903914590747
M4_add_one__gyro_mag_diff_rms,ridge,4,haoyu0512workout|hsianshun0514workout|tsenyu0515workout|yushuan0513workout|ziho0512workout,yoru0511workout,yanz0510workout,100.0,1.232312137837681,12,285,1.232312137837681,1.6630947376373717,0.19270485565620632,0.6838556024869481,0.2736842105263158,0.7333333333333333,275,1.3170136738603129,1.5994475782082,0.46457754596895595,0.7087820945386466,0.19636363636363635,0.6436363636363637
M4_add_one__gyro_mag_diff_rms,ridge,5,haoyu0512workout|hsianshun0514workout|tsenyu0515workout|yanz0510workout|ziho0512workout,yushuan0513workout,yoru0511workout,10.0,0.7814027773835132,12,281,0.7814027773835132,1.0608893651921485,0.7412145266431256,0.8658226500136101,0.48398576512455516,0.8291814946619217,285,1.223501645644387,1.6414510595773335,0.21358056310517304,0.7181926842542132,0.3017543859649123,0.6947368421052632
M4_add_one__gyro_mag_diff_rms,ridge,6,haoyu0512workout|hsianshun0514workout|tsenyu0515workout|yanz0510workout|yoru0511workout,ziho0512workout,yushuan0513workout,0.01,1.3970583664582066,12,268,1.3970583664582066,1.6114727519429854,0.31963320070542967,0.8531100034339223,0.1417910447761194,0.5485074626865671,281,0.9469729480567772,1.2793386893801404,0.62366832795305,0.8243878514073159,0.37722419928825623,0.7935943060498221
M4_add_one__gyro_mag_diff_rms,ridge,7,hsianshun0514workout|tsenyu0515workout|yanz0510workout|yoru0511workout|yushuan0513workout,haoyu0512workout,ziho0512workout,100.0,1.192295928250664,12,289,1.192295928250664,1.4743726054617334,0.5316211330660685,0.8126443056996431,0.2422145328719723,0.6885813148788927,268,1.415071312695729,1.6220744991738452,0.3106515980783079,0.8501600854956843,0.11940298507462686,0.5559701492537313
M4_add_one__sim_to_first,ridge,1,tsenyu0515workout|yanz0510workout|yoru0511workout|yushuan0513workout|ziho0512workout,hsianshun0514workout,haoyu0512workout,10.0,0.8273454204640615,12,266,0.8273454204640615,1.0538804782945526,0.7564345576512006,0.9121711283086268,0.38345864661654133,0.8458646616541353,289,1.0706982988066818,1.370291920547411,0.5954157427091833,0.820354012659658,0.3217993079584775,0.7335640138408305
M4_add_one__sim_to_first,ridge,2,haoyu0512workout|yanz0510workout|yoru0511workout|yushuan0513workout|ziho0512workout,tsenyu0515workout,hsianshun0514workout,100.0,1.5974610836923295,12,281,1.5974610836923295,1.9191046255949413,0.11364232720174317,0.7988789551581227,0.17793594306049823,0.5088967971530249,266,1.0276353492225667,1.2478915875345848,0.658503180056544,0.8879367481169556,0.2819548872180451,0.7593984962406015
M4_add_one__sim_to_first,ridge,3,haoyu0512workout|hsianshun0514workout|yoru0511workout|yushuan0513workout|ziho0512workout,yanz0510workout,tsenyu0515workout,0.01,1.2930337829338896,12,275,1.2930337829338896,1.5571361512371515,0.4925307468086183,0.6918739860923062,0.21454545454545454,0.64,281,1.5943852382858654,1.8968894871126742,0.13404412434213853,0.8066086124841609,0.1601423487544484,0.5409252669039146
M4_add_one__sim_to_first,ridge,4,haoyu0512workout|hsianshun0514workout|tsenyu0515workout|yushuan0513workout|ziho0512workout,yoru0511workout,yanz0510workout,100.0,1.2141837672304205,12,285,1.2141837672304205,1.6659633565041136,0.1899174987205826,0.6930718364665289,0.2807017543859649,0.7333333333333333,275,1.270737472491229,1.5638709190498523,0.48813154445501006,0.7026235661989613,0.20727272727272728,0.6545454545454545
M4_add_one__sim_to_first,ridge,5,haoyu0512workout|hsianshun0514workout|tsenyu0515workout|yanz0510workout|ziho0512workout,yushuan0513workout,yoru0511workout,10.0,0.7880841273306546,12,281,0.7880841273306546,1.080196164480915,0.7317097043749846,0.8627285089899221,0.4875444839857651,0.8327402135231317,285,1.2092667458590158,1.6373920834884481,0.21746506641148744,0.719490685852782,0.3017543859649123,0.7087719298245614
M4_add_one__sim_to_first,ridge,6,haoyu0512workout|hsianshun0514workout|tsenyu0515workout|yanz0510workout|yoru0511workout,ziho0512workout,yushuan0513workout,0.01,1.4091750854595682,12,268,1.4091750854595682,1.6220184500563017,0.3106992367066077,0.8533849367981788,0.1417910447761194,0.5410447761194029,281,0.9537184137091872,1.2894011340499851,0.6177250871594695,0.8234369463189978,0.3736654804270463,0.7900355871886121
M4_add_one__sim_to_first,ridge,7,hsianshun0514workout|tsenyu0515workout|yanz0510workout|yoru0511workout|yushuan0513workout,haoyu0512workout,ziho0512workout,100.0,1.1927062604600072,12,289,1.1927062604600072,1.4710719974762656,0.5337158608397847,0.8195909538636154,0.23529411764705882,0.6920415224913494,268,1.447975135061011,1.6478546971942327,0.28856535856661747,0.85321883781517,0.12313432835820895,0.5298507462686567
M4_add_one__sim_to_prev,ridge,1,tsenyu0515workout|yanz0510workout|yoru0511workout|yushuan0513workout|ziho0512workout,hsianshun0514workout,haoyu0512workout,100.0,0.8327779805121791,12,266,0.8327779805121791,1.065506502175195,0.7510310667731696,0.9177620417700285,0.38721804511278196,0.8421052631578947,289,1.0356286586465286,1.316844931852772,0.6263611221469041,0.8352434548681507,0.32525951557093424,0.726643598615917
M4_add_one__sim_to_prev,ridge,2,haoyu0512workout|yanz0510workout|yoru0511workout|yushuan0513workout|ziho0512workout,tsenyu0515workout,hsianshun0514workout,100.0,1.5961886723699852,12,281,1.5961886723699852,1.9181784633741261,0.11449763534222657,0.7993113758845023,0.17793594306049823,0.5124555160142349,266,1.0261052527148533,1.24693793134918,0.6590249338962095,0.8879557582537826,0.2894736842105263,0.7556390977443609
M4_add_one__sim_to_prev,ridge,3,haoyu0512workout|hsianshun0514workout|yoru0511workout|yushuan0513workout|ziho0512workout,yanz0510workout,tsenyu0515workout,0.01,1.2923167755847345,12,275,1.2923167755847345,1.5567996330606257,0.49275006504158625,0.6915062342220197,0.21454545454545454,0.6436363636363637,281,1.5928416036438788,1.8952097316494916,0.13557710776411336,0.8069633069533937,0.1601423487544484,0.5409252669039146
M4_add_one__sim_to_prev,ridge,4,haoyu0512workout|hsianshun0514workout|tsenyu0515workout|yushuan0513workout|ziho0512workout,yoru0511workout,yanz0510workout,100.0,1.206398122023751,12,285,1.206398122023751,1.6614513832551445,0.19429949307614391,0.6945423238290102,0.2912280701754386,0.7368421052631579,275,1.272990156613238,1.5651601740075713,0.4872872280109457,0.700379052001776,0.20727272727272728,0.6545454545454545
M4_add_one__sim_to_prev,ridge,5,haoyu0512workout|hsianshun0514workout|tsenyu0515workout|yanz0510workout|ziho0512workout,yushuan0513workout,yoru0511workout,10.0,0.7894724966044218,12,281,0.7894724966044218,1.080099184001751,0.7317578766501422,0.8646621073481848,0.49110320284697506,0.8327402135231317,285,1.2034500212963208,1.6352864532097589,0.2194763987064705,0.7225750905468168,0.30526315789473685,0.7052631578947368
M4_add_one__sim_to_prev,ridge,6,haoyu0512workout|hsianshun0514workout|tsenyu0515workout|yanz0510workout|yoru0511workout,ziho0512workout,yushuan0513workout,0.01,1.4150243811578074,12,268,1.4150243811578074,1.6299542410760337,0.30393787309258913,0.8504657076244206,0.1455223880597015,0.5373134328358209,281,0.954806290593178,1.2920673031326975,0.616142548931521,0.8257128157018452,0.3594306049822064,0.7900355871886121
M4_add_one__sim_to_prev,ridge,7,hsianshun0514workout|tsenyu0515workout|yanz0510workout|yoru0511workout|yushuan0513workout,haoyu0512workout,ziho0512workout,100.0,1.1860733970550532,12,289,1.1860733970550532,1.4644226585721678,0.5379216020761345,0.820942758485176,0.23529411764705882,0.6955017301038062,268,1.450981860456382,1.6529635682900943,0.2841471751784981,0.8540610387537789,0.12313432835820895,0.5410447761194029
M4_add_one__similarity_decay_from_first,ridge,1,tsenyu0515workout|yanz0510workout|yoru0511workout|yushuan0513workout|ziho0512workout,hsianshun0514workout,haoyu0512workout,10.0,0.8273454204640612,12,266,0.8273454204640612,1.0538804782945526,0.7564345576512006,0.9121711283086268,0.38345864661654133,0.8458646616541353,289,1.0706982988066818,1.370291920547411,0.5954157427091833,0.820354012659658,0.3217993079584775,0.7335640138408305
M4_add_one__similarity_decay_from_first,ridge,2,haoyu0512workout|yanz0510workout|yoru0511workout|yushuan0513workout|ziho0512workout,tsenyu0515workout,hsianshun0514workout,100.0,1.5974610836923295,12,281,1.5974610836923295,1.9191046255949413,0.11364232720174317,0.7988789551581227,0.17793594306049823,0.5088967971530249,266,1.0276353492225667,1.2478915875345848,0.658503180056544,0.8879367481169556,0.2819548872180451,0.7593984962406015
M4_add_one__similarity_decay_from_first,ridge,3,haoyu0512workout|hsianshun0514workout|yoru0511workout|yushuan0513workout|ziho0512workout,yanz0510workout,tsenyu0515workout,0.01,1.2930337829338898,12,275,1.2930337829338898,1.5571361512371513,0.4925307468086184,0.6918739860923062,0.21454545454545454,0.64,281,1.5943852382858652,1.896889487112674,0.13404412434213875,0.8066086124841609,0.1601423487544484,0.5409252669039146
M4_add_one__similarity_decay_from_first,ridge,4,haoyu0512workout|hsianshun0514workout|tsenyu0515workout|yushuan0513workout|ziho0512workout,yoru0511workout,yanz0510workout,100.0,1.2141837672304205,12,285,1.2141837672304205,1.6659633565041136,0.18991749872058272,0.6930718364665289,0.2807017543859649,0.7333333333333333,275,1.2707374724912288,1.5638709190498523,0.48813154445501006,0.7026235661989613,0.20727272727272728,0.6545454545454545
M4_add_one__similarity_decay_from_first,ridge,5,haoyu0512workout|hsianshun0514workout|tsenyu0515workout|yanz0510workout|ziho0512workout,yushuan0513workout,yoru0511workout,10.0,0.7880841273306546,12,281,0.7880841273306546,1.080196164480915,0.7317097043749846,0.8627285089899221,0.4875444839857651,0.8327402135231317,285,1.2092667458590158,1.6373920834884481,0.21746506641148744,0.719490685852782,0.3017543859649123,0.7087719298245614
M4_add_one__similarity_decay_from_first,ridge,6,haoyu0512workout|hsianshun0514workout|tsenyu0515workout|yanz0510workout|yoru0511workout,ziho0512workout,yushuan0513workout,0.01,1.4091750854595682,12,268,1.4091750854595682,1.6220184500563015,0.3106992367066078,0.8533849367981788,0.1417910447761194,0.5410447761194029,281,0.9537184137091873,1.2894011340499854,0.6177250871594695,0.8234369463189978,0.3736654804270463,0.7900355871886121
M4_add_one__similarity_decay_from_first,ridge,7,hsianshun0514workout|tsenyu0515workout|yanz0510workout|yoru0511workout|yushuan0513workout,haoyu0512workout,ziho0512workout,100.0,1.1927062604600072,12,289,1.1927062604600072,1.4710719974762656,0.5337158608397847,0.8195909538636154,0.23529411764705882,0.6920415224913494,268,1.447975135061011,1.6478546971942327,0.28856535856661747,0.85321883781517,0.12313432835820895,0.5298507462686567
M4_add_one__movement_rate_cv_so_far,ridge,1,tsenyu0515workout|yanz0510workout|yoru0511workout|yushuan0513workout|ziho0512workout,hsianshun0514workout,haoyu0512workout,100.0,0.8543197866850578,12,266,0.8543197866850578,1.089159335875289,0.739854818154565,0.9146846550440115,0.37593984962406013,0.8308270676691729,289,1.0175907910259216,1.3016775581757396,0.6349186728456107,0.8372256997721557,0.35294117647058826,0.740484429065744
M4_add_one__movement_rate_cv_so_far,ridge,2,haoyu0512workout|yanz0510workout|yoru0511workout|yushuan0513workout|ziho0512workout,tsenyu0515workout,hsianshun0514workout,0.01,1.5956768926020206,12,281,1.5956768926020206,1.938402801939426,0.09572658742781781,0.791559002786129,0.19572953736654805,0.505338078291815,266,1.0780792828574894,1.2964728913524486,0.6313961810478838,0.8830250442899841,0.23308270676691728,0.7443609022556391
M4_add_one__movement_rate_cv_so_far,ridge,3,haoyu0512workout|hsianshun0514workout|yoru0511workout|yushuan0513workout|ziho0512workout,yanz0510workout,tsenyu0515workout,0.01,1.2751521164847417,12,275,1.2751521164847417,1.538768803803638,0.5044319431283232,0.6979275677535869,0.20727272727272728,0.6472727272727272,281,1.5720093856457185,1.8833893602718075,0.14632624584083376,0.8041616038040594,0.17793594306049823,0.5338078291814946
M4_add_one__movement_rate_cv_so_far,ridge,4,haoyu0512workout|hsianshun0514workout|tsenyu0515workout|yushuan0513workout|ziho0512workout,yoru0511workout,yanz0510workout,100.0,1.3181504998019866,12,285,1.3181504998019866,1.7632285526037825,0.0925648843813307,0.6876381386879052,0.2736842105263158,0.6842105263157895,275,1.2907033654660642,1.5871487821489891,0.47278004550858876,0.6914667695936504,0.2,0.6436363636363637
M4_add_one__movement_rate_cv_so_far,ridge,5,haoyu0512workout|hsianshun0514workout|tsenyu0515workout|yanz0510workout|ziho0512workout,yushuan0513workout,yoru0511workout,0.01,0.7936341578291488,12,281,0.7936341578291488,1.087980961412369,0.7278287212983215,0.860877943554357,0.4804270462633452,0.8327402135231317,285,1.2849380811072717,1.7053206180604117,0.15119007825304376,0.719097111904498,0.28421052631578947,0.6771929824561403
M4_add_one__movement_rate_cv_so_far,ridge,6,haoyu0512workout|hsianshun0514workout|tsenyu0515workout|yanz0510workout|yoru0511workout,ziho0512workout,yushuan0513workout,0.01,1.4080072806388446,12,268,1.4080072806388446,1.6229245670722645,0.30992888590205514,0.8483491320123645,0.1455223880597015,0.5373134328358209,281,0.9374397027215368,1.2768196587012004,0.6251488705697879,0.8241716369650439,0.3807829181494662,0.800711743772242
M4_add_one__movement_rate_cv_so_far,ridge,7,hsianshun0514workout|tsenyu0515workout|yanz0510workout|yoru0511workout|yushuan0513workout,haoyu0512workout,ziho0512workout,100.0,1.177467620683136,12,289,1.177467620683136,1.4569481402818543,0.5426265267929375,0.821326046083188,0.2422145328719723,0.71280276816609,268,1.449065624319399,1.6516466124902884,0.2852873950758097,0.8528312735214826,0.12313432835820895,0.5410447761194029
M4_add_one__similarity_std_so_far,ridge,1,tsenyu0515workout|yanz0510workout|yoru0511workout|yushuan0513workout|ziho0512workout,hsianshun0514workout,haoyu0512workout,100.0,0.8310693569380914,12,266,0.8310693569380914,1.0642267250772934,0.7516287794825874,0.9176950229825706,0.38721804511278196,0.8458646616541353,289,1.0352828242751164,1.3159158048320991,0.6268881933255492,0.8358789185791405,0.328719723183391,0.7301038062283737
M4_add_one__similarity_std_so_far,ridge,2,haoyu0512workout|yanz0510workout|yoru0511workout|yushuan0513workout|ziho0512workout,tsenyu0515workout,hsianshun0514workout,100.0,1.596989450711818,12,281,1.596989450711818,1.918148514909761,0.11452528577152277,0.798229503016541,0.17793594306049823,0.5088967971530249,266,1.0296733546803634,1.247826596486718,0.6585387499064371,0.8881349046279493,0.2819548872180451,0.7631578947368421
M4_add_one__similarity_std_so_far,ridge,3,haoyu0512workout|hsianshun0514workout|yoru0511workout|yushuan0513workout|ziho0512workout,yanz0510workout,tsenyu0515workout,0.01,1.2959062552501146,12,275,1.2959062552501146,1.562408827556535,0.48908820738635006,0.689105030833679,0.21454545454545454,0.6363636363636364,281,1.5940817463186465,1.8959423086778078,0.134908708132215,0.806102023392687,0.1708185053380783,0.5373665480427047
M4_add_one__similarity_std_so_far,ridge,4,haoyu0512workout|hsianshun0514workout|tsenyu0515workout|yushuan0513workout|ziho0512workout,yoru0511workout,yanz0510workout,100.0,1.2136836727206457,12,285,1.2136836727206457,1.6705471949466073,0.18545354003279135,0.6946664713160526,0.28771929824561404,0.7333333333333333,275,1.269354808396105,1.5620641780963007,0.4893135850842083,0.7026244431907028,0.21818181818181817,0.6581818181818182
M4_add_one__similarity_std_so_far,ridge,5,haoyu0512workout|hsianshun0514workout|tsenyu0515workout|yanz0510workout|ziho0512workout,yushuan0513workout,yoru0511workout,0.01,0.7821477132458545,12,281,0.7821477132458545,1.0742186882659468,0.7346707622330552,0.8653318514507348,0.4875444839857651,0.8220640569395018,285,1.2277482580163914,1.6675405200637337,0.18838296632862994,0.7213682184866091,0.2912280701754386,0.7017543859649122
M4_add_one__similarity_std_so_far,ridge,6,haoyu0512workout|hsianshun0514workout|tsenyu0515workout|yanz0510workout|yoru0511workout,ziho0512workout,yushuan0513workout,0.01,1.4106635653913524,12,268,1.4106635653913524,1.6242761980304377,0.30877897431358614,0.854157850732447,0.1417910447761194,0.5410447761194029,281,0.954146926208374,1.289423905481448,0.6177115847301409,0.8241340940263985,0.3807829181494662,0.7900355871886121
M4_add_one__similarity_std_so_far,ridge,7,hsianshun0514workout|tsenyu0515workout|yanz0510workout|yoru0511workout|yushuan0513workout,haoyu0512workout,ziho0512workout,100.0,1.1983250073901845,12,289,1.1983250073901845,1.4731584368925845,0.5323922498566518,0.8220770486507216,0.2422145328719723,0.7058823529411765,268,1.4555799132918086,1.656869523968311,0.2807600551698609,0.8504109740547815,0.11940298507462686,0.5298507462686567
